nectar_id,date,temperature,humidity,audio_feature,varroa,honey_yield,health_score
366,2020-05-07,25.91981818181818,16.668090909090907,-8.231527272727272,0.0,25.0,85.0
433,2020-05-07,23.565728132933305,18.73905223478729,-8.617858912224017,0.0,25.0,85.0
433,2020-05-12,23.049999999999997,15.260000000000002,-5.0120000000000005,0.0,25.0,85.0
514,2020-05-07,25.196702127659574,15.84691489361702,-8.198893617021277,0.0,25.0,85.0
517,2020-05-07,25.545544717814337,16.716928228271946,-7.457237734750328,0.0,25.0,85.0
596,2020-05-08,24.57,20.444,-7.3952,0.0,25.0,85.0
597,2020-05-07,25.10087378640777,17.140873786407766,-8.188757281553398,0.0,25.0,85.0
599,2020-04-16,19.595,38.58,-3.292,0.0,25.0,85.0
602,2020-04-16,19.215714285714288,38.632619047619045,-8.927714285714286,0.0,25.0,85.0
602,2020-05-07,25.568363790504897,16.20285512434062,-7.452561510926903,0.0,25.0,85.0
617,2020-04-16,19.09,38.56,-8.55,0.0,25.0,85.0
617,2020-05-07,25.163752944502022,17.714892113445774,-9.12713492886083,0.0,25.0,85.0
659,2020-04-16,18.99,37.17,-5.113,0.0,25.0,85.0
659,2020-05-08,25.434961445418807,17.66195116419716,-8.038509676443907,0.0,25.0,85.0
661,2020-05-07,24.48,16.37,-5.943,0.0,25.0,85.0
661,2020-05-08,24.411875,18.145625,-0.06131250000000005,0.0,25.0,85.0
684,2020-04-16,18.66,37.84,-3.301,0.0,25.0,85.0
684,2020-05-07,25.886279419456066,18.084874476987448,-8.876552922332635,0.0,25.0,85.0
712,2020-05-07,25.318605107115534,15.715904265493496,-7.827385185539404,0.0,25.0,85.0
725,2020-05-07,24.54,20.625,-10.0,0.0,25.0,85.0
726,2020-05-07,24.636666666666667,18.296666666666667,-0.6723333333333333,0.0,25.0,85.0
726,2020-05-08,24.613333333333333,18.816666666666666,2.1763333333333335,0.0,25.0,85.0
752,2020-05-07,24.653333333333336,16.58,-6.528,0.0,25.0,85.0
752,2020-05-08,24.39333333333333,17.501666666666665,1.7778333333333334,0.0,25.0,85.0
763,2020-04-17,24.98,18.4,2.757,0.0,25.0,85.0
763,2020-05-07,24.725804491700117,17.309356623630247,-6.486064880112835,0.0,25.0,85.0
763,2020-05-08,24.2775,20.314999999999998,3.114,0.0,25.0,85.0
763,2020-05-10,23.170833333333334,17.626944444444444,2.726111111111111,0.0,25.0,85.0
763,2020-05-11,23.055625000000003,20.805104166666666,2.767291666666667,0.0,25.0,85.0
763,2020-05-12,22.950499999999998,20.290166666666668,2.4593833333333333,0.0,25.0,85.0
828,2020-04-16,18.33,38.13,2.35,0.0,25.0,85.0
894,2020-05-07,25.293797266050053,16.9603869695321,-8.298408732317736,0.0,25.0,85.0
894,2020-05-08,24.6975,19.8375,1.07625,0.0,25.0,85.0
913,2020-05-07,24.742626262626263,17.14040404040404,-7.190272727272727,0.0,25.0,85.0
957,2020-05-07,25.1299231716326,16.999703521300173,-7.477907461216449,0.0,25.0,85.0
957,2020-05-08,24.756,19.059,-5.2127,0.0,25.0,85.0
1004,2020-04-17,25.1377,19.3693,-8.5046,0.0,25.0,85.0
1004,2020-05-08,24.875238095238092,20.341904761904765,-2.1504081632653063,0.0,25.0,85.0
1192,2020-05-07,24.325763481046447,17.700251824168,-8.916202349172451,0.0,25.0,85.0
1192,2020-05-08,24.7475,19.3325,-10.0,0.0,25.0,85.0
1325,2020-05-07,25.57104361237255,17.2104601148145,-8.006877559763517,0.0,25.0,85.0
1325,2020-05-08,25.555000000000003,18.678333333333335,-1.8263333333333334,0.0,25.0,85.0
1382,2020-04-16,18.95,37.12,5.477,0.0,25.0,85.0
1382,2020-05-07,24.45949365743037,16.278162780809296,-8.478163028842747,0.0,25.0,85.0
1700,2020-04-16,18.83,35.555,-10.0,0.0,25.0,85.0
1780,2020-04-16,19.38,38.52,-5.069,0.0,25.0,85.0
2039,2020-05-26,36.746153846153845,43.643846153846155,14.062384615384616,0.0,50.2,85.0
2039,2020-05-27,36.553999999999995,50.29,1.5686,0.0,50.2,85.0
2039,2020-05-28,36.376666666666665,51.18,4.379333333333333,0.0,50.2,85.0
2039,2020-05-29,34.86,51.74333333333333,1.0893333333333333,0.0,50.2,85.0
2039,2020-05-30,34.56999999999999,51.709999999999994,-2.5789999999999997,0.0,50.2,85.0
2039,2020-05-31,31.82625,52.3725,0.7441249999999999,0.0,50.2,85.0
2039,2020-06-01,32.93642857142857,55.31214285714286,2.8489285714285715,0.0,50.2,85.0
2039,2020-06-02,35.3485,50.0555,5.33765,0.0,50.2,85.0
2039,2020-06-03,32.338,47.724000000000004,4.3108,0.0,50.2,85.0
2039,2020-06-04,34.33717948717949,48.227179487179484,1.9685897435897437,0.0,50.2,85.0
2039,2020-06-05,34.4605376344086,47.82956989247312,0.6224408602150537,0.0,50.2,85.0
2039,2020-06-06,34.563,49.14,-0.10457,0.0,50.2,85.0
2039,2020-06-07,34.6192,49.0512,-4.96956,0.0,50.2,85.0
2039,2020-06-08,34.86192307692308,50.14221153846154,-4.880307692307692,0.0,50.2,85.0
2039,2020-06-09,35.0208,50.830200000000005,-4.304069999999999,0.0,50.2,85.0
2039,2020-06-10,35.13127450980392,55.663039215686275,-2.505558823529412,0.0,50.2,85.0
2039,2020-06-11,35.193939393939395,58.71858585858586,-6.306686868686868,0.0,50.2,85.0
2039,2020-06-12,35.217474747474746,60.32474747474747,-4.702040404040404,0.0,50.2,85.0
2039,2020-06-13,35.015454545454546,63.47545454545454,-2.894787878787879,0.0,50.2,85.0
2039,2020-06-14,35.119902912621356,76.27990291262135,20.220019417475726,0.0,50.2,85.0
2039,2020-06-15,35.2198,76.8481,21.948420000000002,0.0,50.2,85.0
2039,2020-06-16,35.37732673267327,63.94059405940594,20.439099009900993,0.0,50.2,85.0
2039,2020-06-17,35.43254901960784,64.20362745098039,21.040843137254903,0.0,50.2,85.0
2039,2020-06-18,35.511134020618556,59.55144329896907,14.757268041237113,0.0,50.2,85.0
2039,2020-06-19,35.59019417475728,58.68242718446602,8.162961165048543,0.0,50.2,85.0
2039,2020-06-20,35.543232323232324,59.10545454545454,6.871434343434344,0.0,50.2,85.0
2039,2020-06-21,35.49989361702127,60.66531914893617,7.320425531914894,0.0,50.2,85.0
2039,2020-06-22,35.595544554455444,64.05049504950496,22.771405940594057,0.0,50.2,85.0
2039,2020-06-23,35.43817204301075,64.45161290322581,12.487720430107526,0.0,50.2,85.0
2039,2020-06-24,35.26821052631579,66.16842105263157,3.7772315789473683,0.0,50.2,85.0
2039,2020-06-25,35.14785714285715,65.23316326530613,1.1863775510204082,0.0,50.2,85.0
2039,2020-06-26,35.1442,62.8405,8.89661,0.0,50.2,85.0
2039,2020-06-27,35.1036,61.9172,10.776589999999999,0.0,50.2,85.0
2039,2020-06-28,35.1560396039604,61.24960396039604,7.299445544554456,0.0,50.2,85.0
2039,2020-06-29,35.148210526315786,61.76715789473684,9.784673684210526,0.0,50.2,85.0
2039,2020-06-30,35.1034693877551,61.941326530612244,7.76515306122449,0.0,50.2,85.0
2039,2020-07-01,35.16104166666667,61.94354166666667,5.5715,0.0,50.2,85.0
2039,2020-07-02,35.159565217391304,64.01326086956522,7.47591304347826,0.0,50.2,85.0
2039,2020-07-03,35.1839,62.981700000000004,4.02928,0.0,50.2,85.0
2039,2020-07-04,35.08642105263158,62.712,5.718705263157895,0.0,50.2,85.0
2039,2020-07-05,35.07255319148936,60.6672340425532,4.794457446808511,0.0,50.2,85.0
2039,2020-07-06,35.09556701030928,59.1319587628866,4.229835051546392,0.0,50.2,85.0
2039,2020-07-07,35.25957894736842,58.64631578947368,7.698926315789474,0.0,50.2,85.0
2039,2020-07-08,35.1180412371134,61.249381443298965,14.520536082474226,0.0,50.2,85.0
2039,2020-07-09,35.06821705426357,64.90170542635659,15.926496124031008,0.0,50.2,85.0
2039,2020-07-10,35.16821052631579,67.37136842105262,14.955557894736842,0.0,50.2,85.0
2039,2020-07-11,35.06515337423313,67.95184049079755,12.657901840490796,0.0,50.2,85.0
2039,2020-07-12,35.16644230769231,67.67798076923077,7.947057692307693,0.0,50.2,85.0
2039,2020-07-13,35.06169014084507,67.13788732394366,7.108971830985916,0.0,50.2,85.0
2039,2020-07-14,34.84472602739726,66.07705479452055,8.194883561643836,0.0,50.2,85.0
2039,2020-07-15,34.92944099378882,63.846770186335405,10.434776397515527,0.0,50.2,85.0
2039,2020-07-16,34.94281690140845,62.65690140845071,11.697035211267606,0.0,50.2,85.0
2039,2020-07-17,34.90992957746479,62.57485915492957,8.430281690140845,0.0,50.2,85.0
2039,2020-07-18,35.089999999999996,62.76135135135135,10.482036036036037,0.0,50.2,85.0
2039,2020-07-19,35.155519999999996,65.26056,11.517248,0.0,50.2,85.0
2039,2020-07-20,35.225420560747665,67.4603738317757,11.283897196261682,0.0,50.2,85.0
2039,2020-07-21,34.87481751824818,67.14664233576643,7.579649635036497,0.0,50.2,85.0
2039,2020-07-22,34.93848167539267,65.78198952879582,10.066465968586387,0.0,50.2,85.0
2039,2020-07-23,35.104817518248176,66.45824817518249,14.691394160583942,0.0,50.2,85.0
2039,2020-07-24,35.389096774193554,65.33858064516129,18.575354838709675,0.0,50.2,85.0
2039,2020-07-25,35.177175141242934,64.1745197740113,19.12250847457627,0.0,50.2,85.0
2039,2020-07-26,34.99976744186046,63.50488372093023,12.78306976744186,0.0,50.2,85.0
2039,2020-07-27,35.22573248407643,63.258471337579614,10.061191082802548,0.0,50.2,85.0
2039,2020-07-28,35.0931007751938,63.963100775193794,8.68215503875969,0.0,50.2,85.0
2039,2020-07-29,35.24864864864865,63.666486486486484,14.157801801801803,0.0,50.2,85.0
2039,2020-07-30,34.912625000000006,63.407624999999996,15.1628375,0.0,50.2,85.0
2039,2020-07-31,35.022,62.75322222222222,15.276744444444443,0.0,50.2,85.0
2039,2020-08-01,34.95466101694915,62.63466101694915,16.163067796610168,0.0,50.2,85.0
2039,2020-08-02,34.895,62.623555555555555,15.828344444444443,0.0,50.2,85.0
2039,2020-08-03,34.888297872340424,63.09085106382979,7.653127659574468,0.0,50.2,85.0
2039,2020-08-04,34.87204968944099,61.66366459627329,7.863142857142858,0.0,50.2,85.0
2039,2020-08-05,34.93234899328859,61.115167785234895,8.262369127516779,0.0,50.2,85.0
2039,2020-08-06,35.285266666666665,60.374,12.202846666666666,0.0,50.2,85.0
2039,2020-08-07,35.43107142857143,60.88158163265307,8.242188775510204,0.0,50.2,85.0
2039,2020-08-08,34.78,60.2108547008547,6.817128205128205,0.0,50.2,85.0
2039,2020-08-09,34.826337209302324,59.08116279069767,10.107005813953489,0.0,50.2,85.0
2039,2020-08-10,34.848,60.013052631578944,9.596015789473684,0.0,50.2,85.0
2039,2020-08-11,35.07576271186441,61.35254237288135,9.944093220338983,0.0,50.2,85.0
2039,2020-08-12,34.92248,62.740559999999995,3.095416,0.0,50.2,85.0
2039,2020-08-13,34.86808,62.04752,-0.919688,0.0,50.2,85.0
2039,2020-08-14,34.72226086956522,60.46634782608696,-0.7627652173913044,0.0,50.2,85.0
2039,2020-08-15,34.705040000000004,58.445519999999995,2.205272,0.0,50.2,85.0
2039,2020-08-16,34.73645390070922,58.05751773049645,2.0723191489361703,0.0,50.2,85.0
2039,2020-08-17,34.66670731707317,58.39439024390244,-0.18634756097560976,0.0,50.2,85.0
2039,2020-08-18,34.49059259259259,58.17666666666667,-2.176674074074074,0.0,50.2,85.0
2039,2020-08-19,34.32291338582677,57.07559055118111,-2.197283464566929,0.0,50.2,85.0
2039,2020-08-20,34.31154320987655,55.36234567901235,-2.428777777777778,0.0,50.2,85.0
2039,2020-08-21,34.50774725274725,54.99736263736264,-3.5662802197802197,0.0,50.2,85.0
2039,2020-08-22,34.550858895705524,56.13858895705521,-5.017754601226994,0.0,50.2,85.0
2039,2020-08-23,34.339933774834435,57.18059602649007,-2.0120529801324505,0.0,50.2,85.0
2039,2020-08-24,34.319150326797384,57.756470588235295,-1.4187581699346405,0.0,50.2,85.0
2039,2020-08-25,34.37417647058823,58.05694117647059,-2.521641176470588,0.0,50.2,85.0
2039,2020-08-26,33.7444776119403,57.488432835820895,-1.0967835820895522,0.0,50.2,85.0
2039,2020-08-27,33.64176470588235,55.1144537815126,2.0678571428571426,0.0,50.2,85.0
2039,2020-08-28,33.909,53.86583333333333,3.8876833333333334,0.0,50.2,85.0
2039,2020-08-29,33.596569767441856,54.2496511627907,5.102761627906976,0.0,50.2,85.0
2039,2020-08-30,33.41566666666667,54.8764,4.245706666666667,0.0,50.2,85.0
2039,2020-08-31,33.42398843930636,53.8514450867052,3.646705202312139,0.0,50.2,85.0
2039,2020-09-01,34.099263803680984,53.56036809815951,3.8412944785276073,0.0,50.2,85.0
2039,2020-09-02,34.032105263157895,55.378223684210525,3.1236315789473688,0.0,50.2,85.0
2039,2020-09-03,33.73091503267974,55.66745098039216,2.0210130718954247,0.0,50.2,85.0
2039,2020-09-04,34.09457142857143,55.64971428571429,3.6976642857142856,0.0,50.2,85.0
2039,2020-09-05,33.80242105263158,54.87063157894737,4.511852631578948,0.0,50.2,85.0
2039,2020-09-06,33.65796511627907,54.34296511627907,6.063441860465116,0.0,50.2,85.0
2039,2020-09-07,33.55616216216217,54.25691891891892,4.470005405405406,0.0,50.2,85.0
2039,2020-09-08,33.98157534246575,55.10178082191781,2.039171232876712,0.0,50.2,85.0
2039,2020-09-09,33.61006944444445,55.34263888888889,5.456972222222222,0.0,50.2,85.0
2039,2020-09-10,32.53984,55.4124,3.170696,0.0,50.2,85.0
2039,2020-09-11,32.6497972972973,54.94966216216216,4.361520270270271,0.0,50.2,85.0
2039,2020-09-12,32.8194696969697,54.21242424242424,4.390431818181819,0.0,50.2,85.0
2039,2020-09-13,32.91730496453901,55.21255319148936,4.922723404255319,0.0,50.2,85.0
2039,2020-09-14,31.54733333333333,56.31755555555556,2.9914722222222223,0.0,50.2,85.0
2039,2020-09-15,29.596686390532547,56.29556213017752,7.275662721893491,0.0,50.2,85.0
2039,2020-09-16,30.8234375,54.3071875,5.39884375,0.0,50.2,85.0
2039,2020-09-17,32.06326315789474,53.63978947368421,9.014726315789474,0.0,50.2,85.0
2039,2020-09-18,34.645833333333336,47.23052083333334,15.125020833333332,0.0,50.2,85.0
2039,2020-09-19,33.10090909090909,41.648787878787886,10.926545454545455,0.0,50.2,85.0
2039,2020-09-20,30.039306930693066,40.63356435643564,9.826138613861387,0.0,50.2,85.0
2039,2020-09-21,28.02778947368421,40.275894736842105,7.371442105263158,0.0,50.2,85.0
2039,2020-09-22,30.505408163265308,39.74377551020408,8.22315306122449,0.0,50.2,85.0
2039,2020-09-23,33.47958762886598,39.626804123711345,11.793402061855671,0.0,50.2,85.0
2039,2020-09-24,34.162142857142854,40.4119387755102,11.802673469387756,0.0,50.2,85.0
2039,2020-09-25,32.220104166666665,40.053020833333335,10.981885416666666,0.0,50.2,85.0
2039,2020-09-26,34.00217821782178,40.00732673267327,10.238346534653466,0.0,50.2,85.0
2039,2020-09-27,34.686764705882354,40.99176470588235,10.18086274509804,0.0,50.2,85.0
2039,2020-09-28,33.92234693877551,42.32163265306123,6.816326530612245,0.0,50.2,85.0
2039,2020-09-29,32.763260869565215,44.23086956521739,6.833597826086957,0.0,50.2,85.0
2039,2020-09-30,27.164591836734694,46.72591836734694,-0.8418469387755102,0.0,50.2,85.0
2039,2020-10-01,25.28281690140845,48.18971830985915,1.1023239436619718,0.0,50.2,85.0
2039,2020-10-02,24.320833333333336,49.659166666666664,1.303625,0.0,50.2,85.0
2039,2020-10-03,23.639166666666668,50.63597222222222,3.4576666666666664,0.0,50.2,85.0
2039,2020-10-04,22.74448979591837,51.50295918367347,3.943867346938776,0.0,50.2,85.0
2039,2020-10-05,24.415833333333335,52.12291666666667,4.578541666666667,0.0,50.2,85.0
2039,2020-10-06,21.576701030927836,53.470412371134024,1.7787835051546392,0.0,50.2,85.0
2039,2020-10-07,19.454742268041237,54.749896907216495,-3.6446494845360826,0.0,50.2,85.0
2039,2020-10-08,15.022967032967031,57.435054945054944,0.23395604395604394,0.0,50.2,85.0
2039,2020-10-09,14.173483146067417,58.11247191011236,3.5989999999999998,0.0,50.2,85.0
2039,2020-10-10,18.47068181818182,58.50284090909091,1.4727954545454545,0.0,50.2,85.0
2039,2020-10-11,16.868333333333336,61.51739583333333,0.4048125,0.0,50.2,85.0
2039,2020-10-12,14.604444444444445,62.30861111111111,3.3017777777777777,0.0,50.2,85.0
2039,2020-10-13,14.446071428571429,63.488928571428566,2.0965238095238097,0.0,50.2,85.0
2039,2020-10-14,15.83043956043956,64.35989010989012,3.341791208791209,0.0,50.2,85.0
2039,2020-10-15,16.36129411764706,66.24529411764706,2.681117647058824,0.0,50.2,85.0
2039,2020-10-16,17.436666666666664,67.68382716049383,-1.833148148148148,0.0,50.2,85.0
2039,2020-10-17,15.736039603960394,69.00722772277229,-0.48225742574257424,0.0,50.2,85.0
2039,2020-10-18,13.824411764705882,69.95,5.542205882352942,0.0,50.2,85.0
2039,2020-10-19,15.402282608695652,69.47923913043478,0.9555434782608695,0.0,50.2,85.0
2039,2020-10-20,29.637222222222224,58.44833333333333,-6.990500000000001,0.0,50.2,85.0
2039,2020-11-02,29.88794871794872,41.53692307692308,-7.074307692307693,0.0,50.2,85.0
2039,2020-11-03,25.60377777777778,57.44555555555556,-7.3164444444444445,0.0,50.2,85.0
2039,2020-11-05,9.259677419354839,70.94677419354839,1.4155806451612902,0.0,50.2,85.0
2040,2020-05-26,33.98384615384616,44.39153846153847,-2.94,0.0,42.1,85.0
2040,2020-05-27,33.19,51.230000000000004,-2.2104999999999997,0.0,42.1,85.0
2040,2020-05-30,29.326,62.012,-3.4094,0.0,42.1,85.0
2040,2020-05-31,26.919999999999998,73.00666666666667,-10.0,0.0,42.1,85.0
2040,2020-06-01,28.18,73.83,-9.964,0.0,42.1,85.0
2040,2020-06-02,32.02529411764706,65.25823529411764,-7.176294117647059,0.0,42.1,85.0
2040,2020-06-03,25.99153846153846,71.59307692307692,-9.164846153846154,0.0,42.1,85.0
2040,2020-06-04,28.729268292682928,63.583414634146344,-3.279853658536585,0.0,42.1,85.0
2040,2020-06-05,28.491999999999997,63.52231578947368,-5.222926315789474,0.0,42.1,85.0
2040,2020-06-06,26.98969387755102,61.0054081632653,-6.493020408163265,0.0,42.1,85.0
2040,2020-06-07,26.981894736842108,63.362,-8.377242105263157,0.0,42.1,85.0
2040,2020-06-08,25.905900000000003,59.9239,-8.70822,0.0,42.1,85.0
2040,2020-06-09,29.387551020408164,59.52663265306122,-9.350336734693878,0.0,42.1,85.0
2040,2020-06-10,31.904356435643567,49.55930693069307,-10.0,0.0,42.1,85.0
2040,2020-06-11,31.289714285714286,49.90247619047619,-10.0,0.0,42.1,85.0
2040,2020-06-12,31.748846153846156,53.84153846153846,-9.821163461538461,0.0,42.1,85.0
2040,2020-06-13,31.43173076923077,51.269807692307694,-10.0,0.0,42.1,85.0
2040,2020-06-14,31.23819047619048,51.28561904761904,-10.0,0.0,42.1,85.0
2040,2020-06-15,32.72432692307692,48.78778846153846,-10.0,0.0,42.1,85.0
2040,2020-06-16,32.89894230769231,48.003557692307695,-10.0,0.0,42.1,85.0
2040,2020-06-17,33.60575757575757,47.803636363636365,-9.868787878787879,0.0,42.1,85.0
2040,2020-06-18,33.796019417475726,49.021747572815535,-9.73104854368932,0.0,42.1,85.0
2040,2020-06-19,34.115445544554454,51.63742574257426,-3.0724752475247525,0.0,42.1,85.0
2040,2020-06-20,34.287628865979386,55.26958762886598,-2.880505154639175,0.0,42.1,85.0
2040,2020-06-21,34.61425742574257,57.54445544554455,-2.200118811881188,0.0,42.1,85.0
2040,2020-06-22,34.637029702970295,60.693267326732666,3.5205742574257424,0.0,42.1,85.0
2040,2020-06-23,34.760999999999996,62.71311111111111,12.399277777777778,0.0,42.1,85.0
2040,2020-06-24,34.43214285714286,66.6095918367347,9.695051020408163,0.0,42.1,85.0
2040,2020-06-25,34.60141414141414,67.39020202020203,1.1739494949494949,0.0,42.1,85.0
2040,2020-06-26,34.90336633663366,67.41792079207922,-1.0925841584158416,0.0,42.1,85.0
2040,2020-06-27,34.8589898989899,65.99373737373737,-1.0126969696969697,0.0,42.1,85.0
2040,2020-06-28,34.91712871287129,67.2959405940594,-0.2149504950495049,0.0,42.1,85.0
2040,2020-06-29,34.940673076923076,71.84221153846154,18.775192307692308,0.0,42.1,85.0
2040,2020-06-30,34.93020618556701,73.46350515463918,25.940082474226806,0.0,42.1,85.0
2040,2020-07-01,34.976831683168314,73.0119801980198,27.939089108910892,0.0,42.1,85.0
2040,2020-07-02,34.73932584269663,76.30314606741572,30.63116853932584,0.0,42.1,85.0
2040,2020-07-03,34.82836734693878,78.6041836734694,30.0915,0.0,42.1,85.0
2040,2020-07-04,34.7436,82.6594,29.886819999999997,0.0,42.1,85.0
2040,2020-07-05,34.73864197530864,80.47567901234568,28.761975308641972,0.0,42.1,85.0
2040,2020-07-06,34.78515789473684,76.99157894736842,28.943905263157895,0.0,42.1,85.0
2040,2020-07-07,35.02135416666667,77.3959375,28.386802083333333,0.0,42.1,85.0
2040,2020-07-08,35.27835051546392,75.50907216494845,27.44064948453608,0.0,42.1,85.0
2040,2020-07-09,35.1587969924812,77.66714285714285,30.399466165413532,0.0,42.1,85.0
2040,2020-07-10,35.06970297029703,77.13623762376238,30.376425742574256,0.0,42.1,85.0
2040,2020-07-11,34.96175257731959,68.02216494845361,25.99452577319588,0.0,42.1,85.0
2040,2020-07-12,35.34168224299065,67.00130841121495,21.27988785046729,0.0,42.1,85.0
2040,2020-07-13,35.03315789473684,64.7142105263158,23.358649122807016,0.0,42.1,85.0
2040,2020-07-14,34.86355072463768,62.78434782608696,23.784971014492754,0.0,42.1,85.0
2040,2020-07-15,34.906592592592595,60.05881481481481,20.601629629629628,0.0,42.1,85.0
2040,2020-07-16,34.854887218045114,60.300300751879696,20.95863909774436,0.0,42.1,85.0
2040,2020-07-17,34.85481132075472,61.27556603773585,19.92096226415094,0.0,42.1,85.0
2040,2020-07-18,35.08302752293578,62.98275229357798,17.949330275229357,0.0,42.1,85.0
2040,2020-07-19,34.96290909090909,66.8630909090909,23.160572727272726,0.0,42.1,85.0
2040,2020-07-20,35.08307692307692,66.3942735042735,19.740931623931623,0.0,42.1,85.0
2040,2020-07-21,34.9094776119403,64.45514925373134,21.677007462686568,0.0,42.1,85.0
2040,2020-07-22,34.87902564102564,65.39461538461539,23.58085128205128,0.0,42.1,85.0
2040,2020-07-23,34.93086956521739,67.74862318840579,24.39776811594203,0.0,42.1,85.0
2040,2020-07-24,35.07389221556886,66.1008383233533,22.675910179640717,0.0,42.1,85.0
2040,2020-07-25,34.90827067669173,66.29902255639098,24.21090977443609,0.0,42.1,85.0
2040,2020-07-26,34.855,67.19205882352942,24.58291911764706,0.0,42.1,85.0
2040,2020-07-27,35.09621212121212,64.51931818181818,18.441431818181815,0.0,42.1,85.0
2040,2020-07-28,34.95315315315315,63.46621621621622,17.545351351351353,0.0,42.1,85.0
2040,2020-07-29,35.025,65.15932692307692,20.640326923076923,0.0,42.1,85.0
2040,2020-07-30,34.7809375,64.65552083333334,21.45885416666667,0.0,42.1,85.0
2040,2020-07-31,34.854431818181816,65.44079545454545,21.651,0.0,42.1,85.0
2040,2020-08-01,34.67992753623189,68.20528985507246,24.54789855072464,0.0,42.1,85.0
2040,2020-08-02,34.69609523809524,67.80876190476191,24.895761904761905,0.0,42.1,85.0
2040,2020-08-03,34.817840909090904,65.54011363636363,18.55021590909091,0.0,42.1,85.0
2040,2020-08-04,34.78191780821918,61.49897260273973,13.876219178082193,0.0,42.1,85.0
2040,2020-08-05,34.86957671957672,61.93285714285714,15.36242328042328,0.0,42.1,85.0
2040,2020-08-06,34.60217592592593,60.440694444444446,10.658273148148147,0.0,42.1,85.0
2040,2020-08-07,34.70969072164949,57.955412371134024,7.894639175257732,0.0,42.1,85.0
2040,2020-08-08,34.66886956521739,56.584434782608696,9.836521739130434,0.0,42.1,85.0
2040,2020-08-09,34.67526011560693,57.711156069364165,10.111491329479769,0.0,42.1,85.0
2040,2020-08-10,34.62110497237569,57.792375690607734,11.591657458563537,0.0,42.1,85.0
2040,2020-08-11,34.89234693877551,60.539591836734694,14.549469387755101,0.0,42.1,85.0
2040,2020-08-12,34.74764705882353,61.44714285714286,23.34309243697479,0.0,42.1,85.0
2040,2020-08-13,34.7615,60.324285714285715,-3.830692857142857,0.0,42.1,85.0
2040,2020-08-14,34.6663,59.169200000000004,-10.0,0.0,42.1,85.0
2040,2020-08-15,34.67693430656934,59.07715328467153,-10.0,0.0,42.1,85.0
2040,2020-08-16,34.75933333333333,59.696200000000005,-9.876986666666667,0.0,42.1,85.0
2040,2020-08-17,34.68380281690141,60.339366197183104,-9.978042253521128,0.0,42.1,85.0
2040,2020-08-18,34.526014492753625,60.504710144927536,-9.97400724637681,0.0,42.1,85.0
2040,2020-08-19,34.48157024793388,60.11495867768595,-9.987,0.0,42.1,85.0
2040,2020-08-20,34.59448979591837,59.5856462585034,-9.909755102040815,0.0,42.1,85.0
2040,2020-08-21,34.67844155844156,59.6474025974026,-9.868272727272727,0.0,42.1,85.0
2040,2020-08-22,34.65530769230769,59.78569230769231,-10.0,0.0,42.1,85.0
2040,2020-08-23,34.596622516556295,59.81602649006622,-10.0,0.0,42.1,85.0
2040,2020-08-24,34.47414201183432,61.19840236686391,-10.0,0.0,42.1,85.0
2040,2020-08-25,34.54497041420119,61.86343195266272,-10.0,0.0,42.1,85.0
2040,2020-08-26,34.19531034482758,59.250275862068975,-10.0,0.0,42.1,85.0
2040,2020-08-27,34.16276190476191,55.99285714285714,-10.0,0.0,42.1,85.0
2040,2020-08-28,34.4268275862069,57.456758620689655,-10.0,0.0,42.1,85.0
2040,2020-08-29,34.08639097744361,57.68887218045113,-10.0,0.0,42.1,85.0
2040,2020-08-30,33.783397435897434,58.04314102564102,-10.0,0.0,42.1,85.0
2040,2020-08-31,33.85315476190476,56.5939880952381,-10.0,0.0,42.1,85.0
2040,2020-09-01,34.234685314685315,58.29545454545455,-10.0,0.0,42.1,85.0
2040,2020-09-02,33.88263513513514,59.7472972972973,-10.0,0.0,42.1,85.0
2040,2020-09-03,33.62563758389262,59.24838926174497,-10.0,0.0,42.1,85.0
2040,2020-09-04,34.3012213740458,58.05839694656488,-10.0,0.0,42.1,85.0
2040,2020-09-05,34.09916666666667,56.51197916666666,-10.0,0.0,42.1,85.0
2040,2020-09-06,33.97031413612565,56.139057591623036,-9.991560209424083,0.0,42.1,85.0
2040,2020-09-07,33.774497354497356,56.848888888888894,-10.0,0.0,42.1,85.0
2040,2020-09-08,34.105340909090906,58.16102272727273,-10.0,0.0,42.1,85.0
2040,2020-09-09,33.76,58.84601307189543,-9.955607843137255,0.0,42.1,85.0
2040,2020-09-10,33.21515384615385,58.57261538461538,-10.0,0.0,42.1,85.0
2040,2020-09-11,33.285182481751825,57.839197080291974,-10.0,0.0,42.1,85.0
2040,2020-09-12,34.04915492957746,58.304577464788736,-10.0,0.0,42.1,85.0
2040,2020-09-13,33.229784172661866,61.239352517985616,-9.959978417266186,0.0,42.1,85.0
2040,2020-09-14,33.069010416666664,61.471927083333334,-10.0,0.0,42.1,85.0
2040,2020-09-15,33.16605095541401,60.307452229299365,-10.0,0.0,42.1,85.0
2040,2020-09-16,33.08078431372549,59.81578431372549,-10.0,0.0,42.1,85.0
2040,2020-09-17,33.83637362637363,58.44175824175824,-6.332923076923078,0.0,42.1,85.0
2040,2020-09-18,34.85421568627451,53.11372549019608,17.825892156862746,0.0,42.1,85.0
2040,2020-09-19,35.15546391752577,49.0959793814433,11.930752577319586,0.0,42.1,85.0
2040,2020-09-20,34.655520833333334,48.19927083333334,2.993979166666667,0.0,42.1,85.0
2040,2020-09-21,33.22204081632653,47.23081632653061,7.172724489795918,0.0,42.1,85.0
2040,2020-09-22,27.85236559139785,48.07956989247312,12.323548387096773,0.0,42.1,85.0
2040,2020-09-23,29.82683673469388,45.96551020408163,14.584367346938777,0.0,42.1,85.0
2040,2020-09-24,29.78561224489796,45.72673469387755,14.473724489795918,0.0,42.1,85.0
2040,2020-09-25,29.755306122448978,44.73091836734694,11.095612244897959,0.0,42.1,85.0
2040,2020-09-26,28.886041666666667,43.9925,4.582614583333333,0.0,42.1,85.0
2040,2020-09-27,31.513365384615383,44.28615384615385,3.795634615384615,0.0,42.1,85.0
2040,2020-09-28,28.582164948453606,46.96185567010309,-0.2217113402061856,0.0,42.1,85.0
2040,2020-09-29,28.83569892473118,49.079892473118285,-6.188215053763441,0.0,42.1,85.0
2040,2020-09-30,26.609615384615385,51.23471153846154,-9.162086538461539,0.0,42.1,85.0
2040,2020-10-01,24.84536231884058,52.776376811594204,-8.740623188405797,0.0,42.1,85.0
2040,2020-10-02,22.00828282828283,54.49141414141414,-9.118555555555556,0.0,42.1,85.0
2040,2020-10-03,21.426962025316456,56.24556962025316,-8.3313417721519,0.0,42.1,85.0
2040,2020-10-04,20.186161616161616,58.23646464646465,-6.455717171717172,0.0,42.1,85.0
2040,2020-10-05,20.464059405940592,59.469306930693065,-4.819841584158415,0.0,42.1,85.0
2040,2020-10-06,20.159,60.94333333333333,-4.839677777777777,0.0,42.1,85.0
2040,2020-10-07,18.6443,61.7575,-8.902519999999999,0.0,42.1,85.0
2040,2020-10-08,15.180752688172042,63.688709677419354,-7.613333333333333,0.0,42.1,85.0
2040,2020-10-09,13.211011235955056,64.21865168539325,-6.003370786516854,0.0,42.1,85.0
2040,2020-10-10,17.732000000000003,63.02344444444444,-7.017755555555555,0.0,42.1,85.0
2040,2020-10-11,16.809368421052632,65.35094736842106,-7.431221052631579,0.0,42.1,85.0
2040,2020-10-12,13.466756756756757,65.55675675675676,-7.128432432432433,0.0,42.1,85.0
2040,2020-10-13,12.777582417582417,65.79307692307692,-8.792538461538461,0.0,42.1,85.0
2040,2020-10-14,14.643571428571429,65.42071428571428,-8.082357142857143,0.0,42.1,85.0
2040,2020-10-15,15.421086956521739,67.04923913043478,-7.277391304347826,0.0,42.1,85.0
2040,2020-10-16,17.162736842105264,68.10905263157895,-8.831589473684211,0.0,42.1,85.0
2040,2020-10-17,15.190208333333333,70.03333333333333,-9.133916666666666,0.0,42.1,85.0
2040,2020-10-18,12.708865979381443,71.2920618556701,-7.864690721649485,0.0,42.1,85.0
2040,2020-10-19,15.856770833333334,70.73020833333334,-8.260916666666667,0.0,42.1,85.0
2040,2020-11-02,28.53090909090909,42.375454545454545,-5.081666666666666,0.0,42.1,85.0
2040,2020-11-03,26.615471698113204,55.84603773584906,-7.555905660377358,0.0,42.1,85.0
2040,2020-11-04,5.965,72.43333333333334,-6.665,0.0,42.1,85.0
2040,2020-11-05,8.928749999999999,70.9096875,-3.7099166666666665,0.0,42.1,85.0
2043,2020-05-26,35.885000000000005,45.135000000000005,13.700499999999998,1.49,35.0,82.02
2043,2020-05-27,33.555,58.85166666666667,7.315833333333333,1.49,35.0,82.02
2043,2020-05-28,33.515,57.99,-2.4,1.49,35.0,82.02
2043,2020-05-29,32.59,60.115,-9.42425,1.49,35.0,82.02
2043,2020-05-30,32.525,61.0,-9.06175,1.49,35.0,82.02
2043,2020-05-31,27.86,64.555,-9.777000000000001,1.49,35.0,82.02
2043,2020-06-01,33.89714285714286,52.17857142857143,-9.873999999999999,1.49,35.0,82.02
2043,2020-06-02,31.685000000000002,56.63,-9.473611111111111,1.49,35.0,82.02
2043,2020-06-03,30.86923076923077,56.79461538461539,-9.638769230769231,1.49,35.0,82.02
2043,2020-06-04,34.75805555555556,53.55416666666667,-9.768638888888889,1.49,35.0,82.02
2043,2020-06-05,32.78350515463917,57.02979381443299,-9.880391752577319,1.49,35.0,82.02
2043,2020-06-06,31.567254901960787,59.9114705882353,-9.997911764705883,1.49,35.0,82.02
2043,2020-06-07,31.12572916666667,62.63510416666667,-10.0,1.49,35.0,82.02
2043,2020-06-08,31.724545454545456,60.9239393939394,-9.988232323232324,1.49,35.0,82.02
2043,2020-06-09,32.92978947368421,58.40557894736842,-9.6144,1.49,35.0,82.02
2043,2020-06-10,32.62732673267327,56.804455445544555,-7.776653465346535,1.49,35.0,82.02
2043,2020-06-11,34.39242424242424,50.000505050505055,-6.251535353535354,1.49,35.0,82.02
2043,2020-06-12,34.776199999999996,47.8614,-5.62898,1.49,35.0,82.02
2043,2020-06-13,34.663,45.84981818181818,-4.810490909090909,1.49,35.0,82.02
2043,2020-06-14,34.65018018018018,45.63225225225226,-7.56463963963964,1.49,35.0,82.02
2043,2020-06-15,34.9860396039604,46.76425742574257,-6.484138613861386,1.49,35.0,82.02
2043,2020-06-16,35.2224,49.3861,-1.4894900000000002,1.49,35.0,82.02
2043,2020-06-17,35.20051020408163,50.8284693877551,5.414765306122449,1.49,35.0,82.02
2043,2020-06-18,35.307884615384616,51.010576923076925,9.023644230769232,1.49,35.0,82.02
2043,2020-06-19,35.162121212121214,51.68434343434343,6.436313131313132,1.49,35.0,82.02
2043,2020-06-20,35.088846153846156,52.948750000000004,5.552999999999999,1.49,35.0,82.02
2043,2020-06-21,35.03896907216495,54.20701030927835,2.960154639175258,1.49,35.0,82.02
2043,2020-06-22,35.1732,55.8561,4.18202,1.49,35.0,82.02
2043,2020-06-23,35.410927835051545,57.37752577319588,6.672422680412371,1.49,35.0,82.02
2043,2020-06-24,35.200520833333336,61.07989583333333,11.167447916666667,1.49,35.0,82.02
2043,2020-06-25,35.2090625,59.91916666666666,7.85346875,1.49,35.0,82.02
2043,2020-06-26,34.987040816326534,58.393367346938774,10.37495918367347,1.49,35.0,82.02
2043,2020-06-27,35.0652808988764,58.85797752808988,11.130359550561797,1.49,35.0,82.02
2043,2020-06-28,35.11276315789474,59.81815789473685,11.175842105263158,1.49,35.0,82.02
2043,2020-06-29,34.82567010309278,61.59917525773196,9.40342268041237,1.49,35.0,82.02
2043,2020-06-30,34.789791666666666,62.5425,10.810760416666668,1.49,35.0,82.02
2043,2020-07-01,34.74346153846154,63.950192307692305,15.218596153846153,1.49,35.0,82.02
2043,2020-07-02,34.85806818181818,65.6125,15.88715909090909,1.49,35.0,82.02
2043,2020-07-03,34.88697674418605,65.53697674418605,13.646476744186046,1.49,35.0,82.02
2043,2020-07-04,34.80163043478261,64.52782608695652,12.701326086956522,1.49,35.0,82.02
2043,2020-07-05,34.9189898989899,61.88757575757575,7.564919191919192,1.49,35.0,82.02
2043,2020-07-06,35.311030927835056,60.78577319587629,6.857546391752577,1.49,35.0,82.02
2043,2020-07-07,34.98159574468085,60.14372340425532,9.862797872340424,1.49,35.0,82.02
2043,2020-07-08,35.053125,60.5503125,11.813479166666667,1.49,35.0,82.02
2043,2020-07-09,35.301415929203536,62.10123893805309,8.098796460176992,1.49,35.0,82.02
2043,2020-07-10,35.35449541284404,63.68669724770643,9.995458715596332,1.49,35.0,82.02
2043,2020-07-11,34.93963302752294,64.82293577981652,5.277844036697247,1.49,35.0,82.02
2043,2020-07-12,35.231913043478265,64.71156521739131,2.4064260869565217,1.49,35.0,82.02
2043,2020-07-13,35.09269230769231,63.68946153846153,0.5232307692307692,1.49,35.0,82.02
2043,2020-07-14,35.03378571428571,61.50828571428571,-2.1657785714285716,1.49,35.0,82.02
2043,2020-07-15,35.097524752475245,58.92158415841584,0.4295247524752476,1.49,35.0,82.02
2043,2020-07-16,34.99544554455446,59.006336633663366,4.018940594059406,1.49,35.0,82.02
2043,2020-07-17,34.96633333333333,59.71133333333333,3.750525,1.49,35.0,82.02
2043,2020-07-18,35.15551401869159,60.531775700934574,4.728476635514019,1.49,35.0,82.02
2043,2020-07-19,35.15481132075472,62.266132075471695,5.1920283018867925,1.49,35.0,82.02
2043,2020-07-20,35.353,63.59345454545454,9.685154545454544,1.49,35.0,82.02
2043,2020-07-21,35.483963963963966,62.84495495495496,15.979855855855854,1.49,35.0,82.02
2043,2020-07-22,35.293749999999996,61.41166666666667,14.418489583333333,1.49,35.0,82.02
2043,2020-07-23,35.223703703703706,61.19833333333333,14.997444444444444,1.49,35.0,82.02
2043,2020-07-24,35.17444444444445,60.85087301587301,15.685777777777776,1.49,35.0,82.02
2043,2020-07-25,35.087413793103444,60.415258620689656,15.42123275862069,1.49,35.0,82.02
2043,2020-07-26,35.016525423728815,60.84881355932203,15.010415254237289,1.49,35.0,82.02
2043,2020-07-27,35.1012389380531,62.41920353982301,14.84541592920354,1.49,35.0,82.02
2043,2020-07-28,35.0916149068323,63.49018633540373,14.592652173913043,1.49,35.0,82.02
2043,2020-07-29,34.87039735099338,63.044701986754966,15.111536423841061,1.49,35.0,82.02
2043,2020-07-30,34.928695652173914,61.74231884057971,14.17573188405797,1.49,35.0,82.02
2043,2020-07-31,34.996912751677854,61.03201342281879,14.518308724832215,1.49,35.0,82.02
2043,2020-08-01,34.88963963963964,60.214594594594594,15.476036036036035,1.49,35.0,82.02
2043,2020-08-02,34.935483870967744,60.61693548387097,15.67366129032258,1.49,35.0,82.02
2043,2020-08-03,35.150198019801984,62.3380198019802,5.65080198019802,1.49,35.0,82.02
2043,2020-08-04,34.84622641509434,63.84899371069182,-8.339591194968552,1.49,35.0,82.02
2043,2020-08-05,34.73506756756757,63.657364864864874,-8.520418918918919,1.49,35.0,82.02
2043,2020-08-06,34.782847222222216,61.55736111111111,-5.595291666666666,1.49,35.0,82.02
2043,2020-08-07,34.898545454545456,61.534181818181814,-4.463618181818181,1.49,35.0,82.02
2043,2020-08-08,34.8480198019802,62.43376237623763,-2.9057326732673268,1.49,35.0,82.02
2043,2020-08-09,34.83148148148148,62.63748148148148,-6.9374,1.49,35.0,82.02
2043,2020-08-10,34.90075342465754,62.82671232876713,-6.95482191780822,1.49,35.0,82.02
2043,2020-08-11,34.99348214285714,63.10955357142858,-5.150053571428572,1.49,35.0,82.02
2043,2020-08-12,34.70839160839161,64.19552447552446,-2.676216783216783,1.49,35.0,82.02
2043,2020-08-13,34.896766917293235,63.43669172932331,-0.12377443609022556,1.49,35.0,82.02
2043,2020-08-14,34.69271028037383,62.510373831775695,-1.496859813084112,1.49,35.0,82.02
2043,2020-08-15,34.68488,61.93296,-0.9163519999999999,1.49,35.0,82.02
2043,2020-08-16,34.778958333333335,62.162499999999994,-0.1897916666666667,1.49,35.0,82.02
2043,2020-08-17,34.549239766081875,62.56818713450292,-3.9352280701754383,1.49,35.0,82.02
2043,2020-08-18,34.60543046357616,61.955231788079466,-7.257158940397351,1.49,35.0,82.02
2043,2020-08-19,34.54879781420765,60.570546448087434,-3.7102568306010926,1.49,35.0,82.02
2043,2020-08-20,34.76409937888199,59.43099378881987,-5.048894409937888,1.49,35.0,82.02
2043,2020-08-21,34.53763888888889,61.03,-9.490256944444445,1.49,35.0,82.02
2043,2020-08-22,34.438490566037736,61.98157232704402,-8.715308176100628,1.49,35.0,82.02
2043,2020-08-23,34.309304347826085,63.152434782608694,-8.274678260869566,1.49,35.0,82.02
2043,2020-08-24,34.48869822485207,63.03165680473373,-9.745875739644971,1.49,35.0,82.02
2043,2020-08-25,34.51068965517241,62.87965517241379,-9.94762643678161,1.49,35.0,82.02
2043,2020-08-26,34.29926666666667,60.67486666666667,-9.509146666666668,1.49,35.0,82.02
2043,2020-08-27,34.1694262295082,58.5,-9.799229508196722,1.49,35.0,82.02
2043,2020-08-28,34.25387931034483,60.35801724137931,-9.73921551724138,1.49,35.0,82.02
2043,2020-08-29,33.957410714285714,62.27526785714286,-9.944830357142857,1.49,35.0,82.02
2043,2020-08-30,33.8444776119403,63.27783582089552,-10.0,1.49,35.0,82.02
2043,2020-08-31,33.9512,62.25488,-9.997352000000001,1.49,35.0,82.02
2043,2020-09-01,34.23985815602837,63.004822695035465,-9.820581560283689,1.49,35.0,82.02
2043,2020-09-02,33.75763358778626,63.758396946564886,-10.0,1.49,35.0,82.02
2043,2020-09-03,33.95186991869919,62.87073170731708,-10.0,1.49,35.0,82.02
2043,2020-09-04,34.18391304347826,62.15895652173913,-10.0,1.49,35.0,82.02
2043,2020-09-05,34.20950980392157,60.9435294117647,-9.97413725490196,1.49,35.0,82.02
2043,2020-09-06,34.02547008547008,61.41777777777778,-9.949675213675214,1.49,35.0,82.02
2043,2020-09-07,33.884528301886796,62.363018867924524,-9.376867924528302,1.49,35.0,82.02
2043,2020-09-08,33.93172932330827,62.94526315789473,-9.567977443609022,1.49,35.0,82.02
2043,2020-09-09,33.633831168831165,62.40902597402597,-9.677948051948052,1.49,35.0,82.02
2043,2020-09-10,32.99872483221477,62.192013422818796,-9.906308724832215,1.49,35.0,82.02
2043,2020-09-11,32.96154545454545,61.79363636363637,-8.13579090909091,1.49,35.0,82.02
2043,2020-09-12,33.825327868852455,61.286393442622945,-5.103713114754099,1.49,35.0,82.02
2043,2020-09-13,33.06221374045801,63.06977099236641,-2.4106641221374043,1.49,35.0,82.02
2043,2020-09-14,32.70420168067227,63.80840336134454,-9.055117647058823,1.49,35.0,82.02
2043,2020-09-15,32.23460674157303,64.29314606741573,-4.757898876404494,1.49,35.0,82.02
2043,2020-09-16,35.158,54.950842105263156,13.80382105263158,1.49,35.0,82.02
2043,2020-09-17,34.86851063829787,47.90340425531915,8.996829787234043,1.49,35.0,82.02
2043,2020-09-18,32.288712871287125,43.53039603960396,-2.2936138613861385,1.49,35.0,82.02
2043,2020-09-19,31.076060606060604,42.613535353535354,-4.176424242424242,1.49,35.0,82.02
2043,2020-09-20,30.59422680412371,42.18824742268041,-2.376762886597938,1.49,35.0,82.02
2043,2020-09-21,29.642083333333332,42.0575,-1.3773055555555558,1.49,35.0,82.02
2043,2020-09-26,33.52885714285714,44.534,12.378599999999999,1.49,35.0,82.02
2043,2020-09-27,33.65795918367347,44.73367346938775,9.656397959183673,1.49,35.0,82.02
2043,2020-09-28,33.74059701492537,45.46537313432835,6.9129104477611945,1.49,35.0,82.02
2043,2020-09-29,33.211304347826086,47.64478260869565,2.7390434782608692,1.49,35.0,82.02
2043,2020-11-04,6.6309375,74.1478125,-2.08778125,1.49,35.0,82.02
2043,2020-11-05,10.394895833333333,70.54916666666666,-3.6519999999999997,1.49,35.0,82.02
2045,2020-05-26,36.54615384615385,51.57,14.388384615384616,0.0,17.8,85.0
2045,2020-05-27,34.93333333333333,60.56333333333333,11.39,0.0,17.8,85.0
2045,2020-05-28,35.407,60.55,8.3366,0.0,17.8,85.0
2045,2020-05-29,31.80666666666667,60.71666666666667,-1.1836666666666666,0.0,17.8,85.0
2045,2020-05-30,31.545625,65.779375,-4.610375,0.0,17.8,85.0
2045,2020-05-31,28.66333333333333,66.61,-4.377,0.0,17.8,85.0
2045,2020-06-01,29.30111111111111,69.47666666666666,-8.89411111111111,0.0,17.8,85.0
2045,2020-06-02,34.21764705882353,62.06941176470588,-5.890764705882353,0.0,17.8,85.0
2045,2020-06-03,28.80625,70.2175,-8.071875,0.0,17.8,85.0
2045,2020-06-04,31.967916666666667,65.46541666666667,-6.473020833333333,0.0,17.8,85.0
2045,2020-06-05,31.202604166666664,65.63479166666666,-7.098989583333334,0.0,17.8,85.0
2045,2020-06-06,28.844742268041237,67.30752577319588,-7.680608247422681,0.0,17.8,85.0
2045,2020-06-07,28.68193548387097,70.89720430107526,-7.915967741935483,0.0,17.8,85.0
2045,2020-06-08,28.81392156862745,67.26098039215687,-8.806490196078432,0.0,17.8,85.0
2045,2020-06-09,30.76701030927835,63.85463917525773,-4.523752577319588,0.0,17.8,85.0
2045,2020-06-10,29.225098039215688,68.69813725490197,1.376156862745098,0.0,17.8,85.0
2045,2020-06-11,29.10423076923077,72.13538461538461,1.5161538461538462,0.0,17.8,85.0
2045,2020-06-12,29.59950980392157,69.61607843137256,4.473921568627451,0.0,17.8,85.0
2045,2020-06-13,27.855346534653464,70.43217821782177,2.973762376237624,0.0,17.8,85.0
2045,2020-06-14,28.024653465346532,66.13217821782179,1.6969108910891089,0.0,17.8,85.0
2045,2020-06-15,29.886831683168317,63.61277227722773,3.454356435643564,0.0,17.8,85.0
2045,2020-06-16,31.21422680412371,61.21917525773196,4.521072164948453,0.0,17.8,85.0
2045,2020-06-17,31.73156862745098,60.46754901960784,5.193529411764706,0.0,17.8,85.0
2045,2020-06-18,32.33434343434343,59.416666666666664,7.059909090909091,0.0,17.8,85.0
2045,2020-06-19,32.897448979591836,58.723775510204085,7.39384693877551,0.0,17.8,85.0
2045,2020-06-20,31.140495049504953,58.124950495049504,6.83259405940594,0.0,17.8,85.0
2045,2020-06-21,30.278617021276595,62.17531914893617,8.731797872340426,0.0,17.8,85.0
2045,2020-06-22,31.406122448979595,60.999489795918365,2.9139795918367346,0.0,17.8,85.0
2045,2020-06-23,35.125684210526316,58.723263157894735,-3.1048842105263157,0.0,17.8,85.0
2045,2020-06-24,34.32926315789474,59.87242105263158,-0.8010736842105264,0.0,17.8,85.0
2045,2020-06-25,33.71764705882353,58.412254901960786,-1.728127450980392,0.0,17.8,85.0
2045,2020-06-26,34.10490196078431,57.21833333333334,-0.4842156862745098,0.0,17.8,85.0
2045,2020-06-27,33.9591,57.0783,2.52873,0.0,17.8,85.0
2045,2020-06-28,34.45778947368421,58.144000000000005,1.5918,0.0,17.8,85.0
2045,2020-06-29,34.52237113402062,58.565670103092785,2.701092783505155,0.0,17.8,85.0
2045,2020-06-30,34.487938144329895,58.57865979381443,1.0774536082474226,0.0,17.8,85.0
2045,2020-07-01,34.666489361702126,59.611382978723405,6.3865425531914894,0.0,17.8,85.0
2045,2020-07-02,34.43309278350516,61.100618556701036,9.341319587628865,0.0,17.8,85.0
2045,2020-07-03,34.60336633663366,60.51940594059406,7.42260396039604,0.0,17.8,85.0
2045,2020-07-04,34.647628865979385,59.504329896907215,7.566969072164948,0.0,17.8,85.0
2045,2020-07-05,34.66242105263158,57.62231578947368,6.502663157894737,0.0,17.8,85.0
2045,2020-07-06,34.821354166666666,56.34916666666667,7.693270833333333,0.0,17.8,85.0
2045,2020-07-07,35.05677419354839,56.225591397849456,7.148935483870968,0.0,17.8,85.0
2045,2020-07-08,34.9784693877551,58.720000000000006,6.155163265306123,0.0,17.8,85.0
2045,2020-07-09,34.65513888888889,61.17513888888888,8.95363888888889,0.0,17.8,85.0
2045,2020-07-10,34.66465346534653,63.75564356435643,11.338851485148513,0.0,17.8,85.0
2045,2020-07-11,34.60515151515151,64.17757575757575,8.83121212121212,0.0,17.8,85.0
2045,2020-07-12,34.936181818181815,63.806,6.232963636363636,0.0,17.8,85.0
2045,2020-07-13,34.771061946902655,63.353539823008845,6.4195309734513275,0.0,17.8,85.0
2045,2020-07-14,34.615566037735846,62.29481132075472,6.889528301886792,0.0,17.8,85.0
2045,2020-07-15,34.772516556291386,60.96788079470198,6.015609271523179,0.0,17.8,85.0
2045,2020-07-16,34.791666666666664,60.05651515151515,7.141734848484849,0.0,17.8,85.0
2045,2020-07-17,34.767457627118645,60.164915254237286,6.524847457627119,0.0,17.8,85.0
2045,2020-07-18,34.81344,59.75648,7.2428159999999995,0.0,17.8,85.0
2045,2020-07-19,34.86906976744186,61.72038759689923,7.076899224806201,0.0,17.8,85.0
2045,2020-07-20,34.9,62.733230769230765,6.035200000000001,0.0,17.8,85.0
2045,2020-07-21,34.6905785123967,62.53,4.685619834710744,0.0,17.8,85.0
2045,2020-07-22,34.7158064516129,62.75883870967743,4.464606451612903,0.0,17.8,85.0
2045,2020-07-23,34.83435064935065,62.63701298701299,4.404324675324675,0.0,17.8,85.0
2045,2020-07-24,35.069347826086954,63.09608695652174,9.953789855072465,0.0,17.8,85.0
2045,2020-07-25,34.856242424242424,62.92018181818182,11.825448484848485,0.0,17.8,85.0
2045,2020-07-26,34.77734848484848,62.77424242424243,10.34487121212121,0.0,17.8,85.0
2045,2020-07-27,35.0806993006993,62.386573426573435,9.377965034965035,0.0,17.8,85.0
2045,2020-07-28,35.021557377049184,62.30393442622951,9.147204918032788,0.0,17.8,85.0
2045,2020-07-29,34.955238095238094,61.73742857142857,10.799228571428573,0.0,17.8,85.0
2045,2020-07-30,34.949767441860466,61.66825581395349,11.172267441860466,0.0,17.8,85.0
2045,2020-07-31,34.95365217391304,61.43869565217391,12.107113043478261,0.0,17.8,85.0
2045,2020-08-01,34.86079545454545,61.629090909090905,11.93315909090909,0.0,17.8,85.0
2045,2020-08-02,34.69610389610389,62.03818181818181,11.486298701298702,0.0,17.8,85.0
2045,2020-08-03,34.860151515151514,61.7569696969697,9.25919696969697,0.0,17.8,85.0
2045,2020-08-04,34.833,60.4870625,7.984831250000001,0.0,17.8,85.0
2045,2020-08-05,34.89335526315789,60.063815789473686,8.393184210526314,0.0,17.8,85.0
2045,2020-08-06,34.04433862433862,59.8615873015873,2.319042328042328,0.0,17.8,85.0
2045,2020-08-07,34.40814102564103,61.85429487179488,-5.441666666666666,0.0,17.8,85.0
2045,2020-08-08,34.60121212121212,61.22818181818182,-4.731636363636364,0.0,17.8,85.0
2045,2020-08-09,34.54702127659574,60.99070921985816,-3.290312056737589,0.0,17.8,85.0
2045,2020-08-10,34.50204419889503,61.164033149171274,-3.055491712707182,0.0,17.8,85.0
2045,2020-08-11,34.88312056737589,61.36212765957446,-1.8819078014184396,0.0,17.8,85.0
2045,2020-08-12,34.605333333333334,62.73607407407408,-3.2592666666666665,0.0,17.8,85.0
2045,2020-08-13,34.56275,61.187916666666666,-2.839566666666667,0.0,17.8,85.0
2045,2020-08-14,34.40277777777778,60.1199074074074,-4.581333333333333,0.0,17.8,85.0
2045,2020-08-15,34.3624074074074,58.757407407407406,-7.110453703703704,0.0,17.8,85.0
2045,2020-08-16,34.47015267175573,58.04992366412214,-6.451213740458016,0.0,17.8,85.0
2045,2020-08-17,34.30719512195122,57.96762195121951,-3.812969512195122,0.0,17.8,85.0
2045,2020-08-18,34.17887218045113,58.53977443609023,-7.024172932330828,0.0,17.8,85.0
2045,2020-08-19,34.04828571428572,58.43828571428571,-8.814878571428572,0.0,17.8,85.0
2045,2020-08-20,34.13437037037037,58.48696296296296,-8.731259259259259,0.0,17.8,85.0
2045,2020-08-21,34.264051282051284,58.48523076923076,-7.614579487179488,0.0,17.8,85.0
2045,2020-08-22,34.30671232876712,59.855958904109585,-7.830191780821918,0.0,17.8,85.0
2045,2020-08-23,34.145378787878784,60.538636363636364,-7.420575757575757,0.0,17.8,85.0
2045,2020-08-24,34.132,60.18515151515151,-8.226672727272728,0.0,17.8,85.0
2045,2020-08-25,33.987065217391304,59.9175,-9.410190217391303,0.0,17.8,85.0
2045,2020-08-26,33.2983606557377,57.21229508196721,-8.27672131147541,0.0,17.8,85.0
2045,2020-08-27,33.168260869565216,54.200724637681155,-5.822673913043478,0.0,17.8,85.0
2045,2020-08-28,33.346241610738254,54.88456375838926,-6.600355704697987,0.0,17.8,85.0
2045,2020-08-29,33.0718064516129,55.351612903225806,-7.582658064516129,0.0,17.8,85.0
2045,2020-08-30,32.90144736842105,55.5953947368421,-8.797243421052633,0.0,17.8,85.0
2045,2020-08-31,32.982749999999996,55.23175,-4.89744375,0.0,17.8,85.0
2045,2020-09-01,33.32631578947369,55.82473684210527,-0.48155263157894734,0.0,17.8,85.0
2045,2020-09-02,33.04737804878049,55.59731707317073,-2.7859756097560973,0.0,17.8,85.0
2045,2020-09-03,33.24128834355828,55.80417177914111,-6.1603865030674845,0.0,17.8,85.0
2045,2020-09-04,32.25658536585366,56.02463414634147,-7.181085365853659,0.0,17.8,85.0
2045,2020-09-05,31.773962264150942,54.472169811320754,-3.6932169811320756,0.0,17.8,85.0
2045,2020-09-06,31.536824644549764,54.47549763033175,-1.1481374407582938,0.0,17.8,85.0
2045,2020-09-07,31.405752688172043,55.28370967741936,4.928704301075269,0.0,17.8,85.0
2045,2020-09-08,31.876250000000002,54.64664772727272,-0.8803068181818182,0.0,17.8,85.0
2045,2020-09-09,30.630306748466257,54.79398773006135,-4.637901840490797,0.0,17.8,85.0
2045,2020-09-10,28.017348484848483,56.697575757575756,-6.122015151515152,0.0,17.8,85.0
2045,2020-09-11,28.36283185840708,57.380707964601775,-7.909752212389381,0.0,17.8,85.0
2045,2020-09-12,29.22064748201439,56.3105035971223,-7.551812949640288,0.0,17.8,85.0
2045,2020-09-13,28.587933333333332,56.98426666666666,-2.8048266666666666,0.0,17.8,85.0
2045,2020-09-14,26.12914285714286,58.22931428571428,-7.531914285714286,0.0,17.8,85.0
2045,2020-09-15,25.447152317880796,57.02430463576159,-2.430682119205298,0.0,17.8,85.0
2045,2020-09-16,25.96445544554455,56.3929702970297,-3.917772277227723,0.0,17.8,85.0
2045,2020-09-17,28.074782608695653,54.90108695652174,-3.6637717391304347,0.0,17.8,85.0
2045,2020-09-18,33.405425531914894,51.9704255319149,12.24277659574468,0.0,17.8,85.0
2045,2020-09-19,30.933125,49.19625,9.650812499999999,0.0,17.8,85.0
2045,2020-09-20,27.953125,50.43322916666667,9.497052083333333,0.0,17.8,85.0
2045,2020-09-21,26.387474747474748,52.212828282828276,7.615383838383838,0.0,17.8,85.0
2045,2020-09-22,25.614270833333332,52.82354166666667,7.343833333333333,0.0,17.8,85.0
2045,2020-09-23,26.753958333333333,50.8025,7.805854166666666,0.0,17.8,85.0
2045,2020-09-24,28.32080808080808,48.93585858585858,9.742474747474747,0.0,17.8,85.0
2045,2020-09-25,25.696458333333336,47.692708333333336,7.928520833333334,0.0,17.8,85.0
2045,2020-09-26,25.023673469387756,46.39122448979592,6.067326530612244,0.0,17.8,85.0
2045,2020-09-27,27.98122641509434,47.524905660377364,7.867830188679245,0.0,17.8,85.0
2045,2020-09-28,28.063020833333336,49.52697916666667,6.146406249999999,0.0,17.8,85.0
2045,2020-09-29,28.249375,52.067708333333336,1.9471979166666669,0.0,17.8,85.0
2045,2020-09-30,24.29625,54.39375,-1.2225288461538462,0.0,17.8,85.0
2045,2020-10-01,22.101746031746032,56.243650793650794,0.6734761904761906,0.0,17.8,85.0
2045,2020-10-02,20.1134,58.3502,0.6881999999999999,0.0,17.8,85.0
2045,2020-10-03,18.934430379746836,59.62835443037975,3.2303417721518985,0.0,17.8,85.0
2045,2020-10-04,18.56257425742574,60.277227722772274,3.1554653465346534,0.0,17.8,85.0
2045,2020-10-05,19.20721649484536,61.017216494845364,1.861381443298969,0.0,17.8,85.0
2045,2020-10-06,19.99608695652174,62.37619565217391,-0.7921956521739131,0.0,17.8,85.0
2045,2020-10-07,19.05551020408163,63.29479591836735,-5.397785714285714,0.0,17.8,85.0
2045,2020-10-08,14.58625,64.985,-3.356958333333333,0.0,17.8,85.0
2045,2020-10-09,11.843617021276595,64.8936170212766,0.1092553191489362,0.0,17.8,85.0
2045,2020-10-10,16.033333333333335,63.71633333333334,-2.0663555555555555,0.0,17.8,85.0
2045,2020-10-11,15.277938144329898,66.05298969072166,-1.5619278350515464,0.0,17.8,85.0
2045,2020-10-12,13.74705882352941,66.44388235294119,-0.9056,0.0,17.8,85.0
2045,2020-10-13,12.159772727272726,67.46420454545455,-2.526352272727273,0.0,17.8,85.0
2045,2020-10-14,13.483814432989691,67.5780412371134,-4.205783505154639,0.0,17.8,85.0
2045,2020-10-15,15.281724137931034,69.53367816091955,-2.1069999999999998,0.0,17.8,85.0
2045,2020-10-16,20.558426966292135,70.30831460674158,-6.671561797752809,0.0,17.8,85.0
2045,2020-10-17,18.798979591836734,71.09816326530613,-5.778173469387755,0.0,17.8,85.0
2045,2020-10-18,17.214949494949494,71.26767676767676,-4.29139393939394,0.0,17.8,85.0
2045,2020-10-19,18.315729166666667,70.5815625,-6.603645833333334,0.0,17.8,85.0
2045,2020-11-02,25.456285714285716,46.58314285714286,-7.567399999999999,0.0,17.8,85.0
2045,2020-11-03,21.903469387755102,69.47979591836736,-3.3670204081632655,0.0,17.8,85.0
2045,2020-11-05,10.191940298507463,71.12014925373134,1.3835223880597014,0.0,17.8,85.0
2046,2020-05-26,38.79,44.02,-10.0,0.0,25.0,85.0
2046,2020-05-27,36.805,58.095,-9.6445,0.0,25.0,85.0
2046,2020-05-28,34.980000000000004,61.1575,-8.8925,0.0,25.0,85.0
2046,2020-05-29,33.664,62.215999999999994,-10.0,0.0,25.0,85.0
2046,2020-05-30,34.32285714285714,58.212857142857146,-10.0,0.0,25.0,85.0
2046,2020-05-31,31.83,60.19,-9.946,0.0,25.0,85.0
2046,2020-06-01,31.977999999999998,57.50599999999999,-9.8851,0.0,25.0,85.0
2046,2020-06-02,33.455625,56.538125,-9.9829375,0.0,25.0,85.0
2046,2020-06-03,31.804285714285715,56.69428571428572,-9.959999999999999,0.0,25.0,85.0
2046,2020-06-04,35.12657142857143,55.18114285714285,-9.77522857142857,0.0,25.0,85.0
2046,2020-06-05,33.5104,55.908100000000005,-9.93873,0.0,25.0,85.0
2046,2020-06-06,31.78466019417476,56.19155339805825,-9.964893203883495,0.0,25.0,85.0
2046,2020-06-07,31.3843,56.696999999999996,-10.0,0.0,25.0,85.0
2046,2020-06-08,31.669684210526313,56.31221052631579,-9.938568421052631,0.0,25.0,85.0
2046,2020-06-09,33.468041237113404,54.531546391752585,-9.903505154639175,0.0,25.0,85.0
2046,2020-06-10,33.97509615384615,52.72009615384616,-9.19475,0.0,25.0,85.0
2046,2020-06-11,35.23408163265306,52.150612244897964,-9.051173469387756,0.0,25.0,85.0
2046,2020-06-12,35.020833333333336,50.67177083333333,-9.442937500000001,0.0,25.0,85.0
2046,2020-06-13,34.59906542056075,49.093831775700934,-9.151831775700934,0.0,25.0,85.0
2046,2020-06-14,34.94792452830189,49.3577358490566,-9.579509433962263,0.0,25.0,85.0
2046,2020-06-15,35.11960396039604,50.06108910891089,-9.738009900990098,0.0,25.0,85.0
2046,2020-06-16,35.35028301886793,50.50698113207547,-9.518084905660377,0.0,25.0,85.0
2046,2020-06-17,35.458627450980394,51.500098039215686,-9.132607843137254,0.0,25.0,85.0
2046,2020-06-18,36.073465346534654,55.37237623762376,-8.354821782178218,0.0,25.0,85.0
2046,2020-06-19,35.802400000000006,61.6141,-4.0296899999999996,0.0,25.0,85.0
2046,2020-06-20,35.251176470588234,65.79049019607844,-2.6985980392156863,0.0,25.0,85.0
2046,2020-06-21,36.02607843137255,65.4514705882353,-3.934490196078431,0.0,25.0,85.0
2046,2020-06-22,36.17888888888889,67.60252525252525,-1.9248585858585858,0.0,25.0,85.0
2046,2020-06-23,35.93861386138614,70.48861386138614,4.108336633663367,0.0,25.0,85.0
2046,2020-06-24,35.71584158415842,69.9590099009901,9.127752475247524,0.0,25.0,85.0
2046,2020-06-25,35.559901960784316,67.92529411764706,6.148588235294117,0.0,25.0,85.0
2046,2020-06-26,35.4848,67.2941,8.27024,0.0,25.0,85.0
2046,2020-06-27,35.41757575757576,66.06383838383839,7.9297272727272725,0.0,25.0,85.0
2046,2020-06-28,35.44141176470588,63.717999999999996,6.7009647058823525,0.0,25.0,85.0
2046,2020-06-29,35.318673469387754,62.895102040816326,7.664469387755102,0.0,25.0,85.0
2046,2020-06-30,35.38519607843137,62.6685294117647,8.427107843137255,0.0,25.0,85.0
2046,2020-07-01,35.40893203883495,63.24825242718446,10.508902912621359,0.0,25.0,85.0
2046,2020-07-02,35.36443181818182,65.19045454545454,12.602931818181817,0.0,25.0,85.0
2046,2020-07-03,35.322474226804125,65.16824742268041,12.554298969072166,0.0,25.0,85.0
2046,2020-07-04,35.34673469387755,64.45459183673469,12.964938775510205,0.0,25.0,85.0
2046,2020-07-05,35.312277227722774,62.61217821782178,10.578623762376237,0.0,25.0,85.0
2046,2020-07-06,35.42397959183673,60.859591836734694,8.988867346938775,0.0,25.0,85.0
2046,2020-07-07,35.39346153846154,59.87,9.177105769230769,0.0,25.0,85.0
2046,2020-07-08,35.47141304347826,60.190543478260864,11.009500000000001,0.0,25.0,85.0
2046,2020-07-09,35.605982905982906,61.77974358974359,9.45776923076923,0.0,25.0,85.0
2046,2020-07-10,35.311782178217825,67.15207920792079,1.9483069306930694,0.0,25.0,85.0
2046,2020-07-11,35.056666666666665,79.43145299145299,-4.445598290598291,0.0,25.0,85.0
2046,2020-07-12,35.26410256410256,84.89538461538461,15.605905982905984,0.0,25.0,85.0
2046,2020-07-13,35.3354,68.8865,21.852089999999997,0.0,25.0,85.0
2046,2020-07-14,35.1727731092437,64.73974789915967,22.124277310924366,0.0,25.0,85.0
2046,2020-07-15,35.218879310344825,62.48689655172414,23.073525862068966,0.0,25.0,85.0
2046,2020-07-16,35.18534653465346,63.79613861386139,11.675524752475248,0.0,25.0,85.0
2046,2020-07-17,35.18266129032258,64.72338709677419,2.95491935483871,0.0,25.0,85.0
2046,2020-07-18,35.384491525423726,64.39237288135594,5.906686440677967,0.0,25.0,85.0
2046,2020-07-19,35.29145833333333,67.31625,8.954677083333333,0.0,25.0,85.0
2046,2020-07-20,35.566585365853655,68.85959349593496,8.591910569105691,0.0,25.0,85.0
2046,2020-07-21,35.260925925925925,68.36185185185185,4.1101481481481486,0.0,25.0,85.0
2046,2020-07-22,34.90318965517241,68.73068965517241,-4.118094827586207,0.0,25.0,85.0
2046,2020-07-23,34.9831,69.4665,-2.47464,0.0,25.0,85.0
2046,2020-07-24,35.09074074074074,68.81851851851852,4.743898148148149,0.0,25.0,85.0
2046,2020-07-25,35.07132231404959,68.09752066115702,4.495380165289257,0.0,25.0,85.0
2046,2020-07-26,34.98344537815126,67.74050420168066,-0.9269411764705883,0.0,25.0,85.0
2046,2020-07-27,34.91770833333333,66.30916666666667,-2.225354166666667,0.0,25.0,85.0
2046,2020-07-28,34.94443708609271,66.10470198675496,0.15137748344370858,0.0,25.0,85.0
2046,2020-07-29,34.92441176470589,65.41772058823528,4.382558823529412,0.0,25.0,85.0
2046,2020-07-30,35.069125,64.3088125,5.5428125,0.0,25.0,85.0
2046,2020-07-31,34.72737931034483,63.67731034482758,2.7115793103448276,0.0,25.0,85.0
2046,2020-08-01,34.688046875,63.239375,4.335625,0.0,25.0,85.0
2046,2020-08-02,34.71164179104478,63.6855223880597,2.3424477611940295,0.0,25.0,85.0
2046,2020-08-03,34.345789473684206,62.6278947368421,-0.7106526315789474,0.0,25.0,85.0
2046,2020-08-04,34.45463768115942,59.71963768115942,-1.0540652173913045,0.0,25.0,85.0
2046,2020-08-05,34.009241379310346,57.26020689655172,-1.6397103448275863,0.0,25.0,85.0
2046,2020-08-06,34.00782894736842,54.19111842105263,-5.278809210526316,0.0,25.0,85.0
2046,2020-08-07,34.28071428571428,52.41674603174604,-4.119119047619048,0.0,25.0,85.0
2046,2020-08-08,34.540190476190475,51.989333333333335,-4.037095238095238,0.0,25.0,85.0
2046,2020-08-09,34.46604790419162,52.2154491017964,-5.2619760479041915,0.0,25.0,85.0
2046,2020-08-10,34.617425149700594,53.336706586826345,-5.994437125748503,0.0,25.0,85.0
2046,2020-08-11,34.420309278350516,54.16319587628866,-2.8334742268041233,0.0,25.0,85.0
2046,2020-08-12,34.0584496124031,55.72038759689923,-5.615565891472868,0.0,25.0,85.0
2046,2020-08-13,34.410000000000004,55.39566666666666,-6.933388888888889,0.0,25.0,85.0
2046,2020-11-04,20.360864197530866,26.79469135802469,-8.880012345679011,0.0,25.0,85.0
2046,2020-11-05,22.256770833333334,28.193541666666665,-9.807625,0.0,25.0,85.0
2047,2020-05-27,33.894999999999996,53.265,-9.91325,1.19,25.0,82.62
2047,2020-05-28,32.228571428571435,56.388571428571424,-10.0,1.19,25.0,82.62
2047,2020-05-29,36.31,48.262,-10.0,1.19,25.0,82.62
2047,2020-05-30,32.74666666666667,56.04333333333333,-10.0,1.19,25.0,82.62
2047,2020-05-31,25.672000000000004,63.176,-10.0,1.19,25.0,82.62
2047,2020-06-01,28.330000000000002,61.955714285714286,-10.0,1.19,25.0,82.62
2047,2020-06-02,30.701999999999998,52.6355,-9.7462,1.19,25.0,82.62
2047,2020-06-03,28.861176470588234,50.902352941176474,-10.0,1.19,25.0,82.62
2047,2020-06-04,32.450909090909086,48.05939393939394,-9.914787878787878,1.19,25.0,82.62
2047,2020-06-05,30.42259615384615,52.04019230769231,-9.628076923076923,1.19,25.0,82.62
2047,2020-06-06,28.675300000000004,58.4507,-9.82949,1.19,25.0,82.62
2047,2020-06-07,28.138265306122452,59.07540816326531,-9.978387755102041,1.19,25.0,82.62
2047,2020-06-08,29.763894736842108,52.00431578947368,-9.7098,1.19,25.0,82.62
2047,2020-06-09,30.935392156862743,48.43941176470588,-5.798921568627451,1.19,25.0,82.62
2047,2020-06-10,30.55887755102041,49.665510204081635,6.53654081632653,1.19,25.0,82.62
2047,2020-06-11,28.195588235294117,56.59661764705883,2.160735294117647,1.19,25.0,82.62
2048,2020-05-27,35.28,52.82,-10.0,0.0,0.0,85.0
2048,2020-05-28,32.28,60.037499999999994,-10.0,0.0,0.0,85.0
2048,2020-05-29,35.736666666666665,55.935,-10.0,0.0,0.0,85.0
2048,2020-05-30,31.442857142857143,62.675714285714285,-10.0,0.0,0.0,85.0
2048,2020-06-01,30.066000000000003,57.45399999999999,-10.0,0.0,0.0,85.0
2048,2020-06-02,32.81,54.07941176470588,-10.0,0.0,0.0,85.0
2048,2020-06-03,29.344,58.064,-10.0,0.0,0.0,85.0
2048,2020-06-04,33.219268292682926,55.392682926829266,-9.516512195121951,0.0,0.0,85.0
2048,2020-06-05,30.83657142857143,56.91942857142857,-10.0,0.0,0.0,85.0
2048,2020-06-06,29.226534653465347,60.2019801980198,-9.96609900990099,0.0,0.0,85.0
2048,2020-06-07,28.364380952380955,58.49428571428571,-9.992209523809525,0.0,0.0,85.0
2048,2020-06-08,30.204040404040402,58.02393939393939,-9.968747474747474,0.0,0.0,85.0
2048,2020-06-09,30.7546,58.082,-9.93352,0.0,0.0,85.0
2048,2020-06-10,30.124699999999997,58.150299999999994,-10.0,0.0,0.0,85.0
2048,2020-06-11,28.907920792079207,61.90752475247525,-10.0,0.0,0.0,85.0
2048,2020-06-12,29.373557692307692,62.93711538461538,-9.884557692307691,0.0,0.0,85.0
2048,2020-06-13,27.066285714285716,62.09895238095238,-9.354380952380954,0.0,0.0,85.0
2048,2020-06-14,28.535436893203883,59.73456310679612,-8.701883495145632,0.0,0.0,85.0
2048,2020-06-15,29.86543689320388,57.06611650485437,-9.18111650485437,0.0,0.0,85.0
2048,2020-06-16,30.697254901960783,56.80088235294117,-9.485382352941176,0.0,0.0,85.0
2048,2020-06-17,31.569499999999998,55.013999999999996,-9.79725,0.0,0.0,85.0
2048,2020-06-18,32.236875,55.68927083333333,-9.817937500000001,0.0,0.0,85.0
2048,2020-06-19,32.88320388349514,57.44980582524272,-9.851699029126214,0.0,0.0,85.0
2048,2020-06-20,32.43059405940594,58.53128712871287,-9.862851485148514,0.0,0.0,85.0
2048,2020-06-21,30.644948453608247,60.24927835051547,-9.874175257731958,0.0,0.0,85.0
2048,2020-06-22,31.9747,63.0883,-9.81302,0.0,0.0,85.0
2048,2020-06-23,34.27040404040404,63.67929292929293,-9.865232323232323,0.0,0.0,85.0
2048,2020-06-24,32.7281914893617,69.50457446808511,-9.953244680851064,0.0,0.0,85.0
2048,2020-06-25,30.846470588235295,71.83676470588236,-9.945392156862745,0.0,0.0,85.0
2048,2020-06-26,31.869081632653064,67.90071428571429,-9.972326530612245,0.0,0.0,85.0
2048,2020-06-27,30.61376237623762,69.60920792079207,-9.83760396039604,0.0,0.0,85.0
2048,2020-06-28,30.572823529411764,71.4795294117647,-10.0,0.0,0.0,85.0
2048,2020-06-29,29.188131868131865,72.84296703296704,-9.981208791208791,0.0,0.0,85.0
2048,2020-06-30,29.486526315789472,73.196,-9.786684210526316,0.0,0.0,85.0
2048,2020-07-01,31.634421052631577,71.82757894736842,-9.86501052631579,0.0,0.0,85.0
2048,2020-07-02,32.23142857142857,71.67307692307692,-9.9239010989011,0.0,0.0,85.0
2048,2020-07-03,32.58869047619047,71.12547619047619,-9.887869047619049,0.0,0.0,85.0
2048,2020-07-04,32.70863157894737,69.56347368421052,-9.93258947368421,0.0,0.0,85.0
2048,2020-07-05,30.332399999999996,69.232,-9.81243,0.0,0.0,85.0
2048,2020-07-06,30.72659793814433,68.47484536082474,-8.925134020618556,0.0,0.0,85.0
2048,2020-07-07,32.0225,66.24520000000001,-8.53026,0.0,0.0,85.0
2048,2020-07-08,32.943958333333335,65.27208333333333,-8.66925,0.0,0.0,85.0
2048,2020-07-09,33.23166666666667,65.71583333333334,-7.8960185185185185,0.0,0.0,85.0
2048,2020-07-10,34.86,62.74072727272728,1.739909090909091,0.0,0.0,85.0
2048,2020-07-11,32.42342857142857,63.568571428571424,-5.162466666666666,0.0,0.0,85.0
2048,2020-07-12,32.298611111111114,63.940000000000005,-7.078092592592593,0.0,0.0,85.0
2048,2020-07-13,30.986349206349207,64.04666666666667,-7.963777777777778,0.0,0.0,85.0
2048,2020-07-14,30.214144144144143,62.774144144144145,-7.791243243243243,0.0,0.0,85.0
2048,2020-07-15,29.52,62.53405405405405,-8.06672072072072,0.0,0.0,85.0
2048,2020-07-16,29.610983606557376,62.006967213114756,-8.882016393442623,0.0,0.0,85.0
2048,2020-07-17,29.75573770491803,61.79868852459016,-9.826344262295082,0.0,0.0,85.0
2048,2020-07-18,31.154521739130434,61.687739130434785,-9.285095652173913,0.0,0.0,85.0
2048,2020-07-19,31.731041666666666,62.074375,-9.7749375,0.0,0.0,85.0
2048,2020-07-20,32.77565891472869,62.5208527131783,-9.74791472868217,0.0,0.0,85.0
2048,2020-07-21,31.184579439252335,62.395233644859815,-9.382158878504672,0.0,0.0,85.0
2048,2020-07-22,30.541274509803923,60.600196078431374,-7.017401960784314,0.0,0.0,85.0
2048,2020-07-23,30.345855855855856,60.115495495495495,-6.353522522522522,0.0,0.0,85.0
2048,2020-07-24,30.68317307692308,60.24115384615384,-5.501461538461539,0.0,0.0,85.0
2048,2020-07-25,30.668378378378378,60.19792792792793,-4.238126126126127,0.0,0.0,85.0
2048,2020-07-26,30.588120300751882,60.58345864661654,-5.5090075187969925,0.0,0.0,85.0
2048,2020-07-27,31.771203703703705,61.250648148148144,-5.239305555555556,0.0,0.0,85.0
2048,2020-07-28,32.07648854961832,62.16114503816794,-5.643587786259541,0.0,0.0,85.0
2048,2020-07-29,31.6478612716763,62.34797687861272,-5.172387283236994,0.0,0.0,85.0
2048,2020-07-30,30.860613496932515,62.349141104294475,-6.562447852760736,0.0,0.0,85.0
2048,2020-07-31,30.908698630136985,62.01520547945205,-6.131760273972603,0.0,0.0,85.0
2048,2020-08-01,31.434242424242424,61.38373737373737,-5.791494949494949,0.0,0.0,85.0
2048,2020-08-02,31.115569620253165,61.16848101265823,-6.349025316455696,0.0,0.0,85.0
2048,2020-08-03,32.47536423841059,61.41834437086093,-7.626774834437087,0.0,0.0,85.0
2048,2020-08-04,29.71388535031847,63.800573248407645,-9.836496815286624,0.0,0.0,85.0
2048,2020-08-05,27.119402985074625,65.80485074626866,-7.9892014925373145,0.0,0.0,85.0
2048,2020-08-06,26.312951807228913,67.05397590361446,-7.55044578313253,0.0,0.0,85.0
2048,2020-08-07,27.391217948717948,67.48929487179487,-8.039326923076922,0.0,0.0,85.0
2048,2020-08-08,28.571393442622952,67.30401639344262,-8.088196721311474,0.0,0.0,85.0
2048,2020-08-09,28.736153846153844,67.43653846153846,-8.646023076923077,0.0,0.0,85.0
2048,2020-08-10,29.036315789473683,68.13157894736842,-9.636007518796992,0.0,0.0,85.0
2048,2020-08-11,30.685714285714287,68.39879120879121,-7.360505494505495,0.0,0.0,85.0
2048,2020-08-12,30.10419117647059,69.09860294117647,-8.816801470588235,0.0,0.0,85.0
2048,2020-08-13,29.48991525423729,68.84474576271187,-7.616084745762712,0.0,0.0,85.0
2048,2020-08-14,28.276019417475727,67.94194174757281,-6.0020776699029135,0.0,0.0,85.0
2048,2020-08-15,28.073636363636364,67.45757575757575,-4.677838383838384,0.0,0.0,85.0
2048,2020-08-16,29.376796116504853,66.89271844660195,-3.9443106796116507,0.0,0.0,85.0
2048,2020-08-17,27.778691099476436,67.55387434554974,-6.19969109947644,0.0,0.0,85.0
2048,2020-08-18,26.53227272727273,68.8080303030303,-7.2908333333333335,0.0,0.0,85.0
2048,2020-08-19,24.671666666666667,69.79128205128205,-5.1737179487179485,0.0,0.0,85.0
2048,2020-08-20,26.729056603773586,69.5754716981132,-4.809333333333333,0.0,0.0,85.0
2048,2020-08-21,27.21653594771242,68.3350980392157,-9.542908496732027,0.0,0.0,85.0
2048,2020-08-22,25.8062,68.83813333333333,-7.6303133333333335,0.0,0.0,85.0
2048,2020-08-23,26.534013157894737,69.31796052631579,-7.751802631578947,0.0,0.0,85.0
2048,2020-08-24,26.61733333333333,70.29316666666666,-7.93821111111111,0.0,0.0,85.0
2048,2020-08-25,27.765870967741936,71.10058064516129,-9.488038709677419,0.0,0.0,85.0
2048,2020-08-26,23.56642857142857,72.21266233766234,-5.983792207792208,0.0,0.0,85.0
2048,2020-08-27,20.806699029126214,73.02514563106796,-3.1658252427184466,0.0,0.0,85.0
2048,2020-08-28,23.603214285714284,72.09982142857143,-2.7235267857142857,0.0,0.0,85.0
2048,2020-08-29,22.658403361344536,72.7618487394958,-6.38281512605042,0.0,0.0,85.0
2048,2020-08-30,21.272904290429043,74.3307590759076,-6.193112211221122,0.0,0.0,85.0
2048,2020-08-31,21.951138211382112,74.52747967479674,-2.6757560975609755,0.0,0.0,85.0
2048,2020-09-01,23.4305,74.20842857142857,-4.6521,0.0,0.0,85.0
2048,2020-09-02,25.096339285714286,74.55276785714285,-8.438982142857144,0.0,0.0,85.0
2048,2020-09-03,25.473513513513513,74.81990990990991,-8.155198198198198,0.0,0.0,85.0
2048,2020-09-04,25.497314814814814,74.15777777777778,-8.682351851851852,0.0,0.0,85.0
2048,2020-09-05,22.60859649122807,74.51140350877192,-6.1390087719298245,0.0,0.0,85.0
2048,2020-09-06,21.96926605504587,74.89467889908258,-5.096449541284404,0.0,0.0,85.0
2048,2020-09-07,23.380399999999998,74.49029999999999,-5.9130899999999995,0.0,0.0,85.0
2048,2020-09-08,25.44059829059829,74.45256410256411,-8.590290598290599,0.0,0.0,85.0
2048,2020-09-09,21.888958333333335,75.70736111111111,-8.074604166666667,0.0,0.0,85.0
2048,2020-09-10,18.96894568690096,77.69891373801916,-6.985913738019169,0.0,0.0,85.0
2048,2020-09-11,19.933999999999997,77.68191304347826,-6.735043478260869,0.0,0.0,85.0
2048,2020-09-12,19.44546184738956,78.31714859437751,-3.380598393574297,0.0,0.0,85.0
2048,2020-09-14,22.202465753424658,77.77986301369863,-7.2179452054794515,0.0,0.0,85.0
2048,2020-09-15,20.544444444444444,79.78464646464647,-3.7012727272727273,0.0,0.0,85.0
2048,2020-09-16,30.014301075268815,75.0310752688172,2.674741935483871,0.0,0.0,85.0
2048,2020-09-17,32.607692307692304,68.05153846153846,-0.19273076923076926,0.0,0.0,85.0
2048,2020-09-18,29.622395833333332,68.7253125,0.7410833333333334,0.0,0.0,85.0
2048,2020-09-19,29.332727272727276,65.93568181818182,-0.478875,0.0,0.0,85.0
2048,2020-09-20,25.762421052631577,67.33115789473685,0.6778526315789474,0.0,0.0,85.0
2048,2020-09-21,20.966351351351353,68.86162162162162,2.5407162162162162,0.0,0.0,85.0
2048,2020-11-04,5.96531914893617,79.77914893617022,-9.755085106382978,0.0,0.0,85.0
2048,2020-11-05,8.0965625,77.681875,-6.82378125,0.0,0.0,85.0
2049,2020-05-26,38.99125,64.39125,-7.659625,0.0,47.6,85.0
2049,2020-05-27,38.714999999999996,77.7525,-10.0,0.0,47.6,85.0
2049,2020-05-28,38.915,77.66499999999999,-10.0,0.0,47.6,85.0
2049,2020-05-30,34.795,73.435,-9.437000000000001,0.0,47.6,85.0
2049,2020-05-31,26.445,78.82,-9.71775,0.0,47.6,85.0
2049,2020-06-01,27.123333333333335,76.32866666666668,-9.013933333333334,0.0,47.6,85.0
2049,2020-06-02,33.4896,64.438,-8.7892,0.0,47.6,85.0
2049,2020-06-03,27.94909090909091,68.05818181818182,-8.17309090909091,0.0,47.6,85.0
2049,2020-06-04,33.849487179487184,65.46871794871795,-8.70794871794872,0.0,47.6,85.0
2049,2020-06-05,31.755773195876287,67.4020618556701,-6.6611752577319585,0.0,47.6,85.0
2049,2020-06-06,30.379690721649485,71.9519587628866,-5.825917525773196,0.0,47.6,85.0
2049,2020-06-07,30.124166666666667,70.47645833333333,-6.7757708333333335,0.0,47.6,85.0
2049,2020-06-08,30.290505050505054,64.27828282828283,-7.800636363636364,0.0,47.6,85.0
2049,2020-06-09,31.26818181818182,56.75616161616161,-0.8335353535353537,0.0,47.6,85.0
2049,2020-06-10,33.41693069306931,45.54207920792079,-0.13910891089108912,0.0,47.6,85.0
2049,2020-06-11,34.501979166666665,44.008125,-3.0427291666666663,0.0,47.6,85.0
2049,2020-06-12,33.77950980392157,44.165,-3.8434509803921566,0.0,47.6,85.0
2049,2020-06-13,33.32125,42.13673076923077,-3.9176826923076926,0.0,47.6,85.0
2049,2020-06-14,34.14514563106796,41.96543689320388,-1.4669514563106796,0.0,47.6,85.0
2049,2020-06-15,34.83292929292929,42.40626262626263,-1.077969696969697,0.0,47.6,85.0
2049,2020-06-16,34.98282828282829,42.662424242424244,3.277191919191919,0.0,47.6,85.0
2049,2020-06-17,35.0809900990099,45.80435643564356,5.969930693069307,0.0,47.6,85.0
2049,2020-06-18,35.2201030927835,47.28762886597938,8.210113402061856,0.0,47.6,85.0
2049,2020-06-19,35.16696078431372,48.81823529411765,9.023784313725491,0.0,47.6,85.0
2049,2020-06-20,35.118019801980196,50.9580198019802,9.885425742574258,0.0,47.6,85.0
2049,2020-06-21,35.25173469387755,51.307959183673475,10.652489795918367,0.0,47.6,85.0
2049,2020-06-22,35.575500000000005,56.2235,9.75875,0.0,47.6,85.0
2049,2020-06-23,35.63373626373627,59.59769230769231,1.0226703296703297,0.0,47.6,85.0
2049,2020-06-24,35.36747474747475,61.648383838383836,-3.4894949494949494,0.0,47.6,85.0
2049,2020-06-25,35.197196261682244,60.937009345794394,-5.6947570093457935,0.0,47.6,85.0
2049,2020-06-26,35.192596153846154,59.21192307692308,0.4800865384615384,0.0,47.6,85.0
2049,2020-06-27,35.17127450980392,59.573725490196075,2.4217156862745095,0.0,47.6,85.0
2049,2020-06-28,35.26882978723404,61.36425531914893,1.9931702127659574,0.0,47.6,85.0
2049,2020-06-29,35.18296296296297,62.45074074074074,7.100685185185186,0.0,47.6,85.0
2049,2020-06-30,35.09821782178218,61.974059405940594,6.919435643564356,0.0,47.6,85.0
2049,2020-07-01,35.16919191919192,61.54676767676768,6.941616161616162,0.0,47.6,85.0
2049,2020-07-02,35.01177777777778,62.03688888888889,8.611722222222221,0.0,47.6,85.0
2049,2020-07-03,34.98204081632653,62.65081632653061,7.973510204081633,0.0,47.6,85.0
2049,2020-07-04,34.813298969072164,61.55340206185567,7.290670103092784,0.0,47.6,85.0
2049,2020-07-05,34.95118279569893,59.469032258064516,5.948548387096775,0.0,47.6,85.0
2049,2020-07-06,35.09989795918367,59.11204081632653,6.215224489795919,0.0,47.6,85.0
2049,2020-07-07,35.213092783505154,59.84556701030928,6.408030927835051,0.0,47.6,85.0
2049,2020-07-08,35.13765306122449,64.34438775510205,11.950367346938775,0.0,47.6,85.0
2049,2020-07-09,34.82941176470588,67.76495798319327,14.555563025210084,0.0,47.6,85.0
2049,2020-07-10,35.000649350649354,69.37376623376623,17.035753246753245,0.0,47.6,85.0
2049,2020-07-11,34.79515151515151,68.70777777777778,14.364737373737373,0.0,47.6,85.0
2049,2020-07-12,35.22640776699029,66.73563106796117,13.095514563106796,0.0,47.6,85.0
2049,2020-07-13,35.15464285714286,64.4082142857143,10.69875,0.0,47.6,85.0
2049,2020-07-14,35.049343065693435,65.01233576642336,10.826357664233576,0.0,47.6,85.0
2049,2020-07-15,35.092532467532465,62.22318181818182,9.079227272727273,0.0,47.6,85.0
2049,2020-07-16,34.94198529411764,63.2485294117647,11.610382352941176,0.0,47.6,85.0
2049,2020-07-17,34.974070796460175,63.190796460177,12.212035398230089,0.0,47.6,85.0
2049,2020-07-18,35.28469230769231,61.674076923076925,11.733184615384616,0.0,47.6,85.0
2049,2020-07-19,35.18672131147541,67.02573770491803,14.192647540983605,0.0,47.6,85.0
2049,2020-07-20,35.317966101694914,66.86237288135594,14.37893220338983,0.0,47.6,85.0
2049,2020-07-21,34.98807407407408,65.4382962962963,12.361474074074074,0.0,47.6,85.0
2049,2020-07-22,34.93816993464052,64.8654248366013,13.670562091503268,0.0,47.6,85.0
2049,2020-07-23,35.03799227799228,65.47301158301158,12.077571428571428,0.0,47.6,85.0
2049,2020-07-24,35.23975609756097,64.08837398373984,4.826422764227642,0.0,47.6,85.0
2049,2020-07-25,35.15435483870968,63.84862903225806,6.780782258064516,0.0,47.6,85.0
2049,2020-07-26,35.029333333333334,64.49133333333333,4.187480952380953,0.0,47.6,85.0
2049,2020-07-27,35.23464864864865,64.07567567567567,-2.203254054054054,0.0,47.6,85.0
2049,2020-07-28,35.15180451127819,70.88984962406015,-3.102842105263158,0.0,47.6,85.0
2049,2020-07-29,35.19503496503497,73.13867132867132,2.172923076923077,0.0,47.6,85.0
2049,2020-07-30,34.849871794871795,74.23320512820513,10.620192307692308,0.0,47.6,85.0
2049,2020-07-31,34.881808510638294,75.70531914893617,23.709978723404255,0.0,47.6,85.0
2049,2020-08-01,34.8090625,76.79416666666667,27.752947916666667,0.0,47.6,85.0
2049,2020-08-02,34.76239130434782,76.60195652173913,27.64620652173913,0.0,47.6,85.0
2049,2020-08-03,34.740114942528734,79.15942528735631,22.41274712643678,0.0,47.6,85.0
2049,2020-08-04,34.795548780487806,76.43231707317074,21.303323170731705,0.0,47.6,85.0
2049,2020-08-05,34.94376712328767,74.10801369863015,19.93181506849315,0.0,47.6,85.0
2049,2020-08-06,35.13958579881657,62.18852071005917,19.983757396449704,0.0,47.6,85.0
2049,2020-08-07,35.38877094972067,59.252290502793294,19.107284916201117,0.0,47.6,85.0
2049,2020-08-08,35.32673684210526,60.788526315789476,19.471494736842104,0.0,47.6,85.0
2049,2020-08-09,35.180548780487804,62.365,16.89090243902439,0.0,47.6,85.0
2049,2020-08-10,35.10851648351648,63.325494505494504,16.972368131868134,0.0,47.6,85.0
2049,2020-08-11,35.470983606557375,67.5222131147541,21.20038524590164,0.0,47.6,85.0
2049,2020-08-12,35.157956204379566,67.217299270073,19.960299270072994,0.0,47.6,85.0
2049,2020-08-13,35.184896551724144,64.1633103448276,18.3649724137931,0.0,47.6,85.0
2049,2020-08-14,35.032752293577985,62.88954128440367,15.625073394495413,0.0,47.6,85.0
2049,2020-08-15,34.955625000000005,62.82642857142857,15.007330357142857,0.0,47.6,85.0
2049,2020-08-16,35.0045652173913,63.22826086956522,15.861210144927538,0.0,47.6,85.0
2049,2020-08-17,34.96854748603352,64.7273184357542,15.57000558659218,0.0,47.6,85.0
2049,2020-08-18,34.86592592592592,64.10562962962963,14.068644444444445,0.0,47.6,85.0
2049,2020-08-19,34.80533834586466,62.97533834586466,14.664413533834587,0.0,47.6,85.0
2049,2020-08-20,34.81845637583893,62.738993288590606,14.745322147651006,0.0,47.6,85.0
2049,2020-08-21,34.87544217687075,62.043877551020415,12.981823129251701,0.0,47.6,85.0
2049,2020-08-22,34.903636363636366,61.063006993006994,16.953944055944056,0.0,47.6,85.0
2049,2020-08-23,34.72554140127389,61.19484076433121,19.088407643312102,0.0,47.6,85.0
2049,2020-08-24,34.558076923076925,59.758782051282054,18.49732051282051,0.0,47.6,85.0
2049,2020-08-25,34.5725,61.90152777777777,15.482840277777777,0.0,47.6,85.0
2049,2020-08-26,34.328119658119654,59.755982905982904,13.216538461538462,0.0,47.6,85.0
2049,2020-08-27,34.279074074074074,59.19472222222222,13.651148148148149,0.0,47.6,85.0
2049,2020-08-28,34.41532258064516,57.96032258064516,16.778354838709678,0.0,47.6,85.0
2049,2020-08-29,34.181000000000004,56.810235294117646,19.141435294117645,0.0,47.6,85.0
2049,2020-08-30,34.15526717557252,57.97038167938931,18.243885496183207,0.0,47.6,85.0
2049,2020-08-31,34.24602272727273,59.72147727272727,19.81472727272727,0.0,47.6,85.0
2049,2020-09-01,34.27086956521739,59.087763975155276,21.950360248447204,0.0,47.6,85.0
2049,2020-09-02,34.021006289308175,60.7059748427673,19.833641509433964,0.0,47.6,85.0
2049,2020-09-03,34.05954802259887,61.62299435028249,18.35328813559322,0.0,47.6,85.0
2049,2020-09-04,34.23098591549296,59.73345070422535,20.128964788732397,0.0,47.6,85.0
2049,2020-09-05,34.066243386243386,58.68,4.489089947089947,0.0,47.6,85.0
2049,2020-09-06,34.040390243902436,57.75712195121951,-8.137273170731708,0.0,47.6,85.0
2049,2020-09-07,34.07860962566845,58.5979679144385,-6.991283422459892,0.0,47.6,85.0
2049,2020-09-08,34.26223463687151,61.163519553072625,-7.852776536312849,0.0,47.6,85.0
2049,2020-09-09,33.99918367346939,62.929591836734694,-8.572054421768708,0.0,47.6,85.0
2049,2020-09-10,33.3543661971831,62.29161971830986,-9.465338028169015,0.0,47.6,85.0
2049,2020-09-11,33.49659722222222,60.864374999999995,-8.498506944444445,0.0,47.6,85.0
2049,2020-09-12,33.88823529411765,60.41382352941177,-5.821830882352941,0.0,47.6,85.0
2049,2020-09-13,33.68695945945946,62.395202702702704,0.9458378378378379,0.0,47.6,85.0
2049,2020-09-14,33.110988372093026,63.061627906976746,-6.182744186046512,0.0,47.6,85.0
2049,2020-09-15,32.05619047619048,63.229319727891166,-7.514761904761905,0.0,47.6,85.0
2049,2020-09-16,32.43886597938145,61.51762886597938,-9.124896907216495,0.0,47.6,85.0
2049,2020-09-17,32.59920792079208,60.75950495049505,-5.63039603960396,0.0,47.6,85.0
2049,2020-09-18,32.86989898989899,58.0440404040404,16.515252525252524,0.0,47.6,85.0
2049,2020-09-19,33.59386138613861,54.34029702970297,15.217514851485149,0.0,47.6,85.0
2049,2020-09-20,33.88865979381443,50.935257731958764,8.140216494845362,0.0,47.6,85.0
2049,2020-09-21,31.547600000000003,50.823,9.65078,0.0,47.6,85.0
2049,2020-09-22,30.6365625,50.61489583333333,13.106375,0.0,47.6,85.0
2049,2020-09-23,32.27288659793814,49.962680412371135,13.542690721649485,0.0,47.6,85.0
2049,2020-09-24,33.32561224489796,49.56214285714286,12.649673469387753,0.0,47.6,85.0
2049,2020-09-25,32.161188118811886,49.26920792079208,8.760029702970296,0.0,47.6,85.0
2049,2020-09-26,32.17888888888889,48.427070707070705,6.795757575757576,0.0,47.6,85.0
2049,2020-09-27,34.158557692307696,48.59096153846154,5.709432692307693,0.0,47.6,85.0
2049,2020-09-28,34.286767676767674,49.34737373737374,2.496888888888889,0.0,47.6,85.0
2049,2020-09-29,32.434105263157896,50.460421052631574,-6.248968421052632,0.0,47.6,85.0
2049,2020-09-30,26.84112244897959,52.60448979591837,-5.085887755102041,0.0,47.6,85.0
2049,2020-10-01,24.460289855072464,53.44521739130435,-0.7389420289855073,0.0,47.6,85.0
2049,2020-10-02,20.987244897959183,54.53867346938775,-4.581428571428572,0.0,47.6,85.0
2049,2020-10-03,19.62178082191781,55.112054794520546,-3.9504794520547946,0.0,47.6,85.0
2049,2020-10-04,19.591874999999998,56.17625,-1.5865729166666667,0.0,47.6,85.0
2049,2020-10-05,21.414653465346536,56.809702970297025,-4.637465346534654,0.0,47.6,85.0
2049,2020-10-06,20.600851063829786,58.35202127659575,-4.839968085106383,0.0,47.6,85.0
2049,2020-10-07,17.85148936170213,60.40978723404256,-7.714393617021277,0.0,47.6,85.0
2049,2020-10-08,15.226701030927835,62.096288659793814,-6.105257731958763,0.0,47.6,85.0
2049,2020-10-09,13.489555555555555,63.77566666666667,-2.8781888888888885,0.0,47.6,85.0
2049,2020-10-10,17.298478260869565,63.6920652173913,-5.915989130434782,0.0,47.6,85.0
2049,2020-10-11,16.264400000000002,66.30770000000001,-6.30663,0.0,47.6,85.0
2049,2020-10-12,13.070441176470588,67.60323529411765,-4.177941176470589,0.0,47.6,85.0
2049,2020-10-13,12.293563218390805,68.12747126436781,-6.752528735632184,0.0,47.6,85.0
2049,2020-10-14,13.61968085106383,67.42425531914894,-6.272521276595744,0.0,47.6,85.0
2049,2020-10-15,12.949130434782608,68.79913043478261,-5.8688586956521736,0.0,47.6,85.0
2049,2020-10-16,14.58670588235294,69.81105882352941,-7.7409647058823525,0.0,47.6,85.0
2049,2020-10-17,11.826262626262626,71.07909090909091,-7.93640404040404,0.0,47.6,85.0
2049,2020-10-18,10.1281,72.2254,-3.3228899999999997,0.0,47.6,85.0
2049,2020-10-19,13.126842105263158,71.64494736842106,-7.4563999999999995,0.0,47.6,85.0
2049,2020-11-05,8.906506024096386,75.13963855421687,1.846831325301205,0.0,47.6,85.0
2050,2020-05-26,37.110625,46.96875,4.2331875,0.0,63.6,85.0
2050,2020-05-27,36.482,52.815999999999995,3.7590000000000003,0.0,63.6,85.0
2050,2020-05-28,31.09,58.295,-3.5535,0.0,63.6,85.0
2050,2020-05-29,34.57333333333333,53.64666666666667,-1.8416666666666666,0.0,63.6,85.0
2050,2020-05-30,35.522000000000006,49.006,1.8354,0.0,63.6,85.0
2050,2020-05-31,30.723333333333333,56.45333333333334,-7.651,0.0,63.6,85.0
2050,2020-06-01,32.839999999999996,52.6575,-10.0,0.0,63.6,85.0
2050,2020-06-02,35.57631578947369,47.695789473684215,-7.653105263157895,0.0,63.6,85.0
2050,2020-06-03,33.05894736842105,48.60578947368421,-9.511052631578949,0.0,63.6,85.0
2050,2020-06-04,34.29666666666667,49.345128205128205,-9.485794871794873,0.0,63.6,85.0
2050,2020-06-05,34.48445652173913,52.8775,-8.39154347826087,0.0,63.6,85.0
2050,2020-06-06,34.34816326530612,53.51428571428571,-7.057255102040816,0.0,63.6,85.0
2050,2020-06-07,34.66413461538462,55.14163461538462,-6.342125,0.0,63.6,85.0
2050,2020-06-08,34.69428571428571,55.348571428571425,-4.378877551020408,0.0,63.6,85.0
2050,2020-06-09,34.8571,53.3195,1.09418,0.0,63.6,85.0
2050,2020-06-10,35.027596153846154,52.45105769230769,-2.065375,0.0,63.6,85.0
2050,2020-06-11,35.13086538461538,52.14673076923077,-4.630586538461539,0.0,63.6,85.0
2050,2020-06-12,35.01461538461538,51.58875,-5.6120769230769225,0.0,63.6,85.0
2050,2020-06-13,34.96701923076923,53.618750000000006,-4.839673076923077,0.0,63.6,85.0
2050,2020-06-14,35.06952830188679,55.30264150943396,-2.9103679245283023,0.0,63.6,85.0
2050,2020-06-15,35.27138613861386,56.97782178217822,-2.2746039603960395,0.0,63.6,85.0
2050,2020-06-16,35.30291262135922,57.249029126213586,-3.4792621359223297,0.0,63.6,85.0
2050,2020-06-17,35.32019801980198,57.45237623762376,-2.7790693069306927,0.0,63.6,85.0
2050,2020-06-18,35.36330097087379,58.84582524271845,-1.2289611650485437,0.0,63.6,85.0
2050,2020-06-19,35.303763440860216,60.22150537634409,-0.9993225806451612,0.0,63.6,85.0
2050,2020-06-20,35.26349056603773,60.34933962264151,-1.9693584905660377,0.0,63.6,85.0
2050,2020-06-21,35.31242424242424,61.037676767676764,0.3502626262626263,0.0,63.6,85.0
2050,2020-06-22,35.430824742268044,61.8398969072165,4.110505154639175,0.0,63.6,85.0
2050,2020-06-23,35.391789473684206,61.03126315789474,5.894778947368422,0.0,63.6,85.0
2050,2020-06-24,35.11,61.739696969696965,2.048636363636364,0.0,63.6,85.0
2050,2020-06-25,35.02930693069307,57.16821782178218,0.4673564356435643,0.0,63.6,85.0
2050,2020-06-26,34.9970297029703,58.40475247524753,7.7823069306930694,0.0,63.6,85.0
2050,2020-06-27,34.96836538461538,61.50451923076923,9.978528846153846,0.0,63.6,85.0
2050,2020-06-28,34.99735294117647,62.72049019607843,9.179323529411766,0.0,63.6,85.0
2050,2020-06-29,34.90257731958763,62.14463917525773,5.972536082474227,0.0,63.6,85.0
2050,2020-06-30,34.86185567010309,61.44680412371134,3.2097628865979377,0.0,63.6,85.0
2050,2020-07-01,35.029489795918366,64.42969387755102,10.280857142857142,0.0,63.6,85.0
2050,2020-07-02,34.821075268817204,66.89344086021505,9.823817204301076,0.0,63.6,85.0
2050,2020-07-03,34.88816326530612,65.63704081632653,8.453326530612244,0.0,63.6,85.0
2050,2020-07-04,34.8555,65.54,7.429779999999999,0.0,63.6,85.0
2050,2020-07-05,34.85886597938144,62.82845360824742,4.947876288659794,0.0,63.6,85.0
2050,2020-07-06,35.06855670103093,60.33731958762887,4.74759793814433,0.0,63.6,85.0
2050,2020-07-07,35.214757281553396,62.572524271844664,6.944679611650486,0.0,63.6,85.0
2050,2020-07-08,35.47752688172043,64.42870967741935,14.450301075268817,0.0,63.6,85.0
2050,2020-07-09,35.30108974358974,68.45698717948717,16.097544871794874,0.0,63.6,85.0
2050,2020-07-10,35.43316326530612,72.00755102040816,16.39142857142857,0.0,63.6,85.0
2050,2020-07-11,35.00233333333333,70.55133333333333,14.482877777777778,0.0,63.6,85.0
2050,2020-07-12,35.13434782608695,67.7304347826087,12.784965217391305,0.0,63.6,85.0
2050,2020-07-13,34.98157894736842,65.24105263157894,11.43390977443609,0.0,63.6,85.0
2050,2020-07-14,34.822985074626864,64.58589552238806,10.18168656716418,0.0,63.6,85.0
2050,2020-07-15,35.02424657534247,61.07856164383561,10.838534246575342,0.0,63.6,85.0
2050,2020-07-16,34.96653225806452,65.96354838709676,12.39416935483871,0.0,63.6,85.0
2050,2020-07-17,34.805,69.53887096774193,6.151733870967742,0.0,63.6,85.0
2050,2020-07-18,35.14203539823009,68.50716814159293,6.6890619469026555,0.0,63.6,85.0
2050,2020-07-19,34.87782945736434,77.25162790697674,5.623426356589148,0.0,63.6,85.0
2050,2020-07-20,35.05423357664234,75.93430656934306,6.146810218978103,0.0,63.6,85.0
2050,2020-07-21,34.57872180451128,76.98842105263157,6.473172932330828,0.0,63.6,85.0
2050,2020-07-22,34.80186046511628,75.14441860465115,13.181581395348838,0.0,63.6,85.0
2050,2020-07-23,35.36677419354838,74.96709677419355,20.630935483870967,0.0,63.6,85.0
2050,2020-07-24,34.91833333333334,75.45871212121212,21.608848484848483,0.0,63.6,85.0
2050,2020-07-25,34.99702702702702,75.9727027027027,25.155751351351352,0.0,63.6,85.0
2050,2020-07-26,34.66969387755102,78.52872448979592,28.808183673469387,0.0,63.6,85.0
2050,2020-07-27,34.94772357723577,76.35048780487806,26.317024390243905,0.0,63.6,85.0
2050,2020-07-28,35.04883720930233,73.15581395348838,25.456062015503875,0.0,63.6,85.0
2050,2020-07-29,35.09,70.99126050420168,26.311495798319328,0.0,63.6,85.0
2050,2020-07-30,34.815657894736844,69.08578947368422,26.143947368421053,0.0,63.6,85.0
2050,2020-07-31,34.94696721311475,69.42557377049181,6.823606557377049,0.0,63.6,85.0
2050,2020-08-01,34.89528735632184,72.02643678160919,14.323586206896552,0.0,63.6,85.0
2050,2020-08-02,34.875125,73.505875,16.7451,0.0,63.6,85.0
2050,2020-08-03,34.81078947368421,71.66131578947369,15.96617105263158,0.0,63.6,85.0
2050,2020-08-04,34.82747191011236,67.09814606741573,1.9510674157303372,0.0,63.6,85.0
2050,2020-08-05,34.921164383561646,62.78054794520548,-1.3979657534246575,0.0,63.6,85.0
2050,2020-08-06,34.66564705882353,60.292647058823526,-4.540758823529411,0.0,63.6,85.0
2050,2020-08-07,34.81294117647059,61.669588235294114,-9.443252941176471,0.0,63.6,85.0
2050,2020-08-08,34.76207920792079,62.59623762376238,-9.174178217821781,0.0,63.6,85.0
2050,2020-08-09,34.768397435897434,63.51576923076922,-9.227217948717948,0.0,63.6,85.0
2050,2020-08-10,34.81831395348837,65.3788953488372,-9.59211046511628,0.0,63.6,85.0
2050,2020-08-11,35.055590551181105,66.66582677165354,-7.936110236220472,0.0,63.6,85.0
2050,2020-08-12,34.73731884057971,68.04695652173913,-8.903246376811593,0.0,63.6,85.0
2050,2020-08-13,34.70891666666667,67.02883333333334,-4.574891666666667,0.0,63.6,85.0
2050,2020-08-14,34.56743119266055,65.31357798165138,-0.8596146788990825,0.0,63.6,85.0
2050,2020-08-15,34.53708661417323,63.92913385826772,-6.077519685039371,0.0,63.6,85.0
2050,2020-08-16,34.67762820512821,63.461730769230776,-6.499576923076923,0.0,63.6,85.0
2050,2020-08-17,34.6033962264151,63.330817610062894,-4.376182389937107,0.0,63.6,85.0
2050,2020-08-18,34.498099173553726,67.6513223140496,15.784859504132232,0.0,63.6,85.0
2050,2020-08-19,34.40463768115942,63.630144927536236,-9.273152173913044,0.0,63.6,85.0
2050,2020-08-20,34.479735099337745,61.16662251655629,-8.844781456953642,0.0,63.6,85.0
2050,2020-08-21,34.568,61.48513333333334,-9.211153333333334,0.0,63.6,85.0
2050,2020-08-22,34.37340579710145,61.34333333333333,-8.674159420289856,0.0,63.6,85.0
2050,2020-08-23,34.409107142857145,66.05428571428573,22.954136904761906,0.0,63.6,85.0
2050,2020-08-24,34.303375,66.19562499999999,21.29405625,0.0,63.6,85.0
2050,2020-08-25,34.23155555555556,65.12096296296296,17.743777777777776,0.0,63.6,85.0
2050,2020-08-26,33.613161764705886,59.27786764705883,12.397191176470589,0.0,63.6,85.0
2050,2020-08-27,33.577844827586205,56.35163793103448,13.304396551724137,0.0,63.6,85.0
2050,2020-08-28,33.86813953488372,60.25147286821705,15.333341085271318,0.0,63.6,85.0
2050,2020-08-29,33.792403100775196,62.72883720930232,12.993891472868217,0.0,63.6,85.0
2050,2020-08-30,33.433493975903616,60.705000000000005,10.225048192771084,0.0,63.6,85.0
2050,2020-08-31,33.59625,60.948392857142856,11.737023809523809,0.0,63.6,85.0
2050,2020-09-01,34.14729559748428,62.543710691823904,13.698496855345914,0.0,63.6,85.0
2050,2020-09-02,33.80183431952663,61.754142011834325,16.984278106508874,0.0,63.6,85.0
2050,2020-09-03,33.818591549295775,59.379436619718305,13.42856338028169,0.0,63.6,85.0
2050,2020-09-04,33.95674796747968,56.71739837398374,16.565227642276422,0.0,63.6,85.0
2050,2020-09-05,33.696528497409325,56.39746113989637,18.967,0.0,63.6,85.0
2050,2020-09-06,33.72586734693878,59.53413265306123,12.992750000000001,0.0,63.6,85.0
2050,2020-09-07,33.94723404255319,60.05920212765957,18.932563829787235,0.0,63.6,85.0
2050,2020-09-08,33.93810975609756,58.597987804878045,12.203371951219513,0.0,63.6,85.0
2050,2020-09-09,33.56493150684932,58.285000000000004,-6.827006849315069,0.0,63.6,85.0
2050,2020-09-10,32.8135625,57.565125,2.524675,0.0,63.6,85.0
2050,2020-09-11,33.14075,57.67166666666667,12.965133333333334,0.0,63.6,85.0
2050,2020-09-12,33.772969696969696,60.40090909090909,16.1538,0.0,63.6,85.0
2050,2020-09-13,33.49839378238342,64.21569948186529,22.132129533678757,0.0,63.6,85.0
2050,2020-09-14,32.993067484662575,60.19515337423312,12.382423312883436,0.0,63.6,85.0
2050,2020-09-15,32.36868263473054,59.401976047904185,10.459275449101797,0.0,63.6,85.0
2050,2020-09-16,32.6259375,57.37229166666666,10.5610625,0.0,63.6,85.0
2050,2020-09-17,33.18604166666667,54.07135416666667,16.807364583333335,0.0,63.6,85.0
2050,2020-09-18,33.782978723404256,43.30936170212766,30.508489361702125,0.0,63.6,85.0
2050,2020-09-19,33.748061224489796,39.78367346938776,28.235581632653062,0.0,63.6,85.0
2050,2020-09-20,32.49907216494845,45.06134020618556,26.743381443298972,0.0,63.6,85.0
2050,2020-09-21,32.5743,46.3104,28.45784,0.0,63.6,85.0
2050,2020-09-22,31.280918367346942,45.79571428571428,32.10070408163266,0.0,63.6,85.0
2050,2020-09-23,33.06905263157895,43.956105263157895,34.02418947368421,0.0,63.6,85.0
2050,2020-09-24,33.71541666666666,43.24552083333333,34.44505208333333,0.0,63.6,85.0
2050,2020-09-25,33.35875,43.035625,33.60301041666667,0.0,63.6,85.0
2050,2020-09-26,33.05030612244898,45.51275510204081,26.464979591836737,0.0,63.6,85.0
2050,2020-09-27,34.38536082474227,47.97536082474227,34.157721649484536,0.0,63.6,85.0
2050,2020-09-28,34.174299999999995,49.9161,33.82908,0.0,63.6,85.0
2050,2020-09-29,33.46420454545454,51.09556818181818,31.883886363636364,0.0,63.6,85.0
2050,2020-09-30,29.704040404040402,49.408080808080804,9.783282828282827,0.0,63.6,85.0
2050,2020-10-01,26.28205882352941,50.09970588235294,-6.665308823529411,0.0,63.6,85.0
2050,2020-10-02,24.48677419354839,50.607311827956984,-9.156172043010752,0.0,63.6,85.0
2050,2020-10-03,23.212368421052634,50.234736842105264,-6.321013157894737,0.0,63.6,85.0
2050,2020-10-04,22.262929292929297,50.58030303030303,-4.270676767676767,0.0,63.6,85.0
2050,2020-10-05,24.363125,51.365208333333335,-2.8110416666666667,0.0,63.6,85.0
2050,2020-10-06,23.562842105263154,52.676736842105264,0.07912631578947368,0.0,63.6,85.0
2050,2020-10-07,19.201684210526317,52.51252631578947,-7.8686105263157895,0.0,63.6,85.0
2050,2020-10-08,14.282020202020203,53.92444444444444,-8.715666666666667,0.0,63.6,85.0
2050,2020-10-09,12.701739130434783,54.50978260869565,-4.33225,0.0,63.6,85.0
2050,2020-10-10,17.288888888888888,53.88455555555555,-7.203077777777779,0.0,63.6,85.0
2050,2020-10-11,16.375212765957446,56.515319148936165,-7.085031914893618,0.0,63.6,85.0
2050,2020-10-12,14.369743589743589,56.84820512820512,-4.864512820512821,0.0,63.6,85.0
2050,2020-10-13,13.81855421686747,57.88915662650603,-7.749433734939759,0.0,63.6,85.0
2050,2020-10-14,14.992395833333333,58.522708333333334,-8.334458333333332,0.0,63.6,85.0
2050,2020-10-15,14.300769230769232,60.33351648351649,-5.856791208791209,0.0,63.6,85.0
2050,2020-10-16,15.971494252873564,61.54252873563218,-9.686045977011494,0.0,63.6,85.0
2050,2020-10-17,12.280515463917526,63.36577319587629,-8.345113402061855,0.0,63.6,85.0
2050,2020-10-18,10.968673469387756,65.01591836734694,-3.568857142857143,0.0,63.6,85.0
2050,2020-10-19,14.588541666666666,64.65864583333334,-7.679291666666667,0.0,63.6,85.0
2051,2020-05-26,37.214285714285715,51.69357142857143,19.942642857142857,0.0,47.0,85.0
2051,2020-05-27,35.843333333333334,53.73,3.286166666666667,0.0,47.0,85.0
2051,2020-05-28,32.5125,58.61,-6.167,0.0,47.0,85.0
2051,2020-05-31,32.805,53.211666666666666,-8.423333333333334,0.0,47.0,85.0
2051,2020-06-02,31.39,54.46,-7.361,0.0,47.0,85.0
2051,2020-06-03,32.16142857142857,53.65714285714286,-7.718714285714285,0.0,47.0,85.0
2051,2020-06-04,35.06878048780488,48.99390243902439,0.07673170731707314,0.0,47.0,85.0
2051,2020-06-05,35.26881720430107,48.64075268817204,5.276387096774194,0.0,47.0,85.0
2051,2020-06-06,35.242916666666666,49.5225,4.613520833333333,0.0,47.0,85.0
2051,2020-06-07,35.2586,49.904700000000005,3.8663,0.0,47.0,85.0
2051,2020-06-08,35.311313131313135,50.54525252525252,3.5833737373737375,0.0,47.0,85.0
2051,2020-06-09,35.340930232558144,50.95232558139534,4.464732558139534,0.0,47.0,85.0
2051,2020-06-10,35.22836538461539,52.248269230769225,7.264451923076924,0.0,47.0,85.0
2051,2020-06-11,35.2735,53.9229,5.975779999999999,0.0,47.0,85.0
2051,2020-06-12,35.35686274509804,58.29058823529412,6.478823529411765,0.0,47.0,85.0
2051,2020-06-13,35.203396226415094,57.31094339622641,5.3711320754716985,0.0,47.0,85.0
2051,2020-06-14,35.31183673469388,56.88316326530612,5.302163265306122,0.0,47.0,85.0
2051,2020-06-15,35.473958333333336,57.18864583333333,7.4930104166666665,0.0,47.0,85.0
2051,2020-06-16,35.46941747572816,57.47553398058252,7.651631067961166,0.0,47.0,85.0
2051,2020-06-17,35.52673469387755,57.17357142857143,9.274132653061224,0.0,47.0,85.0
2051,2020-06-18,35.60226804123712,56.55752577319588,9.824443298969072,0.0,47.0,85.0
2051,2020-06-19,35.6007,56.1104,9.88014,0.0,47.0,85.0
2051,2020-06-20,35.47673267326733,56.08346534653466,9.36180198019802,0.0,47.0,85.0
2051,2020-06-21,35.47175257731959,56.27226804123711,10.559494845360824,0.0,47.0,85.0
2051,2020-06-22,35.34465517241379,56.735,10.477844827586207,0.0,47.0,85.0
2051,2020-06-23,35.82684210526316,61.084210526315786,15.660815789473684,0.0,47.0,85.0
2051,2020-06-24,35.48552941176471,62.99458823529412,13.427705882352942,0.0,47.0,85.0
2051,2020-06-25,35.48670103092783,60.909278350515464,12.319876288659794,0.0,47.0,85.0
2051,2020-06-26,35.318400000000004,60.2341,11.36207,0.0,47.0,85.0
2051,2020-06-27,35.21433962264151,60.28367924528302,9.215745283018869,0.0,47.0,85.0
2051,2020-06-28,35.2203125,59.9390625,9.5775,0.0,47.0,85.0
2051,2020-06-29,35.095360824742265,60.97628865979381,10.524474226804124,0.0,47.0,85.0
2051,2020-06-30,35.04053191489361,62.30691489361703,10.07836170212766,0.0,47.0,85.0
2051,2020-07-01,35.10183098591549,62.18352112676056,11.290507042253521,0.0,47.0,85.0
2051,2020-07-04,35.14176470588235,62.79176470588236,11.462205882352942,0.0,47.0,85.0
2051,2020-07-05,35.27112781954887,61.45421052631579,9.442263157894736,0.0,47.0,85.0
2051,2020-07-06,35.31552083333333,60.487187500000005,10.147854166666667,0.0,47.0,85.0
2051,2020-07-07,35.53865979381443,59.912783505154636,8.745958762886598,0.0,47.0,85.0
2051,2020-07-08,35.72618556701031,59.67835051546392,-2.6045051546391753,0.0,47.0,85.0
2051,2020-07-09,35.44589041095891,63.29164383561644,-1.276890410958904,0.0,47.0,85.0
2051,2020-07-13,34.86636363636364,63.808484848484845,4.338454545454546,0.0,47.0,85.0
2051,2020-07-14,34.93768518518519,62.65296296296297,-0.4736851851851852,0.0,47.0,85.0
2051,2020-07-15,35.19707142857143,59.825357142857136,5.0943,0.0,47.0,85.0
2051,2020-07-16,35.23731958762887,59.89278350515464,7.398773195876289,0.0,47.0,85.0
2051,2020-07-17,35.21893203883495,60.356407766990294,5.932203883495146,0.0,47.0,85.0
2051,2020-07-18,35.20078125,60.05078125,1.2219218749999998,0.0,47.0,85.0
2051,2020-07-22,35.17065934065934,63.99318681318682,8.231296703296703,0.0,47.0,85.0
2051,2020-07-23,35.2258,65.3861,11.91129,0.0,47.0,85.0
2051,2020-07-24,35.186341463414635,65.85926829268293,14.614048780487806,0.0,47.0,85.0
2051,2020-07-26,35.10818181818182,66.86863636363636,11.33575,0.0,47.0,85.0
2051,2020-07-27,35.32306122448979,65.77367346938775,9.358602040816328,0.0,47.0,85.0
2051,2020-07-28,35.15172043010753,65.45290322580645,8.399021505376345,0.0,47.0,85.0
2051,2020-07-29,35.0988829787234,64.87984042553191,4.88111170212766,0.0,47.0,85.0
2051,2020-08-19,34.3409756097561,57.29829268292683,-9.99709756097561,0.0,47.0,85.0
2051,2020-08-20,34.361285714285714,56.245000000000005,-9.856185714285715,0.0,47.0,85.0
2051,2020-09-02,32.989879518072286,54.77301204819277,-9.590578313253012,0.0,47.0,85.0
2051,2020-09-03,32.94294314381271,55.943010033444814,-9.22080602006689,0.0,47.0,85.0
2051,2020-09-04,33.473820224719105,56.21179775280899,-9.692730337078652,0.0,47.0,85.0
2051,2020-09-05,32.63226804123711,56.33030927835051,-9.483546391752578,0.0,47.0,85.0
2051,2020-09-06,31.93550264550265,56.95367724867725,-8.913455026455027,0.0,47.0,85.0
2051,2020-09-07,31.474123711340205,57.00216494845361,-9.531525773195876,0.0,47.0,85.0
2051,2020-09-12,31.62493333333333,57.77746666666667,-7.283426666666666,0.0,47.0,85.0
2051,2020-09-13,30.975303643724693,57.68542510121457,-9.838425101214574,0.0,47.0,85.0
2051,2020-09-14,29.993804347826085,59.09619565217392,-10.0,0.0,47.0,85.0
2051,2020-09-15,28.663636363636364,60.120000000000005,-9.786553719008264,0.0,47.0,85.0
2051,2020-09-16,27.823030303030304,60.99767676767677,-9.872606060606062,0.0,47.0,85.0
2051,2020-09-17,29.998210526315788,60.54378947368421,-2.9787368421052633,0.0,47.0,85.0
2051,2020-09-18,33.247319587628866,59.15082474226804,14.294525773195875,0.0,47.0,85.0
2051,2020-09-19,34.75247619047619,57.22695238095238,13.893857142857144,0.0,47.0,85.0
2051,2020-09-20,34.843877551020405,56.32142857142857,11.69795918367347,0.0,47.0,85.0
2051,2020-09-21,32.59762886597938,56.90257731958763,9.295711340206186,0.0,47.0,85.0
2051,2020-09-22,28.977765957446806,56.34936170212766,10.856648936170213,0.0,47.0,85.0
2051,2020-09-23,31.34144329896907,53.848453608247425,11.74017525773196,0.0,47.0,85.0
2051,2020-09-24,33.22727272727273,52.119696969696975,12.200828282828283,0.0,47.0,85.0
2051,2020-09-25,31.788367346938774,49.941122448979584,11.721877551020407,0.0,47.0,85.0
2051,2020-09-26,28.682929292929295,50.376666666666665,9.460484848484848,0.0,47.0,85.0
2051,2020-09-27,31.423009708737865,50.28291262135922,10.065174757281554,0.0,47.0,85.0
2051,2020-09-28,31.184949494949496,51.744040404040405,9.063464646464647,0.0,47.0,85.0
2051,2020-09-29,30.819897959183674,53.22479591836734,4.486887755102041,0.0,47.0,85.0
2051,2020-09-30,26.339299999999998,55.61109999999999,-8.1614,0.0,47.0,85.0
2051,2020-10-01,22.843999999999998,57.15092307692308,-4.7782,0.0,47.0,85.0
2051,2020-10-02,20.161612903225805,58.49741935483871,-8.093086021505377,0.0,47.0,85.0
2051,2020-10-03,18.08710843373494,59.01072289156627,-3.6252289156626505,0.0,47.0,85.0
2051,2020-10-04,17.615252525252526,61.20535353535354,-3.2702020202020203,0.0,47.0,85.0
2051,2020-10-05,19.76091836734694,62.50265306122449,-6.743132653061225,0.0,47.0,85.0
2051,2020-10-06,20.581145833333334,64.59489583333333,-8.622447916666667,0.0,47.0,85.0
2051,2020-10-07,17.574,66.77533333333334,-9.3842,0.0,47.0,85.0
2051,2020-10-08,15.40838383838384,68.51424242424243,-7.244838383838384,0.0,47.0,85.0
2051,2020-10-09,13.299684210526316,71.56884210526316,-5.585031578947368,0.0,47.0,85.0
2051,2020-10-10,17.71020618556701,71.31701030927834,-7.872134020618557,0.0,47.0,85.0
2051,2020-10-11,17.434166666666666,74.80114583333334,-8.584604166666667,0.0,47.0,85.0
2051,2020-10-12,13.055731707317072,75.68560975609756,-6.60398780487805,0.0,47.0,85.0
2051,2020-10-13,11.763666666666667,77.36166666666666,-7.965533333333334,0.0,47.0,85.0
2051,2020-10-15,19.329285714285714,77.05142857142857,-8.922785714285714,0.0,47.0,85.0
2051,2020-10-16,16.589292929292927,78.48969696969696,-9.70039393939394,0.0,47.0,85.0
2051,2020-10-17,13.55978947368421,79.5881052631579,-8.754978947368421,0.0,47.0,85.0
2051,2020-10-18,10.98021052631579,80.55884210526315,-5.601915789473685,0.0,47.0,85.0
2051,2020-10-19,14.721282051282051,79.90564102564103,-9.127500000000001,0.0,47.0,85.0
2051,2020-11-02,28.705384615384617,45.43,8.093,0.0,47.0,85.0
2051,2020-11-03,25.04906666666667,59.93333333333333,-4.0519066666666665,0.0,47.0,85.0
2051,2020-11-05,11.45625,78.16875,-1.5155625000000001,0.0,47.0,85.0
2052,2020-05-26,37.239999999999995,42.39,25.567999999999998,0.0,39.8,85.0
2052,2020-05-27,34.495,53.5075,4.5995,0.0,39.8,85.0
2052,2020-05-28,34.07,52.72333333333333,-7.603666666666666,0.0,39.8,85.0
2052,2020-05-29,35.53,47.07,-2.571333333333333,0.0,39.8,85.0
2052,2020-05-30,33.12571428571429,52.67142857142857,-8.01,0.0,39.8,85.0
2052,2020-05-31,31.89,47.195,-8.9885,0.0,39.8,85.0
2052,2020-06-02,33.557857142857145,45.25142857142857,17.63642857142857,0.0,39.8,85.0
2052,2020-06-03,31.49375,43.685,13.313875,0.0,39.8,85.0
2052,2020-06-04,33.31,42.42666666666667,3.602,0.0,39.8,85.0
2052,2020-06-05,33.81066666666667,42.07266666666667,-4.566000000000001,0.0,39.8,85.0
2052,2020-06-06,33.48810344827586,42.259827586206896,-9.191379310344828,0.0,39.8,85.0
2052,2020-06-07,33.04518518518518,43.76333333333333,-9.898259259259259,0.0,39.8,85.0
2052,2020-06-08,32.73655172413793,42.59,-9.682793103448276,0.0,39.8,85.0
2052,2020-06-09,34.11705882352941,41.20411764705882,-8.044294117647059,0.0,39.8,85.0
2052,2020-06-10,34.90217391304348,46.92434782608696,-7.163695652173913,0.0,39.8,85.0
2052,2020-06-11,35.07296296296296,51.4812962962963,-8.764777777777779,0.0,39.8,85.0
2052,2020-06-12,34.998,51.02838095238095,-9.645142857142858,0.0,39.8,85.0
2052,2020-06-13,34.879238095238094,49.60409523809524,-9.604561904761905,0.0,39.8,85.0
2052,2020-06-14,35.0422,50.3866,-9.177380000000001,0.0,39.8,85.0
2052,2020-06-15,35.16601941747573,50.83796116504855,-8.588339805825242,0.0,39.8,85.0
2052,2020-06-16,35.32409523809524,51.57028571428572,-8.985619047619048,0.0,39.8,85.0
2052,2020-06-17,35.409278350515464,52.30051546391752,-8.78639175257732,0.0,39.8,85.0
2052,2020-06-18,35.44051020408163,51.87897959183674,-7.273724489795919,0.0,39.8,85.0
2052,2020-06-19,35.36,52.322547169811315,-6.586688679245283,0.0,39.8,85.0
2052,2020-06-20,35.30428571428571,53.966339285714284,-5.873133928571429,0.0,39.8,85.0
2052,2020-06-21,35.273663366336635,54.77168316831683,-6.204970297029703,0.0,39.8,85.0
2052,2020-06-22,35.19183673469388,56.08255102040817,-5.311673469387755,0.0,39.8,85.0
2052,2020-06-23,35.4450495049505,57.93643564356436,-1.3683564356435645,0.0,39.8,85.0
2052,2020-06-24,35.037211538461534,60.42211538461538,-5.520788461538462,0.0,39.8,85.0
2052,2020-06-25,35.11723809523809,58.014761904761905,-7.178704761904762,0.0,39.8,85.0
2052,2020-06-26,34.806176470588234,56.68,-5.219882352941177,0.0,39.8,85.0
2052,2020-06-27,34.756530612244894,56.52438775510205,-1.4353367346938777,0.0,39.8,85.0
2052,2020-06-28,34.92233766233766,57.443636363636365,-3.1745844155844156,0.0,39.8,85.0
2052,2020-06-29,34.54178947368421,58.897263157894734,-2.589010526315789,0.0,39.8,85.0
2052,2020-06-30,34.38134020618556,59.54175257731959,-2.922896907216495,0.0,39.8,85.0
2052,2020-07-01,34.42336842105263,59.65557894736842,0.5366526315789474,0.0,39.8,85.0
2052,2020-07-02,34.55472527472528,61.17934065934065,4.473362637362637,0.0,39.8,85.0
2052,2020-07-03,34.534418604651165,61.09011627906977,2.697593023255814,0.0,39.8,85.0
2052,2020-07-04,34.44042105263158,59.47442105263158,2.5397052631578947,0.0,39.8,85.0
2052,2020-07-05,34.50959183673469,56.81591836734694,-1.524795918367347,0.0,39.8,85.0
2052,2020-07-06,34.901855670103096,54.562577319587625,-3.1599999999999997,0.0,39.8,85.0
2052,2020-07-07,34.77989473684211,52.80726315789473,0.2167578947368421,0.0,39.8,85.0
2052,2020-07-08,35.0360824742268,53.75051546391753,3.6007319587628865,0.0,39.8,85.0
2052,2020-07-09,35.15157894736842,55.56885964912281,4.580140350877192,0.0,39.8,85.0
2052,2020-07-10,35.58734513274336,58.16637168141593,4.4476637168141595,0.0,39.8,85.0
2052,2020-07-11,35.04658333333334,60.879,-0.7848166666666666,0.0,39.8,85.0
2052,2020-07-12,35.184910714285714,61.04785714285714,-6.776053571428571,0.0,39.8,85.0
2052,2020-07-13,35.08127450980392,58.92745098039216,-7.982127450980393,0.0,39.8,85.0
2052,2020-07-14,35.03565517241379,57.07972413793103,-8.493841379310345,0.0,39.8,85.0
2052,2020-07-15,35.06028846153846,55.41125,-8.213028846153845,0.0,39.8,85.0
2052,2020-07-16,35.007881355932206,54.28228813559323,-8.687847457627118,0.0,39.8,85.0
2052,2020-07-17,34.93721428571428,53.994571428571426,-7.746857142857142,0.0,39.8,85.0
2052,2020-07-18,34.96057692307692,54.552115384615384,-5.01435576923077,0.0,39.8,85.0
2052,2020-07-19,35.03151515151515,57.26141414141414,-0.1479191919191919,0.0,39.8,85.0
2052,2020-07-20,35.15564356435643,59.219009900990095,-5.153336633663366,0.0,39.8,85.0
2052,2020-07-21,35.036415094339624,58.371320754716976,-9.519377358490566,0.0,39.8,85.0
2052,2020-07-22,35.00534482758621,56.68387931034483,-9.259586206896552,0.0,39.8,85.0
2052,2020-07-23,35.018469387755104,58.04704081632653,-8.87045918367347,0.0,39.8,85.0
2052,2020-07-24,35.025925925925925,59.87611111111111,-8.871009259259258,0.0,39.8,85.0
2052,2020-07-25,34.92629629629629,59.509537037037035,-6.833092592592593,0.0,39.8,85.0
2052,2020-07-26,34.97654545454545,59.693090909090905,-8.796818181818182,0.0,39.8,85.0
2052,2020-07-27,35.05866666666667,60.42,-9.818638095238096,0.0,39.8,85.0
2052,2020-07-28,35.04684563758389,60.675369127516774,-9.445953020134228,0.0,39.8,85.0
2052,2020-07-29,35.00754716981132,60.02874213836478,-9.11138993710692,0.0,39.8,85.0
2052,2020-07-30,35.03482993197279,59.55374149659864,-7.731081632653061,0.0,39.8,85.0
2052,2020-07-31,35.00853107344633,60.04768361581921,-8.925649717514125,0.0,39.8,85.0
2052,2020-08-01,34.91932038834951,59.78,-6.642961165048544,0.0,39.8,85.0
2052,2020-08-02,34.89320512820513,60.58512820512821,-6.558525641025641,0.0,39.8,85.0
2052,2020-08-03,34.88671328671329,61.105664335664336,-9.833741258741258,0.0,39.8,85.0
2052,2020-08-04,34.54271523178808,60.637814569536424,-10.0,0.0,39.8,85.0
2052,2020-08-05,34.5427397260274,60.58232876712329,-10.0,0.0,39.8,85.0
2052,2020-08-06,34.568385093167706,56.56434782608696,-10.0,0.0,39.8,85.0
2052,2020-08-07,34.73621428571428,55.479642857142856,-10.0,0.0,39.8,85.0
2052,2020-08-08,34.781470588235294,55.87058823529412,-10.0,0.0,39.8,85.0
2052,2020-08-09,34.70317073170732,56.35040650406504,-10.0,0.0,39.8,85.0
2052,2020-08-10,34.89279069767442,57.37866279069767,-10.0,0.0,39.8,85.0
2052,2020-08-11,34.997387387387384,58.51513513513514,-10.0,0.0,39.8,85.0
2052,2020-08-12,34.78101449275362,60.92956521739131,-10.0,0.0,39.8,85.0
2052,2020-08-13,34.7515,59.28025,-9.993616666666666,0.0,39.8,85.0
2052,2020-08-14,34.57157480314961,57.86732283464567,-10.0,0.0,39.8,85.0
2052,2020-08-15,34.622800000000005,57.51632,-10.0,0.0,39.8,85.0
2052,2020-08-16,34.60012048192771,57.47710843373494,-10.0,0.0,39.8,85.0
2052,2020-08-17,34.289195979899496,58.544020100502514,-10.0,0.0,39.8,85.0
2052,2020-08-18,34.2734965034965,59.004125874125876,-10.0,0.0,39.8,85.0
2052,2020-08-19,34.19993243243243,57.38621621621621,-9.983972972972973,0.0,39.8,85.0
2052,2020-08-20,34.459329268292684,55.17640243902439,-9.926853658536585,0.0,39.8,85.0
2052,2020-08-21,34.486273291925464,56.12795031055901,-9.78685093167702,0.0,39.8,85.0
2052,2020-08-22,34.51865771812081,55.57563758389262,-9.810020134228187,0.0,39.8,85.0
2052,2020-08-23,34.43666666666667,55.945034013605444,-9.364945578231293,0.0,39.8,85.0
2052,2020-08-24,34.4920945945946,56.64425675675676,-9.874270270270271,0.0,39.8,85.0
2052,2020-08-25,34.51071942446043,57.75482014388489,-9.824071942446043,0.0,39.8,85.0
2052,2020-08-26,33.992,56.57614814814815,-9.958792592592593,0.0,39.8,85.0
2052,2020-08-27,33.925172413793106,54.43991379310344,-9.60396551724138,0.0,39.8,85.0
2052,2020-08-28,34.015859375,54.362109375,-8.3882421875,0.0,39.8,85.0
2052,2020-08-29,33.63705882352941,55.194621848739494,-8.847159663865545,0.0,39.8,85.0
2052,2020-08-30,33.52120967741936,54.93193548387097,-9.604830645161291,0.0,39.8,85.0
2052,2020-08-31,33.50816666666667,54.05408333333333,-9.658966666666666,0.0,39.8,85.0
2052,2020-09-01,33.95240310077519,54.23744186046512,-8.96786046511628,0.0,39.8,85.0
2052,2020-09-02,33.73810344827586,55.41206896551724,-9.694008620689656,0.0,39.8,85.0
2052,2020-09-03,33.737768595041324,55.47487603305785,-9.970702479338842,0.0,39.8,85.0
2052,2020-09-04,34.123652173913044,54.68782608695653,-9.612139130434782,0.0,39.8,85.0
2052,2020-09-05,33.833553719008265,54.32396694214876,-9.369561983471074,0.0,39.8,85.0
2052,2020-09-06,32.90183673469388,57.013571428571424,-3.987020408163265,0.0,39.8,85.0
2052,2020-09-07,32.8942,57.778400000000005,-6.6428899999999995,0.0,39.8,85.0
2052,2020-09-08,33.46478260869565,57.514347826086954,-9.152547826086957,0.0,39.8,85.0
2052,2020-09-09,33.1743023255814,57.34680232558139,-9.80818023255814,0.0,39.8,85.0
2052,2020-09-10,31.928363636363635,57.555181818181815,-10.0,0.0,39.8,85.0
2052,2020-09-11,31.921746031746032,57.59444444444444,-9.952515873015873,0.0,39.8,85.0
2052,2020-09-12,32.654788732394366,56.93401408450704,-9.870260563380281,0.0,39.8,85.0
2052,2020-09-13,32.704251497005984,55.98125748502994,-9.725808383233533,0.0,39.8,85.0
2052,2020-09-14,32.4476,55.91656,-10.0,0.0,39.8,85.0
2052,2020-09-15,31.013703703703705,56.91462962962963,-9.91087037037037,0.0,39.8,85.0
2052,2020-10-20,15.106279069767442,55.63953488372093,-3.3339767441860464,0.0,39.8,85.0
2052,2020-10-21,12.683645833333335,56.16135416666666,-3.3085729166666664,0.0,39.8,85.0
2052,2020-10-22,16.497464788732394,55.78366197183099,-1.2090422535211267,0.0,39.8,85.0
2052,2020-10-23,15.675,56.578936170212764,-2.690627659574468,0.0,39.8,85.0
2052,2020-10-24,17.215473684210526,56.17463157894737,-3.093463157894737,0.0,39.8,85.0
2052,2020-10-25,14.240105263157893,57.665684210526315,-2.1866947368421052,0.0,39.8,85.0
2052,2020-10-26,10.09375,58.72635416666666,0.17795833333333333,0.0,39.8,85.0
2052,2020-10-27,9.100877192982455,58.73315789473684,0.23103508771929826,0.0,39.8,85.0
2052,2020-10-28,17.898170731707317,57.82231707317074,-1.9115853658536586,0.0,39.8,85.0
2052,2020-10-29,15.612736842105264,57.79105263157894,-1.726821052631579,0.0,39.8,85.0
2052,2020-10-30,8.301935483870968,58.67532258064516,1.6692419354838708,0.0,39.8,85.0
2052,2020-10-31,9.304193548387097,58.2183870967742,0.4085591397849462,0.0,39.8,85.0
2052,2020-11-01,10.581808510638298,57.85340425531915,-0.9819148936170212,0.0,39.8,85.0
2052,2020-11-02,14.256583333333333,54.59466666666666,-2.9530833333333333,0.0,39.8,85.0
2052,2020-11-03,15.162631578947368,57.14651315789474,-1.791888157894737,0.0,39.8,85.0
2052,2020-11-04,6.935959595959596,59.31020202020202,-0.39171717171717174,0.0,39.8,85.0
2052,2020-11-05,12.216144578313253,58.489638554216874,-1.1696506024096387,0.0,39.8,85.0
2053,2020-05-26,39.254999999999995,44.885,-9.559000000000001,0.0,30.8,85.0
2053,2020-05-27,34.6425,53.03,-6.94475,0.0,30.8,85.0
2053,2020-05-28,34.4925,58.2725,-9.692,0.0,30.8,85.0
2053,2020-05-29,36.824999999999996,57.88333333333333,-9.774166666666666,0.0,30.8,85.0
2053,2020-05-30,33.22909090909091,56.68636363636363,-9.524090909090908,0.0,30.8,85.0
2053,2020-05-31,31.209999999999997,51.096666666666664,-10.0,0.0,30.8,85.0
2053,2020-06-01,34.025000000000006,53.25,-10.0,0.0,30.8,85.0
2053,2020-06-02,33.318636363636365,52.573181818181816,-10.0,0.0,30.8,85.0
2053,2020-06-03,33.855714285714285,49.20142857142857,-9.705571428571428,0.0,30.8,85.0
2053,2020-06-04,35.09057142857143,47.95742857142857,-9.796085714285715,0.0,30.8,85.0
2053,2020-06-05,35.0249504950495,50.950693069306936,-9.542514851485148,0.0,30.8,85.0
2053,2020-06-06,34.54352941176471,65.3350980392157,-9.011529411764707,0.0,30.8,85.0
2053,2020-06-07,34.53907216494845,77.54298969072165,10.491051546391752,0.0,30.8,85.0
2053,2020-06-08,34.60414141414142,81.50191919191919,22.78410101010101,0.0,30.8,85.0
2053,2020-06-09,34.660760869565216,80.24652173913044,22.667663043478264,0.0,30.8,85.0
2053,2020-06-10,34.63990384615385,79.42125,21.358009615384617,0.0,30.8,85.0
2053,2020-06-11,34.75682692307692,78.32471153846154,21.269826923076923,0.0,30.8,85.0
2053,2020-06-12,34.5842,78.1083,19.27401,0.0,30.8,85.0
2053,2020-06-13,34.54970873786408,75.18533980582525,18.687631067961167,0.0,30.8,85.0
2053,2020-06-14,34.73214953271028,75.8903738317757,20.085925233644858,0.0,30.8,85.0
2053,2020-06-15,34.82313131313131,74.0549494949495,19.216686868686867,0.0,30.8,85.0
2053,2020-06-16,35.078529411764706,59.408529411764704,19.082107843137255,0.0,30.8,85.0
2053,2020-06-17,35.15418367346939,56.487040816326534,0.769326530612245,0.0,30.8,85.0
2053,2020-06-18,35.199793814432994,55.87237113402062,-2.3158453608247425,0.0,30.8,85.0
2053,2020-06-19,35.22270833333334,55.183125,-0.8577916666666666,0.0,30.8,85.0
2053,2020-06-20,35.176990291262136,55.27766990291263,0.7943009708737865,0.0,30.8,85.0
2053,2020-06-21,35.244803921568625,56.4228431372549,3.1561764705882354,0.0,30.8,85.0
2053,2020-06-22,35.257,57.8701,3.52319,0.0,30.8,85.0
2053,2020-06-23,35.50019230769231,59.14009615384615,3.1269134615384617,0.0,30.8,85.0
2053,2020-06-24,35.14730769230769,61.03884615384615,-6.912259615384615,0.0,30.8,85.0
2053,2020-06-25,35.24076923076923,60.665,-8.63826923076923,0.0,30.8,85.0
2053,2020-06-26,35.115436893203885,59.38825242718446,-6.702349514563107,0.0,30.8,85.0
2053,2020-06-27,34.993469387755106,59.52346938775511,-4.055959183673469,0.0,30.8,85.0
2053,2020-06-28,35.12621951219512,59.798780487804876,-4.062329268292682,0.0,30.8,85.0
2053,2020-06-29,35.04717391304348,60.30782608695652,-1.4888478260869564,0.0,30.8,85.0
2053,2020-06-30,35.0660824742268,60.69556701030928,-0.4906804123711341,0.0,30.8,85.0
2053,2020-07-01,35.14724489795918,61.47408163265306,3.02165306122449,0.0,30.8,85.0
2053,2020-07-02,35.118720930232556,62.47744186046512,6.6034999999999995,0.0,30.8,85.0
2053,2020-07-03,35.15395604395604,62.449450549450546,3.8836483516483513,0.0,30.8,85.0
2053,2020-07-04,35.1878431372549,60.89990196078431,4.343323529411765,0.0,30.8,85.0
2053,2020-07-05,35.11920792079208,59.07386138613862,-2.1198217821782177,0.0,30.8,85.0
2053,2020-07-06,35.1843,58.0608,-3.6753000000000005,0.0,30.8,85.0
2053,2020-07-07,35.17020202020202,57.0820202020202,-2.5775959595959597,0.0,30.8,85.0
2053,2020-07-08,35.2678,57.4428,2.16047,0.0,30.8,85.0
2053,2020-07-09,35.32173553719009,59.02520661157025,3.6636363636363636,0.0,30.8,85.0
2053,2020-07-10,34.936120689655176,61.521465517241374,3.4663620689655175,0.0,30.8,85.0
2053,2020-07-11,34.653416666666665,62.68091666666667,-4.75,0.0,30.8,85.0
2053,2020-07-12,35.07107142857143,63.02669642857143,-6.832607142857142,0.0,30.8,85.0
2053,2020-07-13,35.17024590163935,61.93065573770492,-7.303286885245901,0.0,30.8,85.0
2053,2020-07-14,34.774098360655735,59.23655737704918,-8.326409836065574,0.0,30.8,85.0
2053,2020-07-15,34.9072380952381,55.555142857142854,-9.580914285714286,0.0,30.8,85.0
2053,2020-07-16,34.92675675675675,54.81603603603604,-9.772198198198197,0.0,30.8,85.0
2053,2020-07-17,34.988608695652175,54.97634782608696,-8.588860869565218,0.0,30.8,85.0
2053,2020-07-18,35.15649572649573,56.31777777777778,-6.365401709401709,0.0,30.8,85.0
2053,2020-07-19,35.10737373737374,59.19717171717171,-5.958050505050505,0.0,30.8,85.0
2053,2020-07-20,35.34564814814815,61.36212962962963,-4.119481481481482,0.0,30.8,85.0
2053,2020-07-21,35.458073394495415,61.8848623853211,1.3246330275229357,0.0,30.8,85.0
2053,2020-07-22,35.2670297029703,62.32148514851485,0.3127029702970297,0.0,30.8,85.0
2053,2020-07-23,35.17053571428571,63.834017857142854,3.215357142857143,0.0,30.8,85.0
2053,2020-07-24,35.18,63.658240740740744,4.05512037037037,0.0,30.8,85.0
2053,2020-07-25,35.15857142857143,63.387857142857136,4.097196428571428,0.0,30.8,85.0
2053,2020-07-26,35.08155737704918,63.80426229508197,2.1921229508196722,0.0,30.8,85.0
2053,2020-07-27,35.355981308411216,63.61205607476635,-1.696822429906542,0.0,30.8,85.0
2053,2020-07-28,35.42206611570248,63.64371900826447,0.014851239669421416,0.0,30.8,85.0
2053,2020-07-29,35.311353383458645,63.15413533834587,2.1007368421052632,0.0,30.8,85.0
2053,2020-07-30,35.16090909090909,62.82142857142857,0.05118181818181824,0.0,30.8,85.0
2053,2020-07-31,35.16623595505618,62.6829213483146,0.13993820224719106,0.0,30.8,85.0
2053,2020-08-01,35.12273504273504,63.290341880341884,0.9108034188034188,0.0,30.8,85.0
2053,2020-08-02,35.04048387096774,64.44887096774194,-1.0621935483870968,0.0,30.8,85.0
2053,2020-08-03,35.114375,65.27494318181817,-7.483113636363637,0.0,30.8,85.0
2053,2020-08-04,34.72700636942675,66.06853503184713,-10.0,0.0,30.8,85.0
2053,2020-08-05,34.68201438848921,66.51971223021583,-10.0,0.0,30.8,85.0
2053,2020-08-06,34.50335526315789,63.84736842105263,-10.0,0.0,30.8,85.0
2053,2020-08-07,34.78176056338028,63.219577464788735,-10.0,0.0,30.8,85.0
2053,2020-08-08,34.79141509433962,63.37443396226415,-10.0,0.0,30.8,85.0
2053,2020-08-09,34.6796,63.23064,-9.995040000000001,0.0,30.8,85.0
2053,2020-08-10,34.767919463087246,62.78348993288591,-10.0,0.0,30.8,85.0
2053,2020-08-11,34.98490909090909,62.848,-10.0,0.0,30.8,85.0
2053,2020-08-12,34.97216560509554,64.1536305732484,-10.0,0.0,30.8,85.0
2053,2020-08-13,34.83130769230769,63.104615384615386,-10.0,0.0,30.8,85.0
2053,2020-08-14,34.6243661971831,60.69295774647887,-10.0,0.0,30.8,85.0
2053,2020-08-15,34.68848739495799,59.146470588235296,-10.0,0.0,30.8,85.0
2053,2020-08-16,34.755214723926386,58.40239263803681,-10.0,0.0,30.8,85.0
2053,2020-08-17,34.44505882352941,59.37688235294117,-10.0,0.0,30.8,85.0
2053,2020-08-18,34.45386666666666,59.358266666666665,-10.0,0.0,30.8,85.0
2053,2020-08-19,34.391494252873564,58.551264367816096,-10.0,0.0,30.8,85.0
2053,2020-08-20,34.426898734177215,57.53917721518987,-10.0,0.0,30.8,85.0
2053,2020-08-21,34.38287581699346,57.54960784313725,-10.0,0.0,30.8,85.0
2053,2020-08-22,34.460902777777775,56.835277777777776,-9.907569444444444,0.0,30.8,85.0
2053,2020-08-23,34.2856462585034,57.48401360544217,-9.888578231292518,0.0,30.8,85.0
2053,2020-08-24,34.2875,57.304875,-9.971425,0.0,30.8,85.0
2053,2020-08-25,34.310500000000005,57.742312500000004,-10.0,0.0,30.8,85.0
2053,2020-08-26,33.971428571428575,57.00909090909091,-9.898233766233766,0.0,30.8,85.0
2053,2020-08-27,33.88105691056911,55.64455284552845,-9.660967479674797,0.0,30.8,85.0
2053,2020-08-28,34.058113207547166,55.12452830188679,-8.374528301886793,0.0,30.8,85.0
2053,2020-08-29,33.34451327433628,55.51203539823008,-8.90178761061947,0.0,30.8,85.0
2053,2020-08-30,33.54024390243902,56.54682926829268,-9.75449593495935,0.0,30.8,85.0
2053,2020-08-31,33.701495327102805,55.77242990654205,-9.150205607476636,0.0,30.8,85.0
2053,2020-09-01,33.93689393939394,55.79242424242425,-7.501143939393939,0.0,30.8,85.0
2053,2020-09-02,33.31325396825397,56.23015873015873,-8.596055555555557,0.0,30.8,85.0
2053,2020-09-03,33.535702479338845,55.91545454545455,-9.971760330578514,0.0,30.8,85.0
2053,2020-09-04,33.65102564102564,55.53401709401709,-9.749965811965813,0.0,30.8,85.0
2053,2020-09-05,33.406724137931036,54.554482758620686,-9.675672413793103,0.0,30.8,85.0
2053,2020-09-06,33.54716981132076,54.426886792452834,-9.603254716981132,0.0,30.8,85.0
2053,2020-09-07,33.241037735849055,55.261698113207544,-9.099981132075472,0.0,30.8,85.0
2053,2020-09-08,33.38872727272727,56.45809090909091,-9.980372727272727,0.0,30.8,85.0
2053,2020-09-09,32.45935897435897,55.576153846153844,-9.997038461538462,0.0,30.8,85.0
2053,2020-09-10,32.51808510638298,54.593120567375884,-10.0,0.0,30.8,85.0
2053,2020-09-11,32.38982456140351,54.60763157894737,-9.972973684210528,0.0,30.8,85.0
2053,2020-09-12,33.44780487804878,54.12365853658537,-9.839252032520326,0.0,30.8,85.0
2053,2020-09-13,31.915602836879437,55.14879432624113,-9.136382978723404,0.0,30.8,85.0
2053,2020-09-14,31.811307189542486,55.164575163398695,-9.975738562091504,0.0,30.8,85.0
2053,2020-09-15,31.613115942028983,55.4336231884058,-8.998065217391304,0.0,30.8,85.0
2053,2020-09-16,32.423814432989694,54.46958762886598,3.111226804123711,0.0,30.8,85.0
2053,2020-09-17,33.64795698924731,52.803870967741936,10.70741935483871,0.0,30.8,85.0
2053,2020-09-18,32.43783505154639,51.94360824742268,5.6957731958762885,0.0,30.8,85.0
2053,2020-09-19,28.837244897959184,51.63622448979592,4.279561224489796,0.0,30.8,85.0
2053,2020-09-20,25.946875000000002,52.35364583333333,6.173333333333333,0.0,30.8,85.0
2053,2020-09-21,24.57221052631579,52.39442105263158,4.105873684210526,0.0,30.8,85.0
2053,2020-09-22,25.753263157894736,51.63473684210526,-0.08242105263157898,0.0,30.8,85.0
2053,2020-09-23,27.765773195876292,50.72134020618557,6.018731958762887,0.0,30.8,85.0
2053,2020-09-24,28.537916666666664,50.12041666666667,7.645302083333333,0.0,30.8,85.0
2053,2020-09-25,27.90123711340206,49.95680412371134,6.951329896907216,0.0,30.8,85.0
2053,2020-09-26,28.335454545454546,48.750202020202025,8.329636363636364,0.0,30.8,85.0
2053,2020-09-27,31.313333333333333,47.49114583333333,8.4625,0.0,30.8,85.0
2053,2020-09-28,29.06278350515464,48.37670103092783,6.392463917525773,0.0,30.8,85.0
2053,2020-09-29,26.992241379310343,49.424827586206895,2.4645,0.0,30.8,85.0
2053,2020-10-01,20.758723404255317,49.522234042553194,-3.6052340425531915,0.0,30.8,85.0
2053,2020-10-02,18.963700000000003,50.234399999999994,-4.26947,0.0,30.8,85.0
2053,2020-10-03,18.016666666666666,50.586666666666666,-2.074666666666667,0.0,30.8,85.0
2053,2020-10-08,16.09,52.16131578947369,-7.734513157894736,0.0,30.8,85.0
2053,2020-10-09,15.084086021505376,53.0258064516129,-7.298258064516128,0.0,30.8,85.0
2053,2020-10-10,15.395263157894737,53.402631578947364,-9.402763157894737,0.0,30.8,85.0
2053,2020-10-11,15.090714285714286,55.54571428571428,-9.197428571428572,0.0,30.8,85.0
2053,2020-10-12,15.336268656716417,54.96268656716418,-8.309567164179104,0.0,30.8,85.0
2053,2020-10-13,12.969634146341463,55.9059756097561,-9.771341463414634,0.0,30.8,85.0
2053,2020-10-14,14.252315789473684,55.997684210526316,-9.1676,0.0,30.8,85.0
2053,2020-10-15,14.998105263157894,57.135894736842104,-8.09698947368421,0.0,30.8,85.0
2053,2020-10-16,16.152105263157896,58.04831578947368,-9.205063157894736,0.0,30.8,85.0
2053,2020-10-17,13.975432098765433,58.955432098765435,-9.800506172839507,0.0,30.8,85.0
2053,2020-10-18,12.465157894736842,60.11747368421052,-8.90601052631579,0.0,30.8,85.0
2053,2020-10-19,14.843541666666667,60.31822916666667,-9.592677083333333,0.0,30.8,85.0
2053,2020-10-20,14.54084210526316,61.09473684210526,-9.786978947368421,0.0,30.8,85.0
2053,2020-10-21,10.816736842105263,62.887263157894736,-9.845926315789475,0.0,30.8,85.0
2053,2020-10-22,14.613750000000001,62.73708333333334,-8.292333333333334,0.0,30.8,85.0
2053,2020-10-23,14.977555555555556,64.06788888888889,-9.622033333333333,0.0,30.8,85.0
2053,2020-10-24,15.693578947368422,63.660736842105266,-9.299305263157894,0.0,30.8,85.0
2053,2020-10-25,13.259479166666667,65.57416666666667,-8.840333333333334,0.0,30.8,85.0
2053,2020-10-26,9.524,66.85357894736842,-8.88802105263158,0.0,30.8,85.0
2053,2020-10-27,8.56115789473684,66.7698947368421,-8.944473684210527,0.0,30.8,85.0
2053,2020-10-28,7.616736842105263,67.85189473684211,-6.916515789473684,0.0,30.8,85.0
2053,2020-10-29,10.441145833333334,67.64114583333334,-8.589979166666668,0.0,30.8,85.0
2053,2020-10-30,7.493333333333333,68.87,-9.015,0.0,30.8,85.0
2053,2020-11-03,5.895,67.13416666666667,-10.0,0.0,30.8,85.0
2053,2020-11-04,5.7780645161290325,67.25967741935484,-9.911612903225807,0.0,30.8,85.0
2053,2020-11-05,8.5659375,67.00666666666667,-6.56159375,0.0,30.8,85.0
2054,2020-05-26,41.050000000000004,29.78333333333333,-1.091,0.0,25.0,85.0
2054,2020-05-27,33.92,56.08,-3.483,0.0,25.0,85.0
2054,2020-05-28,33.9475,57.39,-7.2787500000000005,0.0,25.0,85.0
2054,2020-05-29,35.696666666666665,55.833333333333336,-10.0,0.0,25.0,85.0
2054,2020-05-30,32.5975,61.2875,-10.0,0.0,25.0,85.0
2054,2020-05-31,29.673333333333332,60.00333333333333,-9.959666666666665,0.0,25.0,85.0
2054,2020-06-01,29.982,56.428,-10.0,0.0,25.0,85.0
2054,2020-06-02,33.065909090909095,53.82818181818182,-9.766181818181819,0.0,25.0,85.0
2054,2020-06-03,30.165,58.53,-9.108,0.0,25.0,85.0
2054,2020-06-04,33.17314285714286,54.74,-9.987685714285714,0.0,25.0,85.0
2054,2020-06-05,32.34,58.2867,-9.90607,0.0,25.0,85.0
2054,2020-06-06,27.6202,64.6868,-9.28872,0.0,25.0,85.0
2054,2020-06-07,29.30186274509804,64.9336274509804,-8.73414705882353,0.0,25.0,85.0
2054,2020-06-08,31.33945652173913,58.257282608695654,-8.76704347826087,0.0,25.0,85.0
2054,2020-06-09,31.768877551020406,55.25071428571428,-7.29219387755102,0.0,25.0,85.0
2054,2020-06-10,29.197378640776698,66.8673786407767,0.8710873786407767,0.0,25.0,85.0
2054,2020-06-11,28.349711538461538,72.57048076923077,-0.4655576923076923,0.0,25.0,85.0
2054,2020-06-12,30.266923076923078,67.47413461538461,-6.451846153846153,0.0,25.0,85.0
2054,2020-06-13,28.68701923076923,68.20817307692307,-7.027769230769231,0.0,25.0,85.0
2054,2020-06-14,27.311509433962264,72.29632075471697,-9.629509433962264,0.0,25.0,85.0
2054,2020-06-15,29.20561224489796,70.5115306122449,-9.924489795918367,0.0,25.0,85.0
2054,2020-06-16,31.075728155339807,64.23961165048544,-9.988757281553399,0.0,25.0,85.0
2054,2020-06-17,32.40846153846154,60.54057692307693,-9.98825,0.0,25.0,85.0
2054,2020-06-18,34.10960396039604,57.516336633663364,-9.777722772277228,0.0,25.0,85.0
2054,2020-06-19,34.58731481481481,58.302592592592596,-9.785555555555554,0.0,25.0,85.0
2054,2020-06-20,32.04632653061225,65.40755102040816,-9.957224489795918,0.0,25.0,85.0
2054,2020-06-21,31.257272727272724,76.79343434343434,-8.995676767676768,0.0,25.0,85.0
2054,2020-06-22,32.47911764705882,74.85313725490197,-7.49636274509804,0.0,25.0,85.0
2054,2020-06-23,34.96173469387755,72.09785714285715,-0.23684693877551027,0.0,25.0,85.0
2054,2020-06-24,35.581442307692306,72.14365384615384,8.34183653846154,0.0,25.0,85.0
2054,2020-06-25,35.33422018348624,74.2148623853211,12.167706422018348,0.0,25.0,85.0
2054,2020-06-26,35.18212121212122,73.16353535353535,17.966353535353537,0.0,25.0,85.0
2054,2020-06-27,34.98237113402062,73.39134020618556,19.939742268041236,0.0,25.0,85.0
2054,2020-06-28,34.983648648648646,78.77364864864865,19.998094594594594,0.0,25.0,85.0
2054,2020-06-29,34.60284210526316,76.66694736842105,20.857484210526316,0.0,25.0,85.0
2054,2020-06-30,34.76,75.9965306122449,21.484846938775508,0.0,25.0,85.0
2054,2020-07-01,34.80581632653061,77.5545918367347,24.10704081632653,0.0,25.0,85.0
2054,2020-07-02,34.25221052631579,79.94557894736842,25.73998947368421,0.0,25.0,85.0
2054,2020-07-03,34.33094736842105,80.11568421052631,25.726821052631575,0.0,25.0,85.0
2054,2020-07-04,34.22,79.20700000000001,25.560777777777776,0.0,25.0,85.0
2054,2020-07-05,34.2589,78.6577,22.89364,0.0,25.0,85.0
2054,2020-07-06,34.7119,75.19319999999999,20.93678,0.0,25.0,85.0
2054,2020-07-07,34.769473684210524,72.64094736842105,21.05584210526316,0.0,25.0,85.0
2054,2020-07-08,34.947653061224486,73.34214285714286,23.434561224489794,0.0,25.0,85.0
2054,2020-07-09,35.05434782608695,75.59852173913043,24.658878260869567,0.0,25.0,85.0
2054,2020-07-10,35.09173553719008,76.24214876033058,24.721504132231406,0.0,25.0,85.0
2054,2020-07-11,35.12747282608696,72.76720108695652,21.483766304347824,0.0,25.0,85.0
2054,2020-07-12,35.38058394160584,68.70985401459853,8.373722627737227,0.0,25.0,85.0
2054,2020-07-13,35.35676470588235,67.91029411764707,3.7222745098039214,0.0,25.0,85.0
2054,2020-07-14,35.046165413533835,66.80751879699248,6.592248120300752,0.0,25.0,85.0
2054,2020-07-15,35.14575757575757,64.07464646464646,0.9775353535353535,0.0,25.0,85.0
2054,2020-07-16,35.261696428571426,62.964285714285715,2.9600982142857144,0.0,25.0,85.0
2054,2020-07-17,35.24258620689655,62.32948275862069,4.327474137931035,0.0,25.0,85.0
2054,2020-07-18,35.30646153846154,62.20669230769231,5.299492307692307,0.0,25.0,85.0
2054,2020-07-19,35.301855670103095,62.955567010309274,7.333298969072166,0.0,25.0,85.0
2054,2020-07-20,35.35018018018018,64.20027027027028,7.175036036036036,0.0,25.0,85.0
2054,2020-07-21,35.11990909090909,64.10463636363636,2.762236363636364,0.0,25.0,85.0
2054,2020-07-22,35.19574257425742,62.930099009900985,0.11035643564356437,0.0,25.0,85.0
2054,2020-07-23,35.228715596330275,62.510458715596336,0.09522935779816512,0.0,25.0,85.0
2054,2020-07-24,35.279797979797976,63.05767676767677,-2.0234040404040403,0.0,25.0,85.0
2054,2020-07-25,35.225818181818184,62.714454545454544,-0.3588454545454545,0.0,25.0,85.0
2054,2020-07-26,35.223362068965514,62.68724137931035,0.08762068965517243,0.0,25.0,85.0
2054,2020-07-27,35.35288461538461,63.41490384615384,0.8662211538461538,0.0,25.0,85.0
2054,2020-07-28,35.35985915492958,64.53894366197184,2.7462042253521126,0.0,25.0,85.0
2054,2020-07-29,35.298852459016395,65.19426229508197,2.06507650273224,0.0,25.0,85.0
2054,2020-07-30,35.18891089108911,65.86361386138614,-1.305589108910891,0.0,25.0,85.0
2054,2020-07-31,35.2530625,66.28412499999999,0.620775,0.0,25.0,85.0
2054,2020-08-01,35.23596638655462,66.09470588235294,0.7119411764705882,0.0,25.0,85.0
2054,2020-08-02,35.12816326530612,66.37020408163265,3.9968163265306123,0.0,25.0,85.0
2054,2020-08-03,35.30418181818182,66.67645454545455,7.724009090909091,0.0,25.0,85.0
2054,2020-08-04,35.34324324324324,65.92189189189189,10.354628378378377,0.0,25.0,85.0
2054,2020-08-05,35.329054054054055,65.26594594594594,7.6505743243243245,0.0,25.0,85.0
2054,2020-08-06,35.2419708029197,63.685839416058386,5.889131386861314,0.0,25.0,85.0
2054,2020-08-07,35.34125,63.75892857142857,7.7215773809523816,0.0,25.0,85.0
2054,2020-08-08,35.303761467889906,64.58954128440367,7.249798165137614,0.0,25.0,85.0
2054,2020-08-09,35.263040540540544,64.81182432432432,5.334722972972973,0.0,25.0,85.0
2054,2020-08-10,35.33255813953488,64.96108527131783,6.392093023255814,0.0,25.0,85.0
2054,2020-08-11,35.44594339622641,65.30490566037736,7.741235849056604,0.0,25.0,85.0
2054,2020-08-12,35.297734375,66.235703125,0.6716171875,0.0,25.0,85.0
2054,2020-08-13,35.23910112359551,65.19449438202247,-2.755797752808989,0.0,25.0,85.0
2054,2020-11-04,20.147555555555556,29.71777777777778,-9.447288888888888,0.0,25.0,85.0
2054,2020-11-05,22.2403125,29.733854166666664,-9.591875,0.0,25.0,85.0
2055,2020-05-26,37.75,41.14,-2.194,0.41,40.0,84.18
2055,2020-05-27,36.205,52.715,-3.859,0.41,40.0,84.18
2055,2020-05-28,31.29,58.25,-8.615,0.41,40.0,84.18
2055,2020-05-29,36.274,54.033,-1.6725999999999999,0.41,40.0,84.18
2055,2020-05-30,31.988333333333333,63.76833333333334,-7.374333333333333,0.41,40.0,84.18
2055,2020-05-31,29.795,58.505,-9.76475,0.41,40.0,84.18
2055,2020-06-01,32.22,59.78,-10.0,0.41,40.0,84.18
2055,2020-06-02,34.02875,52.40625,-8.4180625,0.41,40.0,84.18
2055,2020-06-03,32.16444444444445,48.11222222222222,2.4364444444444446,0.41,40.0,84.18
2055,2020-06-04,33.800000000000004,44.735,3.5969117647058826,0.41,40.0,84.18
2055,2020-06-05,33.49933962264151,51.60179245283019,5.585094339622641,0.41,40.0,84.18
2055,2020-06-06,31.59707070707071,52.789292929292934,0.6522929292929293,0.41,40.0,84.18
2055,2020-06-07,32.964731182795695,53.19182795698925,2.023010752688172,0.41,40.0,84.18
2055,2020-06-08,33.0858,55.1203,-0.54687,0.41,40.0,84.18
2055,2020-06-09,33.87695652173913,53.25608695652174,-0.47115217391304354,0.41,40.0,84.18
2055,2020-06-10,33.7231,49.4175,-8.99381,0.41,40.0,84.18
2055,2020-06-11,34.19676190476191,51.404857142857146,-8.993714285714287,0.41,40.0,84.18
2055,2020-06-12,34.29960396039604,52.611584158415845,-9.92090099009901,0.41,40.0,84.18
2055,2020-06-13,33.85180952380952,50.983714285714285,-9.471866666666667,0.41,40.0,84.18
2055,2020-06-14,33.98092592592592,50.149166666666666,-9.010685185185185,0.41,40.0,84.18
2055,2020-06-15,34.648529411764706,49.931372549019606,-8.902754901960785,0.41,40.0,84.18
2055,2020-06-16,35.00173469387755,52.246734693877556,-8.762836734693877,0.41,40.0,84.18
2055,2020-06-17,35.10862745098039,53.281274509803914,-5.912392156862745,0.41,40.0,84.18
2055,2020-06-18,35.31317307692308,55.551634615384614,0.372,0.41,40.0,84.18
2055,2020-06-19,35.25242718446602,56.96300970873786,3.868242718446602,0.41,40.0,84.18
2055,2020-06-20,34.992,57.77133333333334,3.893133333333333,0.41,40.0,84.18
2055,2020-06-21,34.9944,56.856,1.71237,0.41,40.0,84.18
2055,2020-06-22,35.1686,58.8728,1.28536,0.41,40.0,84.18
2055,2020-06-23,35.446666666666665,61.88828571428572,4.088361904761905,0.41,40.0,84.18
2055,2020-06-24,35.224380952380955,64.34323809523809,-4.45072380952381,0.41,40.0,84.18
2055,2020-06-25,35.0569,60.0414,-9.32398,0.41,40.0,84.18
2055,2020-06-26,35.065666666666665,58.15016666666667,-6.3285,0.41,40.0,84.18
2055,2020-07-07,34.9686,57.861599999999996,-2.5362999999999998,0.41,40.0,84.18
2055,2020-07-08,35.04648351648352,59.75307692307692,-1.3624725274725276,0.41,40.0,84.18
2055,2020-07-09,34.78224137931034,62.62,-2.748310344827586,0.41,40.0,84.18
2055,2020-07-10,35.38,62.874,3.2596000000000003,0.41,40.0,84.18
2055,2020-07-11,34.89364406779661,63.166101694915255,-9.029661016949152,0.41,40.0,84.18
2055,2020-07-12,35.147340425531915,62.944148936170215,-9.646010638297872,0.41,40.0,84.18
2055,2020-07-13,35.04276595744681,59.403829787234045,-9.614659574468085,0.41,40.0,84.18
2055,2020-07-14,34.776326530612245,56.957857142857144,-8.831132653061225,0.41,40.0,84.18
2055,2020-07-15,34.90792207792207,52.94532467532468,-9.985285714285714,0.41,40.0,84.18
2055,2020-07-16,34.928407643312106,53.40955414012738,-9.969057324840765,0.41,40.0,84.18
2055,2020-07-17,34.98969696969697,55.21151515151515,-9.878373737373737,0.41,40.0,84.18
2055,2020-07-18,34.85179487179487,57.66833333333334,-9.977102564102564,0.41,40.0,84.18
2055,2020-07-19,35.12,61.87911392405063,-6.023911392405063,0.41,40.0,84.18
2055,2020-07-20,35.280776699029126,64.02601941747574,0.723640776699029,0.41,40.0,84.18
2055,2020-07-21,35.17175,64.003375,3.6702125000000003,0.41,40.0,84.18
2055,2020-07-26,35.02222222222222,67.18833333333333,-2.009888888888889,0.41,40.0,84.18
2055,2020-07-27,35.16504854368932,68.98145631067962,-1.0594174757281554,0.41,40.0,84.18
2055,2020-07-28,35.08480392156863,71.6620588235294,-3.4060392156862744,0.41,40.0,84.18
2055,2020-07-29,35.01663265306122,72.61785714285715,-5.109061224489796,0.41,40.0,84.18
2055,2020-07-30,34.74733333333334,70.67746666666667,-2.5888133333333334,0.41,40.0,84.18
2055,2020-08-08,34.69625,73.0175,22.3635,0.41,40.0,84.18
2055,2020-08-09,34.747676767676765,68.83126262626263,17.262742424242425,0.41,40.0,84.18
2055,2020-08-10,34.903333333333336,65.41752136752137,21.17547008547009,0.41,40.0,84.18
2055,2020-08-11,35.06466666666667,64.60977777777778,-0.12122222222222219,0.41,40.0,84.18
2055,2020-08-12,34.7994495412844,65.09633027522936,-0.6797614678899082,0.41,40.0,84.18
2055,2020-08-13,34.90950819672131,64.03360655737706,1.1284426229508198,0.41,40.0,84.18
2055,2020-08-14,34.70579365079365,62.82531746031746,3.7948809523809524,0.41,40.0,84.18
2055,2020-08-15,34.693700787401575,61.919055118110236,2.350031496062992,0.41,40.0,84.18
2055,2020-08-16,34.76143790849673,61.31718954248367,0.7437712418300654,0.41,40.0,84.18
2055,2020-08-17,34.591767676767674,61.70641414141414,-0.5276919191919193,0.41,40.0,84.18
2055,2020-08-18,34.50862595419847,62.4181679389313,-5.734458015267176,0.41,40.0,84.18
2055,2020-08-19,34.401927710843374,62.349638554216874,-7.773150602409639,0.41,40.0,84.18
2055,2020-08-20,34.630426829268295,61.70682926829269,-7.953347560975609,0.41,40.0,84.18
2055,2020-08-21,34.710251572327046,60.618805031446534,-9.505924528301886,0.41,40.0,84.18
2055,2020-08-22,34.654871794871795,60.218589743589746,-5.7436987179487184,0.41,40.0,84.18
2055,2020-08-23,34.53326530612245,60.68061224489795,-1.4495238095238097,0.41,40.0,84.18
2055,2020-08-24,34.66622377622378,60.906223776223776,-1.7975524475524476,0.41,40.0,84.18
2055,2020-08-25,34.58466666666667,61.17088888888889,1.036,0.41,40.0,84.18
2055,2020-08-26,34.28807453416149,60.99968944099379,0.8438136645962732,0.41,40.0,84.18
2055,2020-08-27,34.11678899082569,59.98284403669725,-0.04062385321100914,0.41,40.0,84.18
2055,2020-08-28,34.35111111111111,59.456296296296294,5.491916666666667,0.41,40.0,84.18
2055,2020-08-29,34.23168224299065,60.01112149532711,7.860448598130841,0.41,40.0,84.18
2055,2020-08-30,34.123828125,60.2209375,3.2906640625,0.41,40.0,84.18
2055,2020-08-31,33.83632075471698,60.129999999999995,1.4978396226415094,0.41,40.0,84.18
2055,2020-09-01,34.35304347826087,60.115579710144935,8.94403623188406,0.41,40.0,84.18
2055,2020-09-02,34.13792592592593,61.07244444444445,6.2700000000000005,0.41,40.0,84.18
2055,2020-09-03,33.887927927927926,61.68045045045045,-0.06388288288288292,0.41,40.0,84.18
2055,2020-09-04,33.990824742268046,61.350618556701036,0.33125773195876285,0.41,40.0,84.18
2055,2020-09-05,33.8718320610687,60.006793893129775,2.4095572519083968,0.41,40.0,84.18
2055,2020-09-06,33.773272727272726,59.25854545454545,5.121527272727273,0.41,40.0,84.18
2055,2020-09-07,33.99122448979592,59.349693877551026,5.789265306122449,0.41,40.0,84.18
2055,2020-09-08,33.79727272727273,59.61282828282828,1.0812929292929294,0.41,40.0,84.18
2055,2020-09-09,34.04148854961832,59.61977099236641,-1.727759541984733,0.41,40.0,84.18
2055,2020-09-10,33.57026666666667,59.3848,-3.2815066666666666,0.41,40.0,84.18
2055,2020-11-04,4.599701492537314,60.211194029850745,-0.6019701492537314,0.41,40.0,84.18
2055,2020-11-05,12.020265486725663,54.00026548672566,-0.4625752212389381,0.41,40.0,84.18
2056,2020-05-26,42.20666666666667,41.03666666666667,16.752,0.0,0.2,85.0
2056,2020-05-27,38.58,53.855000000000004,9.5495,0.0,0.2,85.0
2056,2020-05-28,34.738,61.325,-2.2837,0.0,0.2,85.0
2056,2020-05-29,37.145714285714284,58.36,-6.974714285714286,0.0,0.2,85.0
2056,2020-05-30,31.28,65.22999999999999,-9.9852,0.0,0.2,85.0
2056,2020-05-31,28.5,57.42,-10.0,0.0,0.2,85.0
2056,2020-06-01,29.2375,56.105,-10.0,0.0,0.2,85.0
2056,2020-06-02,33.83866666666667,52.782666666666664,-9.688799999999999,0.0,0.2,85.0
2056,2020-06-03,31.537142857142857,59.199999999999996,-9.989142857142857,0.0,0.2,85.0
2056,2020-06-04,34.03735294117647,59.760588235294115,-9.926558823529412,0.0,0.2,85.0
2056,2020-06-05,31.209270833333335,61.885625000000005,-9.693270833333333,0.0,0.2,85.0
2056,2020-06-06,29.40722772277228,62.75673267326733,-9.865168316831683,0.0,0.2,85.0
2056,2020-06-07,28.51536082474227,63.33247422680412,-9.529865979381444,0.0,0.2,85.0
2056,2020-06-08,30.631290322580647,61.718709677419355,-9.876709677419354,0.0,0.2,85.0
2056,2020-06-09,31.1609375,61.685,-8.844635416666668,0.0,0.2,85.0
2056,2020-06-10,30.1821359223301,67.1295145631068,-6.779708737864077,0.0,0.2,85.0
2056,2020-06-11,29.178252427184468,73.7016504854369,-8.100990291262136,0.0,0.2,85.0
2056,2020-06-12,29.661919191919193,71.51424242424243,-8.558303030303032,0.0,0.2,85.0
2056,2020-06-13,27.29060606060606,71.42555555555556,-7.948030303030303,0.0,0.2,85.0
2056,2020-06-14,29.622626262626262,68.58040404040405,-6.956161616161616,0.0,0.2,85.0
2056,2020-06-15,29.881553398058255,66.55495145631068,-7.16152427184466,0.0,0.2,85.0
2056,2020-06-16,31.25366336633663,65.35653465346535,-6.425900990099009,0.0,0.2,85.0
2056,2020-06-17,31.615151515151517,65.11050505050504,-4.845818181818181,0.0,0.2,85.0
2056,2020-06-18,32.8765306122449,66.66142857142857,-3.587948979591837,0.0,0.2,85.0
2056,2020-06-19,33.46568421052631,69.92673684210526,-4.5584105263157895,0.0,0.2,85.0
2056,2020-06-20,32.96463917525773,70.32371134020619,-7.754773195876289,0.0,0.2,85.0
2056,2020-06-21,31.99683673469388,73.1734693877551,-6.957,0.0,0.2,85.0
2056,2020-06-22,33.21131313131313,76.55,-5.612828282828282,0.0,0.2,85.0
2056,2020-06-23,34.63111111111111,75.6159595959596,-4.4332525252525254,0.0,0.2,85.0
2056,2020-06-24,31.806082474226805,76.66082474226805,-5.612773195876288,0.0,0.2,85.0
2056,2020-06-25,30.83074074074074,77.39,-6.838432098765432,0.0,0.2,85.0
2056,2020-06-26,32.132222222222225,73.97020202020202,-8.175727272727274,0.0,0.2,85.0
2056,2020-06-27,30.1384375,74.01375,-8.6801875,0.0,0.2,85.0
2056,2020-06-28,31.89115942028986,74.07536231884058,-8.869188405797102,0.0,0.2,85.0
2056,2020-06-29,30.83170212765957,75.22308510638298,-8.930851063829786,0.0,0.2,85.0
2056,2020-06-30,31.63295918367347,74.13265306122449,-8.694908163265307,0.0,0.2,85.0
2056,2020-07-01,32.97288659793814,73.52422680412371,-6.076773195876289,0.0,0.2,85.0
2056,2020-07-02,32.83565217391305,75.38554347826087,-3.2001086956521743,0.0,0.2,85.0
2056,2020-07-03,30.98236842105263,76.88131578947367,-3.2486315789473683,0.0,0.2,85.0
2056,2020-07-04,33.282626262626266,75.05818181818182,-3.28120202020202,0.0,0.2,85.0
2056,2020-07-05,31.435918367346936,76.12693877551021,-5.916948979591837,0.0,0.2,85.0
2056,2020-07-06,31.94876288659794,75.37206185567011,-5.301659793814433,0.0,0.2,85.0
2056,2020-07-07,32.134693877551015,76.17632653061224,-3.71715306122449,0.0,0.2,85.0
2056,2020-07-08,33.22040404040404,76.94282828282829,-0.20542424242424243,0.0,0.2,85.0
2056,2020-07-09,33.156416666666665,77.85725,0.9439916666666667,0.0,0.2,85.0
2056,2020-07-10,34.7209009009009,71.64468468468468,2.8827837837837835,0.0,0.2,85.0
2056,2020-07-11,32.84642276422764,68.33016260162601,-0.3858130081300813,0.0,0.2,85.0
2056,2020-07-12,33.44206349206349,66.61055555555556,-4.306436507936508,0.0,0.2,85.0
2056,2020-07-13,33.23212389380531,65.40778761061947,-4.817575221238938,0.0,0.2,85.0
2056,2020-07-14,32.373816793893134,63.28083969465649,-7.70054961832061,0.0,0.2,85.0
2056,2020-07-15,32.5989,60.5742,-7.12256,0.0,0.2,85.0
2056,2020-07-16,31.83137254901961,58.95872549019608,-9.051323529411764,0.0,0.2,85.0
2056,2020-07-17,32.16032,57.66512,-9.871704,0.0,0.2,85.0
2056,2020-07-18,33.49741379310345,57.508189655172416,-8.91171551724138,0.0,0.2,85.0
2056,2020-07-19,34.161100000000005,57.580200000000005,-9.77023,0.0,0.2,85.0
2056,2020-07-20,34.6173786407767,58.96388349514563,-5.257601941747573,0.0,0.2,85.0
2056,2020-07-21,33.41188118811881,61.61128712871287,-1.2355049504950495,0.0,0.2,85.0
2056,2020-07-22,32.45688679245283,63.66537735849057,0.4283018867924528,0.0,0.2,85.0
2056,2020-07-23,32.85660377358491,63.512358490566044,2.964132075471698,0.0,0.2,85.0
2056,2020-07-24,32.1247572815534,63.8983495145631,2.840912621359223,0.0,0.2,85.0
2056,2020-07-25,32.31586466165414,63.1396992481203,0.7258947368421053,0.0,0.2,85.0
2056,2020-07-26,32.06346153846154,62.74317307692308,-6.603442307692308,0.0,0.2,85.0
2056,2020-07-27,32.38107843137255,63.62725490196078,-6.6191274509803915,0.0,0.2,85.0
2056,2020-07-28,33.222434210526316,64.57723684210526,-4.8980986842105265,0.0,0.2,85.0
2056,2020-07-29,32.97688888888889,65.22548148148148,-5.401,0.0,0.2,85.0
2056,2020-07-30,32.620000000000005,64.61534246575343,-7.447691780821918,0.0,0.2,85.0
2056,2020-07-31,32.66170454545455,63.60863636363637,-5.230159090909091,0.0,0.2,85.0
2056,2020-08-01,32.73654205607477,62.5326168224299,-3.3270747663551403,0.0,0.2,85.0
2056,2020-08-02,32.566901408450704,64.71450704225352,-2.333225352112676,0.0,0.2,85.0
2056,2020-08-03,32.874947368421054,85.89326315789474,14.856915789473684,0.0,0.2,85.0
2056,2020-08-04,33.05915584415584,84.17058441558441,7.9172142857142855,0.0,0.2,85.0
2056,2020-08-05,33.33021582733813,74.28194244604317,2.021769784172662,0.0,0.2,85.0
2056,2020-08-06,32.66410256410256,70.39955128205128,0.5414230769230769,0.0,0.2,85.0
2056,2020-08-07,33.125578231292515,63.315238095238094,0.34047619047619043,0.0,0.2,85.0
2056,2020-08-08,33.315504587155964,60.63522935779816,0.9936788990825688,0.0,0.2,85.0
2056,2020-08-09,33.303381294964026,59.261654676259,-0.8253525179856115,0.0,0.2,85.0
2056,2020-08-10,33.73855072463768,58.85615942028985,-1.231268115942029,0.0,0.2,85.0
2056,2020-08-11,34.38738461538461,62.409,2.545153846153846,0.0,0.2,85.0
2056,2020-08-12,34.26676258992806,62.81215827338129,0.7440359712230217,0.0,0.2,85.0
2056,2020-08-13,34.134147727272726,59.813693181818174,-1.2008977272727273,0.0,0.2,85.0
2056,2020-08-14,33.299191176470586,59.958970588235296,-1.3118014705882353,0.0,0.2,85.0
2056,2020-08-15,33.031040000000004,62.927519999999994,-1.010856,0.0,0.2,85.0
2056,2020-08-16,32.80841726618705,62.790647482014386,-0.3589136690647482,0.0,0.2,85.0
2056,2020-08-17,32.369942196531795,64.97838150289017,0.2285780346820809,0.0,0.2,85.0
2056,2020-08-18,33.600857142857144,64.83785714285713,-3.7213928571428574,0.0,0.2,85.0
2056,2020-08-19,32.90178743961353,64.90420289855072,-3.3012657004830914,0.0,0.2,85.0
2056,2020-08-20,33.137125,66.59049999999999,-0.86535,0.0,0.2,85.0
2056,2020-08-21,33.65975,67.9941875,2.4540375,0.0,0.2,85.0
2056,2020-08-22,33.358774193548385,63.26258064516129,1.584290322580645,0.0,0.2,85.0
2056,2020-08-23,32.354362416107385,63.806778523489925,5.75244966442953,0.0,0.2,85.0
2056,2020-08-24,33.25508982035928,62.66538922155689,6.385580838323354,0.0,0.2,85.0
2056,2020-08-25,34.03217391304348,63.38894409937889,2.5122608695652175,0.0,0.2,85.0
2056,2020-08-26,32.15437908496732,63.41359477124183,0.07377777777777776,0.0,0.2,85.0
2056,2020-08-27,31.22646017699115,63.768761061946904,3.4617699115044247,0.0,0.2,85.0
2056,2020-08-28,31.10520661157025,61.68776859504133,8.834785123966942,0.0,0.2,85.0
2056,2020-08-29,29.254086956521736,66.82286956521739,9.678617391304348,0.0,0.2,85.0
2056,2020-08-30,31.51925,67.29325,2.58265,0.0,0.2,85.0
2056,2020-08-31,31.635535714285712,67.01767857142858,7.051223214285714,0.0,0.2,85.0
2056,2020-09-01,30.71093023255814,67.90457364341086,17.182782945736434,0.0,0.2,85.0
2056,2020-09-02,32.72713114754099,64.80655737704917,15.135245901639344,0.0,0.2,85.0
2056,2020-09-03,32.42616666666667,64.88525,7.1600166666666665,0.0,0.2,85.0
2056,2020-09-04,32.74918518518519,58.95822222222222,11.182792592592591,0.0,0.2,85.0
2056,2020-09-05,30.87504347826087,60.988,9.140617391304348,0.0,0.2,85.0
2056,2020-09-06,29.4135,62.293,14.843041666666666,0.0,0.2,85.0
2056,2020-09-07,28.32096153846154,64.11432692307693,17.6205,0.0,0.2,85.0
2056,2020-09-08,31.367966101694915,65.06889830508474,-3.345389830508475,0.0,0.2,85.0
2056,2020-09-09,28.98839160839161,65.74468531468531,-10.0,0.0,0.2,85.0
2056,2020-09-10,29.24,66.32675213675213,-10.0,0.0,0.2,85.0
2056,2020-09-11,29.537525773195874,67.23144329896907,-10.0,0.0,0.2,85.0
2056,2020-09-12,28.60916030534351,68.2569465648855,-10.0,0.0,0.2,85.0
2056,2020-09-13,26.510948275862066,69.1483908045977,-9.988402298850575,0.0,0.2,85.0
2056,2020-09-14,29.099444444444444,68.16043209876543,-10.0,0.0,0.2,85.0
2056,2020-09-15,30.283103448275863,68.3344827586207,-2.5244655172413797,0.0,0.2,85.0
2056,2020-09-16,34.63791666666667,65.2603125,4.2136875,0.0,0.2,85.0
2056,2020-09-17,34.88315217391305,63.2145652173913,3.1757173913043477,0.0,0.2,85.0
2056,2020-09-18,33.891111111111115,60.92060606060606,-2.521212121212121,0.0,0.2,85.0
2056,2020-09-19,31.252264150943393,59.95547169811321,-5.294405660377358,0.0,0.2,85.0
2056,2020-09-20,29.907731958762888,58.8560824742268,-5.246072164948453,0.0,0.2,85.0
2056,2020-09-21,28.36338028169014,58.675774647887316,-5.632084507042253,0.0,0.2,85.0
2056,2020-11-04,5.609047619047619,78.52666666666667,-3.787547619047619,0.0,0.2,85.0
2056,2020-11-05,8.3190625,76.8471875,0.19375,0.0,0.2,85.0
2057,2020-11-03,20.587222222222223,52.655,12.74638888888889,0.0,25.0,85.0
2060,2020-05-27,35.629999999999995,58.21,-9.250333333333334,0.0,33.0,85.0
2060,2020-05-28,35.952,53.452,-6.482000000000001,0.0,33.0,85.0
2060,2020-05-29,34.45,53.41,-10.0,0.0,33.0,85.0
2060,2020-05-30,34.158,54.193999999999996,-10.0,0.0,33.0,85.0
2060,2020-05-31,32.972,54.77,-10.0,0.0,33.0,85.0
2060,2020-06-01,31.748333333333335,55.846666666666664,-9.945666666666666,0.0,33.0,85.0
2060,2020-06-02,34.90291666666666,56.07125,-9.976958333333334,0.0,33.0,85.0
2060,2020-06-03,33.395833333333336,55.02166666666667,-9.965916666666667,0.0,33.0,85.0
2060,2020-06-04,34.98441176470588,50.612647058823526,-7.059441176470588,0.0,33.0,85.0
2060,2020-06-05,34.80776699029126,50.85155339805825,-6.479951456310681,0.0,33.0,85.0
2060,2020-06-06,34.40910891089109,50.29792079207921,-7.23309900990099,0.0,33.0,85.0
2060,2020-06-07,34.01912621359223,51.49970873786408,-8.18921359223301,0.0,33.0,85.0
2060,2020-06-08,34.122061855670104,51.65278350515464,-7.627360824742269,0.0,33.0,85.0
2060,2020-06-09,35.06382978723404,52.08191489361702,-6.67845744680851,0.0,33.0,85.0
2060,2020-06-10,35.20453608247423,57.27783505154639,-3.0287525773195876,0.0,33.0,85.0
2060,2020-06-11,34.9654,63.853100000000005,-8.12128,0.0,33.0,85.0
2060,2020-06-12,34.718585858585854,71.89747474747475,-9.699141414141414,0.0,33.0,85.0
2060,2020-06-13,34.512499999999996,71.73231481481481,10.02424074074074,0.0,33.0,85.0
2060,2020-06-14,34.69644230769231,77.50730769230769,20.39214423076923,0.0,33.0,85.0
2060,2020-06-15,34.845794392523366,78.89822429906543,21.51414953271028,0.0,33.0,85.0
2060,2020-06-16,34.97061224489796,81.14938775510204,21.926418367346937,0.0,33.0,85.0
2060,2020-06-17,35.168411214953274,73.57542056074766,21.184308411214953,0.0,33.0,85.0
2060,2020-06-18,35.34961538461538,63.377980769230774,22.789403846153846,0.0,33.0,85.0
2060,2020-06-19,35.32711538461538,61.488076923076925,22.962384615384618,0.0,33.0,85.0
2060,2020-06-20,35.26949494949495,62.98656565656566,23.390585858585858,0.0,33.0,85.0
2060,2020-06-21,35.303298969072166,65.08278350515464,24.277515463917524,0.0,33.0,85.0
2060,2020-06-22,35.29939393939394,66.07050505050505,25.535262626262625,0.0,33.0,85.0
2060,2020-06-23,35.62166666666666,69.8828125,24.890666666666664,0.0,33.0,85.0
2060,2020-06-24,35.38647619047619,69.43095238095238,24.066333333333336,0.0,33.0,85.0
2060,2020-06-25,35.343298969072166,67.3538144329897,23.259381443298967,0.0,33.0,85.0
2060,2020-06-26,35.18,66.35486486486487,25.051243243243245,0.0,33.0,85.0
2060,2020-06-27,35.19876288659794,67.9559793814433,11.96719587628866,0.0,33.0,85.0
2060,2020-06-28,35.19870588235294,67.38035294117647,6.30895294117647,0.0,33.0,85.0
2060,2020-06-29,35.112842105263155,68.19431578947369,7.103768421052631,0.0,33.0,85.0
2060,2020-06-30,35.0766,68.6738,6.65241,0.0,33.0,85.0
2060,2020-07-01,35.13887755102041,68.93438775510204,8.27742857142857,0.0,33.0,85.0
2060,2020-07-02,35.036521739130436,69.94271739130434,9.324369565217392,0.0,33.0,85.0
2060,2020-07-03,35.0725,69.44076923076923,8.56310576923077,0.0,33.0,85.0
2060,2020-07-04,35.038000000000004,68.42263157894736,8.210031578947369,0.0,33.0,85.0
2060,2020-07-05,34.94724489795918,66.31020408163265,6.5662244897959186,0.0,33.0,85.0
2060,2020-07-06,35.175625000000004,64.705,6.399208333333333,0.0,33.0,85.0
2060,2020-07-07,35.102736842105266,63.933368421052634,5.614684210526316,0.0,33.0,85.0
2060,2020-07-08,35.17383838383839,64.55131313131314,8.108747474747474,0.0,33.0,85.0
2060,2020-07-09,35.505945945945946,65.83126126126126,3.6391081081081085,0.0,33.0,85.0
2060,2020-07-10,35.699134615384615,66.17163461538462,-5.0501826923076925,0.0,33.0,85.0
2060,2020-07-11,35.31478260869565,66.90034782608696,-6.423191304347826,0.0,33.0,85.0
2060,2020-07-12,35.2781512605042,67.08882352941177,-9.727840336134454,0.0,33.0,85.0
2060,2020-07-13,35.10991304347826,66.7304347826087,-9.938408695652173,0.0,33.0,85.0
2060,2020-07-14,34.86385714285714,65.55064285714286,-9.879142857142856,0.0,33.0,85.0
2060,2020-07-15,34.92205607476635,62.48934579439252,-9.92296261682243,0.0,33.0,85.0
2060,2020-07-16,34.858899082568804,62.17633027522936,-9.978853211009174,0.0,33.0,85.0
2060,2020-07-17,34.830714285714286,62.04169642857143,-9.78732142857143,0.0,33.0,85.0
2060,2020-07-18,34.81186440677966,62.08152542372881,-9.654118644067795,0.0,33.0,85.0
2060,2020-07-19,35.01726315789474,65.12642105263158,-9.300136842105264,0.0,33.0,85.0
2060,2020-07-20,35.083214285714284,67.39285714285714,-8.384955357142857,0.0,33.0,85.0
2060,2020-07-21,35.09263157894737,67.24578947368421,-0.4887807017543859,0.0,33.0,85.0
2060,2020-07-22,34.999818181818185,66.53399999999999,-0.9038454545454545,0.0,33.0,85.0
2060,2020-07-23,34.947047619047616,67.80714285714286,-1.490952380952381,0.0,33.0,85.0
2060,2020-07-24,34.953559322033904,68.92635593220339,-3.3936355932203393,0.0,33.0,85.0
2060,2020-07-25,34.92280701754386,68.76350877192982,-0.7810175438596492,0.0,33.0,85.0
2060,2020-07-26,34.85625,68.47783333333334,-4.411841666666667,0.0,33.0,85.0
2060,2020-07-27,34.86257731958763,68.02371134020619,-7.966505154639175,0.0,33.0,85.0
2060,2020-07-28,34.99197452229299,68.79031847133759,-8.456770700636943,0.0,33.0,85.0
2060,2020-07-29,34.813806451612905,67.86083870967742,-7.041148387096774,0.0,33.0,85.0
2060,2020-07-30,34.81815286624204,67.05273885350319,-6.693496815286624,0.0,33.0,85.0
2060,2020-07-31,34.89952054794521,65.99260273972602,-5.677993150684931,0.0,33.0,85.0
2060,2020-08-01,34.891209677419354,66.39080645161292,-1.5313790322580645,0.0,33.0,85.0
2060,2020-08-02,34.857777777777784,67.66666666666667,-2.3824305555555556,0.0,33.0,85.0
2060,2020-08-03,34.94627272727273,68.299,-3.8786363636363634,0.0,33.0,85.0
2060,2020-08-04,35.00751633986928,65.89640522875817,-4.260522875816994,0.0,33.0,85.0
2060,2020-08-05,34.910428571428575,64.12585714285714,0.6474642857142858,0.0,33.0,85.0
2060,2020-08-06,34.8929197080292,60.91248175182482,4.288583941605839,0.0,33.0,85.0
2060,2020-08-07,34.99772727272727,60.522532467532464,3.3827272727272732,0.0,33.0,85.0
2060,2020-08-08,35.03144230769231,61.17067307692308,5.261038461538462,0.0,33.0,85.0
2060,2020-08-09,34.9825,61.17578125,4.10659375,0.0,33.0,85.0
2060,2020-08-10,35.05101351351352,61.51195945945946,1.2064054054054054,0.0,33.0,85.0
2060,2020-08-11,35.170819672131145,62.566065573770494,4.258737704918033,0.0,33.0,85.0
2060,2020-08-12,35.00368,65.2276,1.075576,0.0,33.0,85.0
2060,2020-08-13,35.13047619047619,64.56103174603174,-0.9573571428571428,0.0,33.0,85.0
2060,2020-08-14,34.81306122448979,64.0630612244898,-9.075755102040816,0.0,33.0,85.0
2060,2020-08-15,34.76587719298246,63.51842105263158,-8.005482456140351,0.0,33.0,85.0
2060,2020-08-16,34.9992523364486,64.04864485981308,-7.300654205607477,0.0,33.0,85.0
2060,2020-08-17,34.59527918781726,64.57705583756345,-7.711167512690355,0.0,33.0,85.0
2060,2020-08-18,34.525390625,64.732890625,-8.5915078125,0.0,33.0,85.0
2060,2020-08-19,34.569858156028374,62.44744680851064,-5.076737588652483,0.0,33.0,85.0
2060,2020-08-20,34.75328571428572,61.42064285714285,-5.17735,0.0,33.0,85.0
2060,2020-08-21,34.763952095808385,62.11275449101797,-4.324694610778443,0.0,33.0,85.0
2060,2020-08-22,34.69170068027211,61.61170068027211,-7.430285714285714,0.0,33.0,85.0
2060,2020-08-23,34.64277456647399,63.34560693641619,-3.232913294797688,0.0,33.0,85.0
2060,2020-08-24,34.64253246753247,63.48623376623376,-8.61744155844156,0.0,33.0,85.0
2060,2020-08-25,34.64093333333334,64.46039999999999,-9.967113333333334,0.0,33.0,85.0
2060,2020-08-26,34.331007194244606,63.06,-9.696482014388488,0.0,33.0,85.0
2060,2020-08-27,34.421570247933886,61.302231404958675,-9.189413223140496,0.0,33.0,85.0
2060,2020-08-28,34.670392156862746,62.803039215686276,-8.413696078431373,0.0,33.0,85.0
2060,2020-08-29,34.31444444444445,64.03897435897436,-6.3859059829059825,0.0,33.0,85.0
2060,2020-08-30,34.21333333333334,63.19541666666667,-9.580791666666666,0.0,33.0,85.0
2060,2020-08-31,34.34398230088495,62.61646017699115,-7.708840707964602,0.0,33.0,85.0
2060,2020-09-01,34.62838028169014,63.71880281690141,-3.4654014084507043,0.0,33.0,85.0
2060,2020-09-02,34.18780952380952,63.77066666666667,-7.362980952380953,0.0,33.0,85.0
2060,2020-09-03,34.2659,61.723,-8.656889999999999,0.0,33.0,85.0
2060,2020-09-04,34.44309090909091,61.457181818181816,-4.5378,0.0,33.0,85.0
2060,2020-09-05,34.313059701492534,61.7660447761194,-2.9098507462686567,0.0,33.0,85.0
2060,2020-09-06,34.253157894736844,62.24078947368421,-3.1434912280701757,0.0,33.0,85.0
2060,2020-09-07,34.22532710280374,62.81990654205607,-2.563364485981308,0.0,33.0,85.0
2060,2020-09-08,34.13851851851852,63.26740740740741,-6.011805555555555,0.0,33.0,85.0
2060,2020-09-09,33.9168992248062,62.58077519379845,-4.6225116279069765,0.0,33.0,85.0
2060,2020-09-10,32.94610294117647,60.98529411764706,-7.303742647058823,0.0,33.0,85.0
2060,2020-09-11,33.708196721311474,60.071639344262294,-2.4794754098360654,0.0,33.0,85.0
2060,2020-09-12,34.27801762114537,60.98775330396475,0.7363215859030837,0.0,33.0,85.0
2060,2020-09-13,33.73507142857143,62.91828571428571,2.954792857142857,0.0,33.0,85.0
2060,2020-09-14,33.350839694656486,63.33175572519083,-7.794328244274809,0.0,33.0,85.0
2060,2020-09-15,32.55008849557522,63.2629203539823,-4.145398230088496,0.0,33.0,85.0
2060,2020-09-18,34.17970149253731,47.35970149253731,10.43520895522388,0.0,33.0,85.0
2060,2020-09-19,32.8902,46.7853,7.75144,0.0,33.0,85.0
2060,2020-09-20,29.808494623655914,48.55172043010753,7.651333333333333,0.0,33.0,85.0
2060,2020-09-21,27.099615384615383,50.12782051282051,7.619461538461538,0.0,33.0,85.0
2060,2020-09-23,29.587123287671236,52.46219178082192,9.14595890410959,0.0,33.0,85.0
2060,2020-09-24,30.5659793814433,53.49577319587629,10.152927835051546,0.0,33.0,85.0
2060,2020-09-25,26.891944444444444,55.66527777777778,6.943611111111111,0.0,33.0,85.0
2060,2020-11-03,28.73272727272727,43.63363636363636,-2.8266060606060606,0.0,33.0,85.0
2060,2020-11-04,22.892,47.1988,-1.33092,0.0,33.0,85.0
2061,2020-05-27,35.045,58.349999999999994,-7.8665,0.0,5.2,85.0
2061,2020-05-28,31.604999999999997,69.71000000000001,-10.0,0.0,5.2,85.0
2061,2020-05-30,33.55,67.008,-10.0,0.0,5.2,85.0
2061,2020-05-31,30.935000000000002,64.495,-9.6295,0.0,5.2,85.0
2061,2020-06-01,32.49333333333333,57.370000000000005,-10.0,0.0,5.2,85.0
2061,2020-06-02,33.891000000000005,57.645500000000006,-9.7402,0.0,5.2,85.0
2061,2020-06-03,32.532,61.955999999999996,-9.959,0.0,5.2,85.0
2061,2020-06-04,34.709375,58.6253125,-9.68621875,0.0,5.2,85.0
2061,2020-06-05,33.7275,61.73548076923077,-9.302999999999999,0.0,5.2,85.0
2061,2020-06-06,32.9019387755102,64.18336734693878,-9.844357142857142,0.0,5.2,85.0
2061,2020-06-07,32.11778846153846,63.17336538461538,-9.918471153846154,0.0,5.2,85.0
2061,2020-06-08,31.97907216494845,61.474845360824744,-9.512680412371134,0.0,5.2,85.0
2061,2020-06-09,32.95642105263158,58.17273684210526,-9.518652631578949,0.0,5.2,85.0
2061,2020-06-10,31.97326923076923,58.63076923076923,-9.686557692307693,0.0,5.2,85.0
2061,2020-06-11,31.372549019607842,59.502647058823534,-9.908882352941177,0.0,5.2,85.0
2061,2020-06-12,31.255656565656565,61.12080808080808,-9.944686868686869,0.0,5.2,85.0
2061,2020-06-13,30.506930693069304,61.92356435643564,-9.913158415841584,0.0,5.2,85.0
2061,2020-06-14,31.854897959183674,63.3334693877551,-9.93968367346939,0.0,5.2,85.0
2061,2020-06-15,32.32333333333334,64.0220202020202,-9.315979797979798,0.0,5.2,85.0
2061,2020-06-16,32.65861386138614,70.55960396039605,-8.47438613861386,0.0,5.2,85.0
2061,2020-06-17,33.08319587628866,69.07340206185567,-7.412494845360825,0.0,5.2,85.0
2061,2020-06-18,33.95117647058824,67.67941176470589,-6.030166666666666,0.0,5.2,85.0
2061,2020-06-19,34.08343434343435,65.25828282828283,-4.67739393939394,0.0,5.2,85.0
2061,2020-06-20,34.343148148148146,73.20944444444444,-6.200194444444445,0.0,5.2,85.0
2061,2020-06-21,33.801,74.8402,17.09113,0.0,5.2,85.0
2061,2020-06-22,34.504134615384615,73.08788461538462,22.451634615384613,0.0,5.2,85.0
2061,2020-06-23,35.1205,72.30369999999999,21.823249999999998,0.0,5.2,85.0
2061,2020-06-24,34.12794117647059,72.44029411764706,20.7255,0.0,5.2,85.0
2061,2020-06-25,33.073052631578946,72.96484210526316,20.213694736842104,0.0,5.2,85.0
2061,2020-06-26,33.50261682242991,68.29242990654205,21.546429906542055,0.0,5.2,85.0
2061,2020-06-27,32.9928125,64.07677083333333,22.52059375,0.0,5.2,85.0
2061,2020-06-28,32.8021052631579,67.33894736842106,22.53978947368421,0.0,5.2,85.0
2061,2020-06-29,31.63358695652174,66.1054347826087,22.537315217391303,0.0,5.2,85.0
2061,2020-06-30,31.83673684210526,62.54568421052632,22.936968421052633,0.0,5.2,85.0
2061,2020-07-01,32.456538461538464,63.740576923076915,25.581721153846154,0.0,5.2,85.0
2061,2020-07-02,32.51597701149425,68.60080459770114,27.279241379310342,0.0,5.2,85.0
2061,2020-07-03,32.5969387755102,66.98183673469389,26.762979591836736,0.0,5.2,85.0
2061,2020-07-04,33.342708333333334,55.08833333333333,26.603041666666666,0.0,5.2,85.0
2061,2020-07-05,31.91529411764706,51.75813725490196,24.574617647058822,0.0,5.2,85.0
2061,2020-07-06,32.285312499999996,55.403124999999996,24.373166666666666,0.0,5.2,85.0
2061,2020-07-07,32.967555555555556,52.217333333333336,26.503355555555558,0.0,5.2,85.0
2061,2020-07-08,33.69578431372549,58.88617647058824,28.81329411764706,0.0,5.2,85.0
2061,2020-07-09,34.592372881355935,61.492372881355934,28.340610169491526,0.0,5.2,85.0
2061,2020-07-10,35.67441176470588,62.18460784313726,14.315098039215687,0.0,5.2,85.0
2061,2020-07-11,35.20160377358491,64.36650943396226,8.439698113207546,0.0,5.2,85.0
2061,2020-07-12,35.46514705882353,65.94772058823528,9.00556617647059,0.0,5.2,85.0
2061,2020-07-13,35.309322033898304,58.57093220338983,2.916991525423729,0.0,5.2,85.0
2061,2020-07-14,35.06137096774193,55.954032258064515,-9.857120967741935,0.0,5.2,85.0
2061,2020-07-15,35.03368421052632,54.46305263157895,-7.2903473684210525,0.0,5.2,85.0
2061,2020-07-16,34.94135135135135,53.94891891891892,-6.9644504504504505,0.0,5.2,85.0
2061,2020-07-17,34.714786324786324,53.66504273504274,-6.6871282051282055,0.0,5.2,85.0
2061,2020-07-18,34.90924528301887,58.41924528301887,13.840056603773585,0.0,5.2,85.0
2061,2020-07-19,34.8190099009901,63.48465346534653,21.175544554455445,0.0,5.2,85.0
2061,2020-07-20,35.130980392156864,66.18058823529412,19.904833333333332,0.0,5.2,85.0
2061,2020-07-21,34.88920792079208,64.86376237623762,13.35790099009901,0.0,5.2,85.0
2061,2020-07-22,34.332499999999996,65.12768518518519,9.631416666666667,0.0,5.2,85.0
2061,2020-07-23,34.68833333333333,68.84322916666666,9.071989583333334,0.0,5.2,85.0
2061,2020-07-24,34.72135922330097,65.52388349514563,7.235631067961165,0.0,5.2,85.0
2061,2020-07-25,34.714285714285715,66.11857142857143,5.000303571428572,0.0,5.2,85.0
2061,2020-07-26,34.71061403508772,68.50701754385965,7.018052631578947,0.0,5.2,85.0
2061,2020-07-27,34.83835051546392,68.58835051546392,8.843226804123711,0.0,5.2,85.0
2061,2020-07-28,34.9731007751938,69.35240310077519,8.909651162790698,0.0,5.2,85.0
2061,2020-07-29,34.785522388059704,62.67888059701492,8.085298507462687,0.0,5.2,85.0
2061,2020-07-30,34.83905325443787,61.013017751479296,5.344526627218935,0.0,5.2,85.0
2061,2020-07-31,34.91289655172414,61.47289655172413,4.180751724137931,0.0,5.2,85.0
2061,2020-08-01,35.02745098039216,61.858137254901955,1.091764705882353,0.0,5.2,85.0
2061,2020-08-02,34.92841269841269,61.6415873015873,-1.7424285714285714,0.0,5.2,85.0
2061,2020-08-03,34.78207207207207,62.10774774774775,-4.041783783783783,0.0,5.2,85.0
2061,2020-08-04,34.222115384615385,62.57701923076923,-10.0,0.0,5.2,85.0
2061,2020-08-05,33.91525252525253,62.61141414141414,-10.0,0.0,5.2,85.0
2061,2020-08-06,33.704579124579126,60.21491582491583,-10.0,0.0,5.2,85.0
2061,2020-08-07,33.919915966386554,59.259033613445375,-10.0,0.0,5.2,85.0
2061,2020-08-08,34.2684375,58.888645833333335,-10.0,0.0,5.2,85.0
2061,2020-08-09,34.33481481481481,59.64037037037037,-10.0,0.0,5.2,85.0
2061,2020-08-10,34.55606299212598,60.76566929133858,-10.0,0.0,5.2,85.0
2061,2020-08-11,34.9181,61.6837,-9.99609,0.0,5.2,85.0
2061,2020-08-12,34.49848,63.36544,-9.99376,0.0,5.2,85.0
2061,2020-08-13,34.13467289719626,62.42252336448598,-10.0,0.0,5.2,85.0
2061,2020-08-14,34.188870967741934,62.21209677419355,-10.0,0.0,5.2,85.0
2061,2020-08-15,34.25870689655173,61.11508620689656,-9.98525,0.0,5.2,85.0
2061,2020-08-16,34.35836879432624,60.95070921985815,-9.801971631205674,0.0,5.2,85.0
2061,2020-08-17,34.1925925925926,61.31722222222223,-9.95887037037037,0.0,5.2,85.0
2061,2020-08-18,34.11073529411765,60.43985294117647,-9.82641911764706,0.0,5.2,85.0
2061,2020-08-19,33.87522580645161,60.04961290322581,-9.937245161290322,0.0,5.2,85.0
2061,2020-08-20,34.0755033557047,59.48906040268457,-9.8991677852349,0.0,5.2,85.0
2061,2020-08-21,34.217278481012656,59.46215189873418,-10.0,0.0,5.2,85.0
2061,2020-08-22,34.04490445859873,59.611273885350315,-10.0,0.0,5.2,85.0
2061,2020-08-23,34.1339552238806,59.19164179104478,-10.0,0.0,5.2,85.0
2061,2020-08-24,34.21767441860465,58.39806201550388,-10.0,0.0,5.2,85.0
2061,2020-08-25,34.25355421686747,58.44795180722892,-10.0,0.0,5.2,85.0
2061,2020-08-26,33.32432432432432,58.804121621621626,-10.0,0.0,5.2,85.0
2061,2020-08-27,32.69307692307692,58.76854700854701,-9.998991452991454,0.0,5.2,85.0
2061,2020-08-28,33.71888,57.8056,-9.129472,0.0,5.2,85.0
2061,2020-08-29,32.733760683760686,57.68119658119658,-5.9733247863247865,0.0,5.2,85.0
2061,2020-08-30,32.38895522388059,57.796940298507465,-6.5835298507462685,0.0,5.2,85.0
2061,2020-08-31,32.63588785046729,58.24056074766355,-5.386420560747664,0.0,5.2,85.0
2061,2020-09-01,34.1372268907563,57.1064705882353,-2.8751680672268907,0.0,5.2,85.0
2061,2020-09-02,33.90974137931035,56.69344827586207,-4.683310344827587,0.0,5.2,85.0
2061,2020-09-03,33.57826771653543,57.42228346456693,-5.4859606299212595,0.0,5.2,85.0
2061,2020-09-04,33.813813559322035,56.808644067796614,-7.711966101694915,0.0,5.2,85.0
2061,2020-09-05,33.039718309859154,56.59929577464789,-9.058056338028168,0.0,5.2,85.0
2061,2020-09-06,32.35795918367347,57.19377551020408,-9.025295918367348,0.0,5.2,85.0
2061,2020-09-07,32.443300970873786,57.33757281553398,-7.462961165048543,0.0,5.2,85.0
2061,2020-09-08,33.27231481481481,57.19592592592593,-9.425324074074073,0.0,5.2,85.0
2061,2020-09-09,31.92256944444445,58.09673611111111,-9.960666666666667,0.0,5.2,85.0
2061,2020-09-10,30.121779661016948,59.635000000000005,-9.966618644067795,0.0,5.2,85.0
2061,2020-09-11,29.128529411764706,61.1214705882353,-9.625264705882353,0.0,5.2,85.0
2061,2020-09-13,29.194266666666667,60.98106666666666,-9.693546666666666,0.0,5.2,85.0
2061,2020-09-14,29.479733333333332,60.95724444444444,-9.991937777777778,0.0,5.2,85.0
2061,2020-09-15,27.854000000000003,61.960800000000006,-9.01444,0.0,5.2,85.0
2061,2020-11-04,6.02290909090909,79.10199999999999,-9.593509090909091,0.0,5.2,85.0
2061,2020-11-05,9.168958333333334,76.1015625,-5.04125,0.0,5.2,85.0
2062,2020-05-26,38.675,47.06,-8.611,0.0,38.6,85.0
2062,2020-05-27,36.6,55.88,-10.0,0.0,38.6,85.0
2062,2020-05-28,34.62,58.275999999999996,-10.0,0.0,38.6,85.0
2062,2020-05-30,33.62,55.92666666666667,-8.428,0.0,38.6,85.0
2062,2020-05-31,31.5575,56.9225,-9.541375,0.0,38.6,85.0
2062,2020-06-01,33.149,57.226,-8.7325,0.0,38.6,85.0
2062,2020-06-02,33.99133333333334,57.39666666666667,-9.6089,0.0,38.6,85.0
2062,2020-06-03,34.34,53.54333333333333,-9.849333333333334,0.0,38.6,85.0
2062,2020-06-04,35.140571428571434,52.12885714285714,-9.425828571428571,0.0,38.6,85.0
2062,2020-06-05,35.231632653061226,51.916224489795916,-8.549724489795919,0.0,38.6,85.0
2062,2020-06-06,34.86698113207547,52.901226415094335,-7.944443396226415,0.0,38.6,85.0
2062,2020-06-07,34.7774,54.002700000000004,-9.35996,0.0,38.6,85.0
2062,2020-06-08,35.02171717171717,57.84020202020202,-9.475545454545454,0.0,38.6,85.0
2062,2020-06-09,35.01978021978022,76.22747252747253,4.4484065934065935,0.0,38.6,85.0
2062,2020-06-10,35.00425742574257,83.42336633663366,22.89818811881188,0.0,38.6,85.0
2062,2020-06-11,35.1487,75.1595,20.90407,0.0,38.6,85.0
2062,2020-06-12,35.06490384615385,66.01096153846154,17.598701923076923,0.0,38.6,85.0
2062,2020-06-13,34.824411764705886,61.39705882352941,15.198274509803921,0.0,38.6,85.0
2062,2020-06-14,35.087941176470586,62.58392156862745,17.473323529411765,0.0,38.6,85.0
2062,2020-06-15,35.2319801980198,62.958712871287126,18.987673267326734,0.0,38.6,85.0
2062,2020-06-16,35.4286,63.0506,20.26614,0.0,38.6,85.0
2062,2020-06-17,35.46871287128713,62.16287128712871,18.165603960396037,0.0,38.6,85.0
2062,2020-06-18,35.58740384615385,61.105865384615385,17.64633653846154,0.0,38.6,85.0
2062,2020-06-19,35.607070707070704,62.10575757575758,19.029282828282827,0.0,38.6,85.0
2062,2020-06-20,35.54460784313726,63.04813725490196,15.788931372549019,0.0,38.6,85.0
2062,2020-06-21,35.581538461538464,64.60038461538461,17.31898717948718,0.0,38.6,85.0
2062,2020-06-22,35.526161616161616,66.51313131313131,18.748696969696972,0.0,38.6,85.0
2062,2020-06-23,35.846914893617026,67.98202127659575,20.085914893617023,0.0,38.6,85.0
2062,2020-06-24,35.363627450980395,70.39274509803921,13.48805882352941,0.0,38.6,85.0
2062,2020-06-25,35.37960784313725,66.54901960784314,12.169382352941177,0.0,38.6,85.0
2062,2020-06-26,35.01916666666667,65.42031250000001,14.237499999999999,0.0,38.6,85.0
2062,2020-06-27,34.922680412371136,66.41948453608248,14.931453608247423,0.0,38.6,85.0
2062,2020-06-28,35.06733333333333,66.78822222222222,14.998366666666668,0.0,38.6,85.0
2062,2020-06-29,34.7998969072165,66.64298969072165,16.3260412371134,0.0,38.6,85.0
2062,2020-06-30,34.867948717948714,67.56076923076922,17.021307692307694,0.0,38.6,85.0
2062,2020-07-01,34.967319587628864,66.68835051546392,18.24717525773196,0.0,38.6,85.0
2062,2020-07-02,35.06412371134021,67.8758762886598,20.96723711340206,0.0,38.6,85.0
2062,2020-07-03,35.08702127659574,66.1713829787234,22.47577659574468,0.0,38.6,85.0
2062,2020-07-04,35.034183673469386,63.697755102040816,22.858408163265302,0.0,38.6,85.0
2062,2020-07-05,35.02381443298969,62.208041237113406,20.850865979381446,0.0,38.6,85.0
2062,2020-07-06,35.15989583333333,61.03479166666667,19.20929166666667,0.0,38.6,85.0
2062,2020-07-07,34.94313953488372,60.108953488372094,20.46106976744186,0.0,38.6,85.0
2062,2020-07-08,35.15152173913044,62.93945652173913,24.06916304347826,0.0,38.6,85.0
2062,2020-07-09,35.42242424242424,65.95979797979798,24.709434343434342,0.0,38.6,85.0
2062,2020-07-10,35.26646464646465,70.55575757575757,27.85457575757576,0.0,38.6,85.0
2062,2020-07-11,34.778645833333336,70.46593750000001,26.220812499999997,0.0,38.6,85.0
2062,2020-07-12,35.18009900990099,69.48980198019802,22.272039603960398,0.0,38.6,85.0
2062,2020-07-13,35.034774774774775,66.30612612612612,20.044306306306307,0.0,38.6,85.0
2062,2020-07-14,35.0046218487395,63.151008403361345,19.25698319327731,0.0,38.6,85.0
2062,2020-07-15,35.10485714285714,61.84499999999999,17.905707142857143,0.0,38.6,85.0
2062,2020-07-16,35.027089552238806,63.863358208955226,20.90460447761194,0.0,38.6,85.0
2062,2020-07-17,34.974817813765185,64.40315789473684,21.863190283400808,0.0,38.6,85.0
2062,2020-07-18,35.21371134020619,64.34123711340206,16.369742268041236,0.0,38.6,85.0
2062,2020-07-19,35.130980392156864,69.61098039215686,24.653745098039213,0.0,38.6,85.0
2062,2020-07-20,35.315625,70.27758928571428,20.723151785714286,0.0,38.6,85.0
2062,2020-07-21,34.89019607843137,67.38950980392157,21.52927450980392,0.0,38.6,85.0
2062,2020-07-22,34.79669642857143,64.84928571428571,20.5265625,0.0,38.6,85.0
2062,2020-07-23,34.83265957446808,64.48712765957447,23.487212765957448,0.0,38.6,85.0
2062,2020-07-24,34.79089430894309,63.78642276422764,23.731861788617888,0.0,38.6,85.0
2062,2020-07-25,34.75349206349206,59.952063492063495,23.07152380952381,0.0,38.6,85.0
2062,2020-07-26,34.91130434782609,64.80804347826087,22.865445652173914,0.0,38.6,85.0
2062,2020-07-27,35.20731958762887,66.9821649484536,20.74425773195876,0.0,38.6,85.0
2062,2020-07-28,35.34366812227074,67.72218340611354,22.359078602620087,0.0,38.6,85.0
2062,2020-07-29,35.05383673469388,69.57983673469388,20.76777142857143,0.0,38.6,85.0
2062,2020-07-30,34.88664383561644,67.68267123287671,20.945047945205477,0.0,38.6,85.0
2062,2020-07-31,34.93211678832117,66.67277372262774,21.122591240875913,0.0,38.6,85.0
2062,2020-08-01,35.0,68.32137931034482,21.50480172413793,0.0,38.6,85.0
2062,2020-08-02,34.88517241379311,67.63367816091954,21.595563218390804,0.0,38.6,85.0
2062,2020-08-03,34.9485,68.198375,21.0903625,0.0,38.6,85.0
2062,2020-08-15,34.92209302325582,61.52162790697674,5.671558139534884,0.0,38.6,85.0
2062,2020-08-16,34.78161764705882,61.32525735294118,5.377639705882353,0.0,38.6,85.0
2062,2020-08-17,34.833888888888886,60.93701388888889,1.3871666666666667,0.0,38.6,85.0
2062,2020-08-18,34.61303703703704,61.37629629629629,-4.114466666666666,0.0,38.6,85.0
2062,2020-08-19,34.38541818181818,60.79407272727272,-5.0569381818181816,0.0,38.6,85.0
2062,2020-08-20,34.42232835820895,59.52241791044776,-7.052268656716419,0.0,38.6,85.0
2062,2020-08-21,34.60198952879581,60.209162303664925,-9.857314136125655,0.0,38.6,85.0
2062,2020-08-22,34.64378571428571,61.714357142857146,-9.758507142857143,0.0,38.6,85.0
2062,2020-08-26,33.8908,63.2532,-3.2158800000000003,0.0,38.6,85.0
2062,2020-09-01,34.12577777777778,58.306,5.70231111111111,0.0,38.6,85.0
2062,2020-09-02,33.738173076923076,58.87115384615385,2.667480769230769,0.0,38.6,85.0
2062,2020-09-03,33.550555555555555,58.72277777777778,-0.34667777777777775,0.0,38.6,85.0
2062,2020-09-04,33.76505747126437,58.102528735632184,0.22977011494252872,0.0,38.6,85.0
2062,2020-09-05,33.183238095238096,56.01933333333333,0.7418190476190477,0.0,38.6,85.0
2062,2020-09-06,33.011917808219174,54.87958904109589,1.290041095890411,0.0,38.6,85.0
2062,2020-09-07,33.24090909090909,54.66,1.6276666666666666,0.0,38.6,85.0
2062,2020-09-08,33.67247524752475,55.450693069306936,-3.763920792079208,0.0,38.6,85.0
2062,2020-09-09,32.543851851851855,55.680962962962965,-5.38222962962963,0.0,38.6,85.0
2062,2020-09-10,31.766,55.484,-7.4878,0.0,38.6,85.0
2062,2020-11-03,29.979047619047616,55.14214285714285,-6.307047619047619,0.0,38.6,85.0
2062,2020-11-04,4.41,63.88,-0.238,0.0,38.6,85.0
2062,2020-11-05,8.13875,63.204791666666665,-3.228520833333333,0.0,38.6,85.0
2063,2020-05-26,36.81,49.97,3.8143333333333334,0.0,22.2,85.0
2063,2020-05-27,36.64,63.47,-4.016,0.0,22.2,85.0
2063,2020-05-28,27.97,72.14,-10.0,0.0,22.2,85.0
2063,2020-05-29,34.91,62.916666666666664,0.49333333333333335,0.0,22.2,85.0
2063,2020-05-30,30.081666666666667,69.25666666666667,-9.270833333333334,0.0,22.2,85.0
2063,2020-05-31,27.25,76.74666666666667,-10.0,0.0,22.2,85.0
2063,2020-06-01,29.931,73.936,-10.0,0.0,22.2,85.0
2063,2020-06-02,33.23913043478261,69.18391304347826,-9.092565217391304,0.0,22.2,85.0
2063,2020-06-03,29.678888888888892,69.7011111111111,-9.64188888888889,0.0,22.2,85.0
2063,2020-06-04,32.14121951219512,66.91731707317074,-9.368951219512196,0.0,22.2,85.0
2063,2020-06-05,29.615728155339806,68.54165048543689,-9.393495145631068,0.0,22.2,85.0
2063,2020-06-06,27.883979591836734,67.28173469387755,-9.82934693877551,0.0,22.2,85.0
2063,2020-06-07,28.8587,68.6187,-9.69073,0.0,22.2,85.0
2063,2020-06-08,29.17862745098039,67.4828431372549,-9.651137254901961,0.0,22.2,85.0
2063,2020-06-09,29.997040816326532,64.34785714285715,-6.135785714285714,0.0,22.2,85.0
2063,2020-06-10,31.743207547169813,58.29622641509434,-6.097858490566038,0.0,22.2,85.0
2063,2020-06-11,31.2286,55.798199999999994,-5.37582,0.0,22.2,85.0
2063,2020-06-12,30.939134615384617,55.68259615384615,-6.6743173076923075,0.0,22.2,85.0
2063,2020-06-13,29.38923076923077,54.839519230769234,-6.847932692307692,0.0,22.2,85.0
2063,2020-06-14,29.143271028037383,53.32205607476636,-4.666831775700935,0.0,22.2,85.0
2063,2020-06-15,30.69425925925926,49.49509259259259,-3.1771481481481483,0.0,22.2,85.0
2063,2020-06-16,31.63217821782178,49.86079207920792,-3.003950495049505,0.0,22.2,85.0
2063,2020-06-17,31.525882352941174,51.87735294117647,-4.855313725490197,0.0,22.2,85.0
2063,2020-06-18,32.21424242424242,52.599898989898996,-7.03829292929293,0.0,22.2,85.0
2063,2020-06-19,33.063434343434345,54.558282828282834,-5.620070707070708,0.0,22.2,85.0
2063,2020-06-20,32.78577981651376,53.23807339449541,-6.120100917431193,0.0,22.2,85.0
2063,2020-06-21,33.15039603960396,49.91188118811881,-5.25370297029703,0.0,22.2,85.0
2063,2020-06-22,32.0314,52.1002,-5.04006,0.0,22.2,85.0
2063,2020-06-23,34.129999999999995,58.924897959183674,-7.543020408163265,0.0,22.2,85.0
2063,2020-06-24,33.806999999999995,66.7177,-8.67665,0.0,22.2,85.0
2063,2020-06-25,33.71048076923077,66.69413461538461,-8.912826923076922,0.0,22.2,85.0
2063,2020-06-26,33.527029702970296,62.70009900990099,-8.601653465346535,0.0,22.2,85.0
2063,2020-06-27,32.34392156862745,61.91392156862745,-5.680882352941177,0.0,22.2,85.0
2063,2020-06-28,33.25173469387755,63.195408163265306,-2.239989795918367,0.0,22.2,85.0
2063,2020-06-29,32.55626262626263,64.4590909090909,-0.17514141414141413,0.0,22.2,85.0
2063,2020-06-30,32.67535353535354,62.69868686868687,-0.11165656565656568,0.0,22.2,85.0
2063,2020-07-01,33.61666666666667,62.28989898989899,1.1811313131313133,0.0,22.2,85.0
2063,2020-07-02,32.72858695652174,65.97576086956522,3.836445652173913,0.0,22.2,85.0
2063,2020-07-03,33.165757575757574,63.29636363636364,3.733949494949495,0.0,22.2,85.0
2063,2020-07-04,33.4325,63.87869565217392,4.534565217391305,0.0,22.2,85.0
2063,2020-07-05,33.66645833333333,63.28270833333334,3.251791666666666,0.0,22.2,85.0
2063,2020-07-06,34.15294736842105,61.74821052631579,5.046305263157895,0.0,22.2,85.0
2063,2020-07-07,34.6665,58.047799999999995,5.30012,0.0,22.2,85.0
2063,2020-07-08,34.941935483870964,57.784731182795696,5.7264086021505385,0.0,22.2,85.0
2063,2020-07-09,34.8175,61.00270833333334,4.8433125,0.0,22.2,85.0
2063,2020-07-10,34.330978260869564,64.54978260869565,5.071586956521739,0.0,22.2,85.0
2063,2020-07-11,34.22704225352113,65.48014084507042,5.3027746478873246,0.0,22.2,85.0
2063,2020-07-13,34.13183673469388,64.26591836734694,0.6043571428571428,0.0,22.2,85.0
2063,2020-07-14,33.674,62.294814814814806,-0.22305925925925926,0.0,22.2,85.0
2063,2020-07-15,33.792746268656714,59.25531343283582,-1.7771164179104475,0.0,22.2,85.0
2063,2020-07-16,33.85990566037736,57.33084905660377,1.5499811320754717,0.0,22.2,85.0
2063,2020-07-17,33.8446218487395,56.66151260504202,1.1522605042016807,0.0,22.2,85.0
2063,2020-07-18,34.49089108910891,57.933267326732675,2.7405544554455443,0.0,22.2,85.0
2063,2020-07-19,34.39,59.9746,5.3614999999999995,0.0,22.2,85.0
2063,2020-07-20,34.77316666666666,62.138000000000005,5.165183333333333,0.0,22.2,85.0
2063,2020-07-21,34.0025,61.11486842105263,3.8660394736842107,0.0,22.2,85.0
2063,2020-07-22,33.91180555555556,59.155833333333334,6.490541666666667,0.0,22.2,85.0
2063,2020-07-23,35.11366666666667,58.150999999999996,3.3398666666666665,0.0,22.2,85.0
2063,2020-07-24,34.85724719101124,59.99151685393258,4.877578651685393,0.0,22.2,85.0
2063,2020-07-25,34.491136363636365,60.228181818181824,7.594763636363636,0.0,22.2,85.0
2063,2020-07-26,34.52191709844559,61.19492227979275,6.865124352331606,0.0,22.2,85.0
2063,2020-07-27,34.57934911242604,62.35917159763314,3.7513254437869827,0.0,22.2,85.0
2063,2020-07-28,34.61066666666667,62.595555555555556,4.486011111111111,0.0,22.2,85.0
2063,2020-07-29,34.88440944881889,61.6096062992126,4.670968503937008,0.0,22.2,85.0
2063,2020-07-30,34.40486842105263,62.76394736842106,5.858223684210526,0.0,22.2,85.0
2063,2020-07-31,34.2906106870229,63.17160305343511,5.895282442748092,0.0,22.2,85.0
2063,2020-08-01,33.84310344827586,63.182758620689654,7.842663793103449,0.0,22.2,85.0
2063,2020-08-02,33.68023529411765,63.12305882352941,7.0595058823529415,0.0,22.2,85.0
2063,2020-08-03,34.30880434782608,64.16097826086957,3.329152173913043,0.0,22.2,85.0
2063,2020-08-04,34.26016216216216,63.49102702702703,-0.021756756756756764,0.0,22.2,85.0
2063,2020-08-05,34.31950617283951,61.982592592592596,-3.13029012345679,0.0,22.2,85.0
2063,2020-08-06,33.86725806451613,61.763172043010755,-6.285795698924731,0.0,22.2,85.0
2063,2020-08-07,33.42860335195531,63.8354189944134,-9.660385474860336,0.0,22.2,85.0
2063,2020-08-08,33.01201923076923,63.629230769230766,-9.69985576923077,0.0,22.2,85.0
2063,2020-08-09,32.833465909090904,63.353579545454544,-9.548562500000001,0.0,22.2,85.0
2063,2020-08-10,33.2194054054054,63.855513513513515,-9.84992972972973,0.0,22.2,85.0
2063,2020-08-11,33.82414634146341,64.27853658536586,-9.393146341463414,0.0,22.2,85.0
2063,2020-08-12,33.40743055555556,66.231875,-9.834013888888888,0.0,22.2,85.0
2063,2020-08-13,33.21747967479675,65.29634146341463,-9.8759837398374,0.0,22.2,85.0
2063,2020-08-14,32.72120967741935,63.72096774193548,-9.538258064516128,0.0,22.2,85.0
2063,2020-08-15,32.55887096774194,61.43104838709677,-9.488862903225806,0.0,22.2,85.0
2063,2020-08-16,32.74744966442953,60.05812080536913,-9.625973154362416,0.0,22.2,85.0
2063,2020-08-17,32.977469879518075,60.09024096385542,-9.195349397590363,0.0,22.2,85.0
2063,2020-08-18,32.650479452054796,61.256986301369864,-9.794445205479452,0.0,22.2,85.0
2063,2020-08-19,32.38186991869919,61.54813008130081,-9.809414634146341,0.0,22.2,85.0
2063,2020-08-20,31.846028368794325,61.79290780141844,-9.762936170212766,0.0,22.2,85.0
2063,2020-08-21,32.40511363636364,61.386534090909095,-9.73940340909091,0.0,22.2,85.0
2063,2020-08-22,32.76175438596491,63.18824561403509,-9.99242105263158,0.0,22.2,85.0
2063,2020-08-23,32.66217105263158,63.59381578947369,-10.0,0.0,22.2,85.0
2063,2020-08-24,32.17261194029851,63.44343283582089,-9.97479104477612,0.0,22.2,85.0
2063,2020-08-25,33.221409395973154,63.52892617449664,-10.0,0.0,22.2,85.0
2063,2020-08-26,30.302556390977447,64.5587969924812,-10.0,0.0,22.2,85.0
2063,2020-08-27,29.55257142857143,63.47123809523809,-9.989314285714284,0.0,22.2,85.0
2063,2020-08-28,29.288853503184715,62.42369426751593,-10.0,0.0,22.2,85.0
2063,2020-08-29,27.903082706766916,61.56646616541354,-9.998075187969924,0.0,22.2,85.0
2063,2020-08-30,28.941102150537635,61.391693548387096,-10.0,0.0,22.2,85.0
2063,2020-08-31,29.185490196078433,61.80156862745098,-10.0,0.0,22.2,85.0
2063,2020-09-01,26.007394366197186,62.16901408450704,-10.0,0.0,22.2,85.0
2063,2020-09-02,27.44739795918367,60.98688775510204,-10.0,0.0,22.2,85.0
2063,2020-09-03,29.30234375,62.751015625,-9.9695234375,0.0,22.2,85.0
2063,2020-09-04,28.718527607361963,64.13638036809816,-10.0,0.0,22.2,85.0
2063,2020-09-05,25.7581,64.881,-9.98953,0.0,22.2,85.0
2063,2020-09-06,23.361255605381167,64.73076233183856,-9.89773542600897,0.0,22.2,85.0
2063,2020-09-07,21.42324742268041,64.50056701030928,-9.409025773195877,0.0,22.2,85.0
2063,2020-09-08,25.563539325842697,63.57252808988764,-9.993764044943822,0.0,22.2,85.0
2063,2020-09-09,22.93,64.94216216216216,-9.917844594594595,0.0,22.2,85.0
2063,2020-09-10,23.334032258064518,67.87629032258064,-9.968459677419354,0.0,22.2,85.0
2063,2020-09-11,22.699583333333333,70.07881944444445,-9.212979166666667,0.0,22.2,85.0
2063,2020-09-12,22.07647435897436,70.59121794871794,-7.7409935897435895,0.0,22.2,85.0
2063,2020-09-13,21.229855072463767,69.94584541062802,-7.33567149758454,0.0,22.2,85.0
2063,2020-09-14,23.85435483870968,70.37524193548387,-9.51515322580645,0.0,22.2,85.0
2063,2020-09-15,22.788670886075952,71.47164556962025,-8.344917721518987,0.0,22.2,85.0
2063,2020-09-16,22.864343434343436,71.22040404040403,-8.745868686868686,0.0,22.2,85.0
2063,2020-09-17,26.7633,68.5375,-1.13562,0.0,22.2,85.0
2063,2020-09-18,33.571979166666665,58.695729166666666,16.081083333333336,0.0,22.2,85.0
2063,2020-09-19,32.03663157894737,52.75442105263158,13.511842105263158,0.0,22.2,85.0
2063,2020-09-20,32.63886597938144,49.963195876288665,10.865886597938145,0.0,22.2,85.0
2063,2020-09-21,30.04051020408163,52.47581632653061,6.746510204081633,0.0,22.2,85.0
2063,2020-09-22,28.736770833333335,53.69760416666667,10.5505625,0.0,22.2,85.0
2063,2020-09-23,30.262947368421052,51.276947368421055,10.09561052631579,0.0,22.2,85.0
2063,2020-09-24,31.1371875,49.954375,8.261697916666668,0.0,22.2,85.0
2063,2020-09-25,28.289489795918367,49.50867346938776,5.039510204081632,0.0,22.2,85.0
2063,2020-09-26,27.719789473684212,48.700947368421055,3.9219368421052634,0.0,22.2,85.0
2063,2020-09-27,28.283434343434344,49.597070707070706,5.2091111111111115,0.0,22.2,85.0
2063,2020-09-28,27.735263157894735,51.10347368421053,4.579778947368421,0.0,22.2,85.0
2063,2020-09-29,28.249782608695654,52.749347826086954,1.707,0.0,22.2,85.0
2063,2020-09-30,26.914699999999996,54.4079,-1.51237,0.0,22.2,85.0
2063,2020-10-01,25.383013698630137,55.3627397260274,0.538958904109589,0.0,22.2,85.0
2063,2020-10-02,24.186129032258062,56.34913978494624,0.8525698924731183,0.0,22.2,85.0
2063,2020-10-03,24.30638888888889,56.7775,2.982,0.0,22.2,85.0
2063,2020-10-04,23.5719587628866,57.47773195876289,4.566030927835052,0.0,22.2,85.0
2063,2020-10-05,23.2043,57.787,3.18957,0.0,22.2,85.0
2063,2020-10-06,20.535500000000003,60.0955,1.1911999999999998,0.0,22.2,85.0
2063,2020-10-07,20.656,62.574,-1.3715,0.0,22.2,85.0
2063,2020-10-08,18.845,64.2392,-0.07776000000000002,0.0,22.2,85.0
2063,2020-10-09,16.82282608695652,65.83760869565218,0.9024891304347825,0.0,22.2,85.0
2063,2020-10-10,20.169354838709676,66.51569892473118,0.17476344086021506,0.0,22.2,85.0
2063,2020-10-11,18.758064516129032,69.74451612903225,0.276494623655914,0.0,22.2,85.0
2063,2020-10-12,14.41132075471698,70.87735849056604,0.4090566037735849,0.0,22.2,85.0
2063,2020-10-13,15.069577464788733,70.86366197183098,-0.7514788732394366,0.0,22.2,85.0
2063,2020-10-14,17.677340425531916,71.14691489361702,-1.0993085106382978,0.0,22.2,85.0
2063,2020-10-15,17.9135,72.901625,0.49305000000000004,0.0,22.2,85.0
2063,2020-10-16,18.991875,73.75833333333334,-4.367104166666667,0.0,22.2,85.0
2063,2020-10-17,17.634432989690723,75.17237113402062,-5.349742268041236,0.0,22.2,85.0
2063,2020-10-18,15.341904761904763,76.49285714285713,-4.246714285714286,0.0,22.2,85.0
2063,2020-11-04,3.924545454545455,75.91886363636364,-1.1913181818181817,0.0,22.2,85.0
2063,2020-11-05,9.297604166666668,75.65947916666667,-0.3228125,0.0,22.2,85.0
2064,2020-05-27,35.045,50.900000000000006,28.770000000000003,0.0,55.4,85.0
2064,2020-05-28,34.29,49.67,26.437,0.0,55.4,85.0
2064,2020-05-29,36.02111111111111,47.47888888888889,23.429777777777776,0.0,55.4,85.0
2064,2020-05-30,36.25,46.67,20.89,0.0,55.4,85.0
2064,2020-05-31,32.295,49.46,17.610500000000002,0.0,55.4,85.0
2064,2020-06-01,32.6625,49.72,16.833750000000002,0.0,55.4,85.0
2064,2020-06-02,35.431666666666665,48.95583333333334,18.399666666666665,0.0,55.4,85.0
2064,2020-06-03,34.290000000000006,48.146,11.161399999999999,0.0,55.4,85.0
2064,2020-06-04,35.68787878787879,46.830606060606065,6.073848484848485,0.0,55.4,85.0
2064,2020-06-05,35.44732673267327,48.36772277227723,5.213782178217822,0.0,55.4,85.0
2064,2020-06-06,35.292897196261684,50.17897196261682,5.545766355140187,0.0,55.4,85.0
2064,2020-06-07,35.27797872340425,52.661595744680845,2.6709148936170215,0.0,55.4,85.0
2064,2020-06-08,35.34304347826087,56.23478260869565,4.1826739130434785,0.0,55.4,85.0
2064,2020-06-09,35.33247422680412,57.750309278350514,6.872010309278351,0.0,55.4,85.0
2064,2020-06-10,35.54,58.54161616161616,13.802919191919193,0.0,55.4,85.0
2064,2020-06-11,35.46989898989899,56.71545454545454,14.103161616161616,0.0,55.4,85.0
2064,2020-06-12,35.255714285714284,55.034795918367344,12.746897959183672,0.0,55.4,85.0
2064,2020-06-13,35.020384615384614,54.72538461538461,12.566951923076923,0.0,55.4,85.0
2064,2020-06-14,35.21693877551021,55.981632653061226,14.03911224489796,0.0,55.4,85.0
2064,2020-06-15,35.16367346938775,57.3769387755102,13.564591836734692,0.0,55.4,85.0
2064,2020-06-16,35.31475247524752,57.13465346534654,13.932069306930693,0.0,55.4,85.0
2064,2020-06-17,35.34535353535354,56.02464646464646,14.217838383838384,0.0,55.4,85.0
2064,2020-06-18,35.40577319587629,55.26762886597938,13.879113402061854,0.0,55.4,85.0
2064,2020-06-19,35.39177083333333,54.731249999999996,13.292406249999999,0.0,55.4,85.0
2064,2020-06-20,35.340674157303376,54.645393258426964,13.51720224719101,0.0,55.4,85.0
2064,2020-06-21,35.33712765957447,55.42063829787234,14.708893617021277,0.0,55.4,85.0
2064,2020-06-22,35.223333333333336,56.57434343434343,14.703989898989898,0.0,55.4,85.0
2064,2020-06-23,35.3981,57.8491,13.52211,0.0,55.4,85.0
2064,2020-06-24,34.98103448275862,60.02577586206896,13.396663793103448,0.0,55.4,85.0
2064,2020-06-25,34.9855,59.3647,11.83302,0.0,55.4,85.0
2064,2020-06-26,34.750776699029124,58.12815533980582,10.302601941747573,0.0,55.4,85.0
2064,2020-06-27,34.589387755102045,58.72795918367347,11.96957142857143,0.0,55.4,85.0
2064,2020-06-28,34.724444444444444,58.655656565656564,10.446717171717172,0.0,55.4,85.0
2064,2020-06-29,34.55252525252525,59.53454545454546,11.790686868686869,0.0,55.4,85.0
2064,2020-06-30,34.52088607594937,60.362658227848094,11.511974683544304,0.0,55.4,85.0
2064,2020-07-04,34.46602409638554,60.0144578313253,12.439807228915662,0.0,55.4,85.0
2064,2020-07-05,34.62766917293233,58.9303007518797,9.649578947368422,0.0,55.4,85.0
2064,2020-07-06,34.80083333333334,57.42906249999999,9.666885416666666,0.0,55.4,85.0
2064,2020-07-07,34.634109589041095,57.243013698630136,9.165013698630137,0.0,55.4,85.0
2064,2020-07-09,35.82,59.18083333333333,15.030166666666666,0.0,55.4,85.0
2064,2020-07-10,35.68839195979899,61.04281407035176,13.432005025125628,0.0,55.4,85.0
2064,2020-07-11,35.39390243902439,62.172048780487806,12.046424390243901,0.0,55.4,85.0
2064,2020-07-12,35.342700729927,63.13175182481751,9.76721897810219,0.0,55.4,85.0
2064,2020-07-13,35.21785714285714,71.00938775510204,19.679173469387756,0.0,55.4,85.0
2064,2020-07-14,34.996521739130436,72.99547826086956,24.428460869565217,0.0,55.4,85.0
2064,2020-07-15,34.99803738317757,72.66943925233645,23.128457943925234,0.0,55.4,85.0
2064,2020-07-16,34.759277108433736,71.8328313253012,25.380174698795184,0.0,55.4,85.0
2064,2020-07-17,34.624020618556706,71.55350515463917,24.275567010309278,0.0,55.4,85.0
2064,2020-07-18,34.81310344827586,69.6425,21.240827586206898,0.0,55.4,85.0
2064,2020-07-19,34.59171428571429,77.53399999999999,26.778761904761904,0.0,55.4,85.0
2064,2020-07-20,34.94451851851852,76.19022222222222,23.449696296296295,0.0,55.4,85.0
2064,2020-07-21,34.924090909090914,72.37227272727273,22.414511363636365,0.0,55.4,85.0
2064,2020-07-22,34.79053571428572,69.74732142857142,22.465017857142858,0.0,55.4,85.0
2064,2020-07-23,34.80416666666667,67.9321875,25.534937499999998,0.0,55.4,85.0
2064,2020-07-24,34.79721153846154,67.27105769230769,24.737750000000002,0.0,55.4,85.0
2064,2020-07-25,34.86208333333334,63.537395833333335,22.966708333333333,0.0,55.4,85.0
2064,2020-07-26,34.791250000000005,63.200125,22.9901625,0.0,55.4,85.0
2064,2020-08-01,34.884578313253016,64.7890361445783,12.839048192771084,0.0,55.4,85.0
2064,2020-08-02,34.786590909090904,65.21704545454546,10.620090909090909,0.0,55.4,85.0
2064,2020-08-03,34.79062801932367,65.08628019323672,14.022120772946861,0.0,55.4,85.0
2064,2020-08-04,35.09565934065934,62.87516483516484,4.767087912087912,0.0,55.4,85.0
2064,2020-08-05,34.999609375,60.502265625,5.81937890625,0.0,55.4,85.0
2064,2020-08-06,35.0064739884393,57.51511560693641,5.591621387283237,0.0,55.4,85.0
2064,2020-08-07,35.10489583333334,56.92270833333333,4.983052083333333,0.0,55.4,85.0
2064,2020-08-08,35.08390476190476,57.92038095238095,1.300095238095238,0.0,55.4,85.0
2064,2020-08-09,35.11819548872181,58.01210526315789,-3.5550225563909774,0.0,55.4,85.0
2064,2020-08-10,35.188706467661696,58.628955223880595,-7.257283582089552,0.0,55.4,85.0
2064,2020-08-11,35.25036697247707,60.17559633027523,-2.584889908256881,0.0,55.4,85.0
2064,2020-08-12,35.070381679389314,62.36213740458015,-5.821893129770992,0.0,55.4,85.0
2064,2020-08-13,35.018307692307694,61.88507692307692,-7.732738461538461,0.0,55.4,85.0
2064,2020-08-17,34.7378813559322,60.49067796610169,-6.223949152542374,0.0,55.4,85.0
2064,2020-08-18,34.633315789473684,60.4126052631579,-6.309565789473685,0.0,55.4,85.0
2064,2020-08-19,34.55793388429752,58.865289256198345,-5.999851239669422,0.0,55.4,85.0
2064,2020-08-20,34.65071428571429,57.66418367346939,-3.711081632653061,0.0,55.4,85.0
2064,2020-08-21,34.76896341463414,58.273963414634146,4.792365853658536,0.0,55.4,85.0
2064,2020-08-22,34.685922330097085,58.412815533980584,5.433563106796117,0.0,55.4,85.0
2064,2020-08-23,34.692601156069365,59.75335260115607,7.2598497109826585,0.0,55.4,85.0
2064,2020-08-24,34.500758293838864,60.687725118483414,6.578796208530806,0.0,55.4,85.0
2064,2020-08-25,34.59410404624278,61.77479768786127,2.132936416184971,0.0,55.4,85.0
2064,2020-08-26,33.3754716981132,61.02320754716981,-7.007056603773585,0.0,55.4,85.0
2064,2020-08-27,34.05384615384615,57.45,10.319923076923077,0.0,55.4,85.0
2064,2020-08-28,33.82752577319587,57.41979381443299,6.0988659793814435,0.0,55.4,85.0
2064,2020-08-29,33.4090625,58.401354166666664,6.895822916666667,0.0,55.4,85.0
2064,2020-08-30,33.469166666666666,58.644083333333334,1.7527416666666666,0.0,55.4,85.0
2064,2020-08-31,33.14828571428571,57.68085714285714,3.845742857142857,0.0,55.4,85.0
2064,2020-09-01,33.993131313131315,58.170101010101014,6.6329797979797975,0.0,55.4,85.0
2064,2020-09-02,33.613173076923076,59.92,2.3459615384615384,0.0,55.4,85.0
2064,2020-09-03,33.33673076923077,59.0823717948718,-0.5126923076923077,0.0,55.4,85.0
2064,2020-09-04,33.53337837837837,58.35378378378379,-0.26935135135135135,0.0,55.4,85.0
2064,2020-09-05,32.86098901098901,57.058131868131866,2.25089010989011,0.0,55.4,85.0
2064,2020-09-06,32.9059375,56.746171875,4.249828125,0.0,55.4,85.0
2064,2020-09-07,32.97106796116505,57.31980582524272,5.59968932038835,0.0,55.4,85.0
2064,2020-09-08,33.184901960784316,59.089215686274514,2.5162941176470586,0.0,55.4,85.0
2064,2020-09-09,31.837161290322584,60.65174193548388,1.3088967741935482,0.0,55.4,85.0
2064,2020-09-10,29.85243243243243,61.33891891891892,-2.3127297297297296,0.0,55.4,85.0
2064,2020-11-04,6.68364705882353,69.01941176470588,1.3760705882352942,0.0,55.4,85.0
2064,2020-11-05,9.275729166666666,66.95302083333333,-2.2979583333333333,0.0,55.4,85.0
2065,2020-05-26,37.790499999999994,45.7745,1.4820499999999999,0.0,64.4,85.0
2065,2020-05-27,36.86000000000001,50.906666666666666,-0.19499999999999998,0.0,64.4,85.0
2065,2020-05-28,34.1225,53.74,-4.4357500000000005,0.0,64.4,85.0
2065,2020-05-29,33.97333333333333,52.88333333333333,-7.6819999999999995,0.0,64.4,85.0
2065,2020-05-30,34.332,51.082,-7.319599999999999,0.0,64.4,85.0
2065,2020-05-31,31.110000000000003,51.774,-10.0,0.0,64.4,85.0
2065,2020-06-01,32.705714285714286,49.145714285714284,-9.54257142857143,0.0,64.4,85.0
2065,2020-06-02,35.196666666666665,45.14952380952381,-9.264666666666667,0.0,64.4,85.0
2065,2020-06-03,33.20133333333333,51.166000000000004,-7.563066666666667,0.0,64.4,85.0
2065,2020-06-04,35.29651162790697,51.196046511627905,-4.6545116279069765,0.0,64.4,85.0
2065,2020-06-05,35.50808510638298,53.57425531914893,-4.226063829787234,0.0,64.4,85.0
2065,2020-06-06,35.329223300970874,58.05660194174757,-9.19478640776699,0.0,64.4,85.0
2065,2020-06-07,35.34031914893617,60.41021276595745,-8.092680851063829,0.0,64.4,85.0
2065,2020-06-08,35.3417,61.4873,-8.41231,0.0,64.4,85.0
2065,2020-06-09,35.51118811881188,57.66316831683169,-6.378722772277228,0.0,64.4,85.0
2065,2020-06-10,35.458461538461535,59.90432692307692,-7.93925,0.0,64.4,85.0
2065,2020-06-11,35.356274509803924,62.453529411764706,-9.568088235294118,0.0,64.4,85.0
2065,2020-06-12,35.405050505050504,63.800606060606064,-7.597505050505051,0.0,64.4,85.0
2065,2020-06-13,35.25745098039216,66.4713725490196,5.961480392156863,0.0,64.4,85.0
2065,2020-06-14,35.23730769230769,72.19403846153847,17.64714423076923,0.0,64.4,85.0
2065,2020-06-15,35.28509803921568,77.4221568627451,18.84885294117647,0.0,64.4,85.0
2065,2020-06-16,35.31656565656566,77.21060606060607,14.677959595959596,0.0,64.4,85.0
2065,2020-06-17,35.52030612244898,65.61561224489796,2.923,0.0,64.4,85.0
2065,2020-06-18,35.618095238095236,58.89247619047619,-1.4788285714285716,0.0,64.4,85.0
2065,2020-06-19,35.5679,60.031000000000006,19.70994,0.0,64.4,85.0
2065,2020-06-20,35.40555555555556,58.70657407407408,-9.746462962962962,0.0,64.4,85.0
2065,2020-06-21,35.5485,58.325900000000004,-9.57437,0.0,64.4,85.0
2065,2020-06-22,35.540190476190475,60.187333333333335,-3.8075142857142854,0.0,64.4,85.0
2065,2020-06-23,35.485052631578945,62.99715789473684,-3.042136842105263,0.0,64.4,85.0
2065,2020-06-24,35.40528846153846,65.67365384615385,-8.187817307692308,0.0,64.4,85.0
2065,2020-06-25,35.36683673469388,65.04969387755102,-8.974673469387755,0.0,64.4,85.0
2065,2020-06-26,35.28912280701754,63.94456140350877,-9.435868421052632,0.0,64.4,85.0
2065,2020-06-27,35.175096153846155,63.89798076923077,-9.925298076923077,0.0,64.4,85.0
2065,2020-06-28,35.27857142857143,63.84173469387755,-9.83234693877551,0.0,64.4,85.0
2065,2020-06-29,35.23960784313726,65.10637254901961,-9.496049019607844,0.0,64.4,85.0
2065,2020-06-30,35.27279279279279,65.19558558558559,-9.526333333333334,0.0,64.4,85.0
2065,2020-07-01,35.383265306122446,65.50265306122449,-5.378336734693877,0.0,64.4,85.0
2065,2020-07-02,35.323152173913044,66.57945652173913,-5.984315217391305,0.0,64.4,85.0
2065,2020-07-03,35.369,66.77810000000001,-5.04584,0.0,64.4,85.0
2065,2020-07-04,35.3502,66.4769,-4.13155,0.0,64.4,85.0
2065,2020-07-05,35.38183673469388,65.24448979591837,-5.55638775510204,0.0,64.4,85.0
2065,2020-07-06,35.39795918367347,65.70969387755102,-6.634673469387755,0.0,64.4,85.0
2065,2020-07-07,35.589183673469385,66.22285714285715,-3.0791326530612246,0.0,64.4,85.0
2065,2020-07-08,35.73404494382022,66.86505617977528,-5.859,0.0,64.4,85.0
2065,2020-07-09,35.66604278074866,68.70550802139037,-4.89268449197861,0.0,64.4,85.0
2065,2020-07-10,35.871078431372545,70.25156862745098,-7.8989705882352945,0.0,64.4,85.0
2065,2020-07-11,35.16737373737374,70.63585858585859,-9.500747474747474,0.0,64.4,85.0
2065,2020-07-12,35.24333333333333,69.67074074074074,-8.218768518518518,0.0,64.4,85.0
2065,2020-07-13,35.25703703703704,68.76918518518518,-5.7734296296296295,0.0,64.4,85.0
2065,2020-07-14,35.18782894736842,67.98927631578948,-5.419105263157895,0.0,64.4,85.0
2065,2020-07-15,35.16892086330935,65.30244604316547,-5.643884892086331,0.0,64.4,85.0
2065,2020-07-16,35.108046875,65.267578125,-4.731359375,0.0,64.4,85.0
2065,2020-07-17,35.01570247933884,65.66123966942149,-4.73500826446281,0.0,64.4,85.0
2065,2020-07-18,35.165803571428576,64.65741071428572,-3.0385625000000003,0.0,64.4,85.0
2065,2020-07-19,34.96162162162162,67.13477477477477,-2.175081081081081,0.0,64.4,85.0
2065,2020-07-20,34.92342857142857,67.76790476190476,-0.5295809523809524,0.0,64.4,85.0
2065,2020-07-21,34.80206896551724,68.23862068965518,2.3697672413793107,0.0,64.4,85.0
2065,2020-07-22,34.94092857142857,68.16935714285715,4.269571428571429,0.0,64.4,85.0
2065,2020-07-23,35.27180451127819,67.52563909774436,0.9002781954887218,0.0,64.4,85.0
2065,2020-07-24,35.00666666666667,68.72755952380952,-0.8830238095238097,0.0,64.4,85.0
2065,2020-07-25,34.88253164556962,70.07620253164556,2.4616265822784813,0.0,64.4,85.0
2065,2020-07-26,34.88075,70.24541666666667,-1.0633000000000001,0.0,64.4,85.0
2065,2020-07-27,35.01042857142857,69.48828571428572,-8.142707142857143,0.0,64.4,85.0
2065,2020-07-28,34.982671755725185,69.5812213740458,-6.631809160305344,0.0,64.4,85.0
2065,2020-07-29,35.02574803149606,70.01818897637794,-2.345692913385827,0.0,64.4,85.0
2065,2020-07-30,34.82772727272727,70.61647727272727,-0.8914659090909091,0.0,64.4,85.0
2065,2020-07-31,34.85907216494845,70.59010309278351,-0.10747422680412368,0.0,64.4,85.0
2065,2020-08-01,34.98288659793815,71.22701030927836,2.1842886597938147,0.0,64.4,85.0
2065,2020-08-02,35.01696202531646,71.30632911392405,1.0343164556962026,0.0,64.4,85.0
2065,2020-08-03,34.81666666666667,70.25052083333334,-8.035052083333333,0.0,64.4,85.0
2065,2020-08-04,34.80603550295858,67.66834319526627,-9.193609467455621,0.0,64.4,85.0
2065,2020-08-05,34.80301587301587,65.35513227513228,-9.828624338624339,0.0,64.4,85.0
2065,2020-08-06,34.65871951219512,63.58304878048781,-3.075707317073171,0.0,64.4,85.0
2065,2020-08-07,34.99275167785235,62.82651006711409,-2.4043758389261747,0.0,64.4,85.0
2065,2020-08-08,34.97445378151261,63.30218487394958,-7.904890756302521,0.0,64.4,85.0
2065,2020-08-09,34.975795454545455,63.77335227272727,-8.546505681818182,0.0,64.4,85.0
2065,2020-08-10,35.026198830409356,64.70847953216374,-8.845397660818714,0.0,64.4,85.0
2065,2020-08-11,35.429747899159665,65.37378151260504,-5.384899159663865,0.0,64.4,85.0
2065,2020-08-12,35.11260273972602,66.54438356164383,-7.264157534246575,0.0,64.4,85.0
2065,2020-08-13,35.05534482758621,64.97913793103449,-8.681362068965518,0.0,64.4,85.0
2065,2020-08-14,34.94598214285714,63.61758928571429,-9.259312499999998,0.0,64.4,85.0
2065,2020-08-15,34.8775572519084,63.77106870229008,-9.291412213740458,0.0,64.4,85.0
2065,2020-08-16,34.90796992481203,64.12165413533835,-8.420203007518797,0.0,64.4,85.0
2065,2020-08-17,34.837500000000006,64.39841463414635,-8.23266463414634,0.0,64.4,85.0
2065,2020-08-18,34.76264,63.988879999999995,-9.336528,0.0,64.4,85.0
2065,2020-08-19,34.61048780487805,62.22024390243902,-9.533081300813008,0.0,64.4,85.0
2065,2020-08-20,34.63370629370629,60.75027972027973,-9.174783216783217,0.0,64.4,85.0
2065,2020-08-21,34.92139534883721,61.75110465116279,-6.329011627906977,0.0,64.4,85.0
2065,2020-08-22,35.07,64.84963503649635,-7.4013576642335765,0.0,64.4,85.0
2065,2020-08-23,34.92948717948718,67.82121794871796,-7.423147435897436,0.0,64.4,85.0
2065,2020-08-24,34.81674757281554,68.98344660194175,-7.983951456310679,0.0,64.4,85.0
2065,2020-08-25,34.834647058823535,68.66529411764706,-8.983411764705883,0.0,64.4,85.0
2065,2020-08-26,34.58088709677419,64.40032258064517,-8.620161290322581,0.0,64.4,85.0
2065,2020-08-27,34.469065420560746,58.57813084112149,-7.077140186915888,0.0,64.4,85.0
2065,2020-08-28,34.53726415094339,58.683679245283024,-2.7488490566037735,0.0,64.4,85.0
2065,2020-08-29,34.17294964028777,60.59733812949641,0.5065755395683453,0.0,64.4,85.0
2065,2020-08-30,34.11034965034965,59.70503496503496,-1.5623286713286715,0.0,64.4,85.0
2065,2020-08-31,34.27251428571429,57.93788571428571,0.04813714285714289,0.0,64.4,85.0
2065,2020-09-01,34.507213114754094,60.04409836065574,1.1233770491803279,0.0,64.4,85.0
2065,2020-09-02,34.251733333333334,62.91913333333334,0.6337,0.0,64.4,85.0
2065,2020-09-03,34.208661971830985,62.65056338028168,-0.36640845070422534,0.0,64.4,85.0
2065,2020-09-04,34.384527027027026,61.46756756756757,4.725763513513513,0.0,64.4,85.0
2065,2020-09-05,34.205312500000005,60.6275,7.467762500000001,0.0,64.4,85.0
2065,2020-09-06,33.986310160427806,60.484117647058824,6.176005347593583,0.0,64.4,85.0
2065,2020-09-07,33.84955801104972,61.3885635359116,4.752618784530387,0.0,64.4,85.0
2065,2020-09-08,33.88057324840764,63.320445859872606,1.099904458598726,0.0,64.4,85.0
2065,2020-09-09,33.66657894736842,63.76098684210526,-0.653421052631579,0.0,64.4,85.0
2065,2020-09-10,32.9670253164557,63.076265822784805,-6.012120253164556,0.0,64.4,85.0
2065,2020-09-11,33.42219512195122,61.66073170731707,-3.6675691056910567,0.0,64.4,85.0
2065,2020-09-12,33.42746753246753,61.1501948051948,-1.1414480519480519,0.0,64.4,85.0
2065,2020-09-13,33.2224,63.366400000000006,4.62436,0.0,64.4,85.0
2065,2020-09-14,33.228662420382165,64.73980891719745,-5.096420382165605,0.0,64.4,85.0
2065,2020-09-15,31.34770833333333,64.905625,-3.9169027777777776,0.0,64.4,85.0
2065,2020-09-16,32.44585858585859,62.644444444444446,-5.529878787878787,0.0,64.4,85.0
2065,2020-09-17,33.177096774193544,62.06333333333334,-1.8050000000000002,0.0,64.4,85.0
2065,2020-09-18,33.90042105263158,58.781368421052626,14.526747368421052,0.0,64.4,85.0
2065,2020-09-19,34.88371134020618,49.17701030927835,8.31940206185567,0.0,64.4,85.0
2065,2020-09-20,34.164242424242424,46.68737373737374,3.5002828282828284,0.0,64.4,85.0
2065,2020-09-21,33.1206862745098,47.42460784313726,1.9697156862745098,0.0,64.4,85.0
2065,2020-09-22,32.054,48.665684210526315,6.606347368421052,0.0,64.4,85.0
2065,2020-09-23,33.92755102040817,47.4804081632653,10.126683673469387,0.0,64.4,85.0
2065,2020-09-24,34.508125,46.77427083333333,7.270416666666667,0.0,64.4,85.0
2065,2020-09-25,34.56453608247423,45.19041237113402,4.585536082474227,0.0,64.4,85.0
2065,2020-09-26,35.07715789473684,45.11,5.195052631578948,0.0,64.4,85.0
2065,2020-09-27,34.52154639175258,46.845876288659795,3.6335670103092785,0.0,64.4,85.0
2065,2020-09-28,33.76221052631579,48.3881052631579,0.909,0.0,64.4,85.0
2065,2020-09-29,31.964845360824743,50.72474226804124,-4.609216494845361,0.0,64.4,85.0
2065,2020-09-30,28.545825242718443,53.27864077669903,-8.269252427184465,0.0,64.4,85.0
2065,2020-10-01,27.16849315068493,54.19671232876713,-8.00654794520548,0.0,64.4,85.0
2065,2020-10-02,26.906276595744682,54.721063829787234,-8.209468085106383,0.0,64.4,85.0
2065,2020-10-03,26.399743589743586,54.49679487179487,-6.149589743589743,0.0,64.4,85.0
2065,2020-10-04,26.719693877551023,54.248571428571424,-5.314897959183674,0.0,64.4,85.0
2065,2020-10-05,26.6333,55.1638,-6.58542,0.0,64.4,85.0
2065,2020-10-06,26.126483516483518,55.566703296703295,-4.511747252747253,0.0,64.4,85.0
2065,2020-10-07,24.87673469387755,56.143469387755104,-6.854908163265305,0.0,64.4,85.0
2065,2020-10-08,24.082659574468085,56.35329787234043,-7.486159574468084,0.0,64.4,85.0
2065,2020-10-09,24.740729166666668,55.42104166666667,-2.9600833333333334,0.0,64.4,85.0
2065,2020-10-10,25.669431818181817,55.59045454545455,-5.717386363636364,0.0,64.4,85.0
2065,2020-10-11,24.679569892473115,57.19795698924731,-5.899763440860215,0.0,64.4,85.0
2065,2020-10-12,23.025454545454547,57.477792207792206,-3.5982727272727275,0.0,64.4,85.0
2065,2020-10-13,22.73818181818182,57.66284090909091,-4.995681818181819,0.0,64.4,85.0
2065,2020-10-14,23.193936170212766,57.458723404255316,-5.827574468085107,0.0,64.4,85.0
2065,2020-10-15,23.632441860465118,58.31395348837209,-4.869279069767441,0.0,64.4,85.0
2065,2020-10-16,24.04891304347826,58.99478260869566,-7.00316304347826,0.0,64.4,85.0
2065,2020-10-17,22.1784693877551,60.141938775510205,-5.953551020408163,0.0,64.4,85.0
2065,2020-10-18,22.319148936170212,59.696063829787235,-3.1800744680851065,0.0,64.4,85.0
2065,2020-10-19,22.024782608695652,60.14717391304348,-5.879054347826087,0.0,64.4,85.0
2065,2020-11-04,5.1625000000000005,70.76916666666666,-3.8247083333333336,0.0,64.4,85.0
2065,2020-11-05,10.069895833333334,67.87625,0.01290625000000001,0.0,64.4,85.0
2066,2020-05-26,36.89,51.51888888888889,-8.113777777777777,0.0,43.4,85.0
2066,2020-05-27,36.05,56.06,-7.756,0.0,43.4,85.0
2066,2020-05-28,35.721999999999994,58.141999999999996,-9.9582,0.0,43.4,85.0
2066,2020-05-29,31.62,54.57,-10.0,0.0,43.4,85.0
2066,2020-05-30,31.69454545454545,57.74909090909091,-8.546545454545454,0.0,43.4,85.0
2066,2020-05-31,28.55666666666667,57.526666666666664,-10.0,0.0,43.4,85.0
2066,2020-06-01,28.768571428571427,57.70285714285715,-10.0,0.0,43.4,85.0
2066,2020-06-02,35.88153846153846,54.07769230769231,-8.14123076923077,0.0,43.4,85.0
2066,2020-06-03,30.788235294117644,54.44882352941176,-9.397,0.0,43.4,85.0
2066,2020-06-04,32.507999999999996,47.47325,-8.111525,0.0,43.4,85.0
2066,2020-06-05,30.73,46.23144329896907,-4.618443298969072,0.0,43.4,85.0
2066,2020-06-06,28.504489795918367,46.60938775510204,-9.33091836734694,0.0,43.4,85.0
2066,2020-06-07,28.686,48.49979999999999,-9.45816,0.0,43.4,85.0
2066,2020-06-08,28.094851485148514,45.30069306930693,-8.877475247524753,0.0,43.4,85.0
2066,2020-06-09,30.111553398058252,41.60446601941748,-6.4000291262135915,0.0,43.4,85.0
2066,2020-06-10,34.18017857142857,43.32919642857143,-4.471678571428571,0.0,43.4,85.0
2066,2020-06-11,34.10221153846154,44.79057692307693,-6.198528846153847,0.0,43.4,85.0
2066,2020-06-12,32.58525252525253,45.68151515151516,-8.456111111111111,0.0,43.4,85.0
2066,2020-06-13,33.7914953271028,43.739906542056076,-9.5233738317757,0.0,43.4,85.0
2066,2020-06-14,34.78217821782178,43.50980198019802,-9.558722772277228,0.0,43.4,85.0
2066,2020-06-15,35.13264150943396,43.91075471698113,-9.713641509433963,0.0,43.4,85.0
2066,2020-06-16,35.22359223300971,44.413398058252426,-9.20031067961165,0.0,43.4,85.0
2066,2020-06-17,35.266938775510205,45.59520408163265,-8.512632653061225,0.0,43.4,85.0
2066,2020-06-18,35.33701030927835,46.69020618556701,-7.183175257731959,0.0,43.4,85.0
2066,2020-06-19,35.3240404040404,48.116363636363644,-6.408808080808081,0.0,43.4,85.0
2066,2020-06-20,35.076237623762374,49.26227722772277,-6.500049504950495,0.0,43.4,85.0
2066,2020-06-21,35.18813725490196,49.328823529411764,-1.8564705882352943,0.0,43.4,85.0
2066,2020-06-22,35.59615384615385,51.073076923076925,-0.17258653846153849,0.0,43.4,85.0
2066,2020-06-23,35.6090099009901,54.125049504950496,-2.246029702970297,0.0,43.4,85.0
2066,2020-06-24,35.42848484848485,56.77565656565657,-3.1345656565656568,0.0,43.4,85.0
2066,2020-06-25,35.2977358490566,56.967547169811326,-4.4502075471698115,0.0,43.4,85.0
2066,2020-06-26,35.22346534653465,56.28019801980198,-1.360118811881188,0.0,43.4,85.0
2066,2020-06-27,35.15222222222222,56.40434343434343,1.3363232323232321,0.0,43.4,85.0
2066,2020-06-28,35.16525252525253,56.92868686868687,1.1348686868686868,0.0,43.4,85.0
2066,2020-06-29,35.10572916666667,58.385937500000004,3.4849791666666667,0.0,43.4,85.0
2066,2020-06-30,35.07556701030928,58.62896907216495,5.203371134020618,0.0,43.4,85.0
2066,2020-07-01,35.13173469387755,58.90765306122449,6.031632653061225,0.0,43.4,85.0
2066,2020-07-02,35.01378947368421,59.34378947368421,8.700136842105264,0.0,43.4,85.0
2066,2020-07-03,35.07454545454546,58.88757575757575,9.71888888888889,0.0,43.4,85.0
2066,2020-07-04,35.07020618556701,57.325257731958764,9.305268041237113,0.0,43.4,85.0
2066,2020-07-05,35.118631578947365,55.151578947368414,7.883242105263158,0.0,43.4,85.0
2066,2020-07-06,35.09794117647059,55.01264705882353,7.100970588235294,0.0,43.4,85.0
2066,2020-07-07,35.11125,54.87354166666666,0.9082291666666666,0.0,43.4,85.0
2066,2020-07-08,35.2440206185567,56.61103092783505,-6.226494845360825,0.0,43.4,85.0
2066,2020-07-09,35.184895104895105,57.77958041958042,-1.9416013986013987,0.0,43.4,85.0
2066,2020-07-10,35.14621052631579,59.50842105263158,-1.4396631578947368,0.0,43.4,85.0
2066,2020-07-11,35.05010869565218,59.92369565217392,-2.7304782608695652,0.0,43.4,85.0
2066,2020-07-12,35.19207920792079,60.51217821782178,-4.737009900990099,0.0,43.4,85.0
2066,2020-07-13,35.053203883495144,60.30135922330097,-4.570106796116505,0.0,43.4,85.0
2066,2020-07-14,34.935918367346936,59.867687074829924,-4.0247551020408165,0.0,43.4,85.0
2066,2020-07-15,34.93503311258278,58.470662251655625,-1.8138013245033113,0.0,43.4,85.0
2066,2020-07-16,34.984700854700854,57.9274358974359,-2.6697606837606838,0.0,43.4,85.0
2066,2020-07-17,34.98326732673267,57.866930693069314,-3.8055940594059408,0.0,43.4,85.0
2066,2020-07-18,35.074196428571426,57.648125,-5.383276785714286,0.0,43.4,85.0
2066,2020-07-19,35.05651376146789,59.52880733944954,-3.624844036697248,0.0,43.4,85.0
2066,2020-07-20,35.155,60.89155737704918,-4.7567540983606555,0.0,43.4,85.0
2066,2020-07-21,34.89913385826771,60.529921259842524,-4.682409448818898,0.0,43.4,85.0
2066,2020-07-22,34.8154748603352,59.74765363128492,-3.8071843575418995,0.0,43.4,85.0
2066,2020-07-23,35.0835,59.709687499999994,0.4619000000000001,0.0,43.4,85.0
2066,2020-07-24,35.11948905109489,60.98328467153284,5.1219416058394165,0.0,43.4,85.0
2066,2020-07-25,34.89697841726619,61.09438848920864,3.699158273381295,0.0,43.4,85.0
2066,2020-07-26,34.80173228346457,60.319370078740164,1.8149921259842519,0.0,43.4,85.0
2066,2020-07-27,35.24479452054794,59.89965753424658,-0.7432534246575343,0.0,43.4,85.0
2066,2020-07-28,35.16034482758621,60.49758620689656,-0.7266551724137931,0.0,43.4,85.0
2066,2020-07-29,35.05772727272727,60.830363636363636,1.7763727272727274,0.0,43.4,85.0
2066,2020-07-30,34.6548275862069,61.24873563218391,3.6218505747126435,0.0,43.4,85.0
2066,2020-07-31,34.82098039215686,59.663529411764706,3.4727254901960785,0.0,43.4,85.0
2066,2020-08-01,34.778045977011494,59.05942528735632,4.554333333333333,0.0,43.4,85.0
2066,2020-08-02,34.8275,59.07697368421053,5.903881578947368,0.0,43.4,85.0
2066,2020-08-03,34.96978723404255,58.995106382978726,0.7385212765957446,0.0,43.4,85.0
2066,2020-08-04,34.91263157894737,57.84789473684211,-1.2868713450292397,0.0,43.4,85.0
2066,2020-08-05,34.95323529411765,56.75794117647059,-1.0634191176470589,0.0,43.4,85.0
2066,2020-08-06,34.71901162790698,55.70511627906977,0.09819186046511627,0.0,43.4,85.0
2066,2020-08-07,35.03046242774567,55.572947976878616,-1.930063583815029,0.0,43.4,85.0
2066,2020-08-08,34.62883333333333,54.58425,1.1517833333333334,0.0,43.4,85.0
2066,2020-08-09,34.450597826086955,54.2820652173913,5.709353260869565,0.0,43.4,85.0
2066,2020-08-10,34.50598870056498,54.744971751412436,6.105949152542372,0.0,43.4,85.0
2066,2020-08-11,34.81181818181818,55.25381818181818,8.380709090909091,0.0,43.4,85.0
2066,2020-08-12,34.566620689655174,56.54262068965517,5.781503448275862,0.0,43.4,85.0
2066,2020-08-13,34.49084507042254,55.971408450704224,3.883704225352113,0.0,43.4,85.0
2066,2020-08-14,34.04443298969072,54.85721649484536,0.994278350515464,0.0,43.4,85.0
2066,2020-08-15,33.93313559322034,53.79381355932203,-1.6822033898305084,0.0,43.4,85.0
2066,2020-08-16,33.831714285714284,53.21264285714286,-3.657657142857143,0.0,43.4,85.0
2066,2020-08-17,33.90833333333333,53.12327160493827,-4.260024691358025,0.0,43.4,85.0
2066,2020-08-18,34.073115942028984,53.2990579710145,-8.64640579710145,0.0,43.4,85.0
2066,2020-08-19,33.87741935483871,52.96387096774193,-9.136477419354838,0.0,43.4,85.0
2066,2020-08-20,33.60686131386861,52.31832116788321,-8.372423357664234,0.0,43.4,85.0
2066,2020-08-21,34.023149171270724,51.991823204419894,-7.718259668508288,0.0,43.4,85.0
2066,2020-08-22,34.16282442748091,53.436641221374046,-9.963480916030534,0.0,43.4,85.0
2066,2020-08-23,33.51238709677419,54.54696774193549,-9.82201935483871,0.0,43.4,85.0
2066,2020-08-24,33.546551724137935,55.148137931034476,-8.965268965517241,0.0,43.4,85.0
2066,2020-08-25,34.16357142857142,56.15664835164835,-8.882659340659341,0.0,43.4,85.0
2066,2020-08-26,33.45287581699346,56.00130718954249,-8.637143790849672,0.0,43.4,85.0
2066,2020-08-27,33.13723076923077,54.19623076923077,-7.929384615384615,0.0,43.4,85.0
2066,2020-08-28,32.76940740740741,54.20074074074074,-6.566133333333333,0.0,43.4,85.0
2066,2020-08-29,32.62678571428572,54.75785714285715,-7.671271428571429,0.0,43.4,85.0
2066,2020-08-30,33.548476821192054,55.00920529801324,-9.703324503311258,0.0,43.4,85.0
2066,2020-08-31,33.307,54.925444444444445,-9.348222222222223,0.0,43.4,85.0
2066,2020-09-01,33.54046666666667,55.098866666666666,-6.14924,0.0,43.4,85.0
2066,2020-09-02,33.02441988950276,56.40502762430939,-8.99049723756906,0.0,43.4,85.0
2066,2020-09-03,33.688741721854306,56.1592715231788,-9.856192052980132,0.0,43.4,85.0
2066,2020-09-04,33.51794871794872,56.50512820512821,-8.506931623931624,0.0,43.4,85.0
2066,2020-09-05,32.8656,55.99474285714286,-8.569451428571428,0.0,43.4,85.0
2066,2020-09-06,32.97359223300971,55.46014563106796,-9.379864077669902,0.0,43.4,85.0
2066,2020-09-07,32.59268041237113,55.72335051546392,-7.8125876288659795,0.0,43.4,85.0
2066,2020-09-08,33.30184713375797,55.926433121019116,-8.716458598726113,0.0,43.4,85.0
2066,2020-09-09,32.304117647058824,56.903455882352944,-9.69916911764706,0.0,43.4,85.0
2066,2020-09-10,32.12326530612245,56.48176870748299,-9.824727891156462,0.0,43.4,85.0
2066,2020-09-11,31.157537313432833,56.58276119402985,-9.39510447761194,0.0,43.4,85.0
2066,2020-09-12,32.58042105263158,55.24557894736842,-8.185715789473685,0.0,43.4,85.0
2066,2020-09-13,30.46418300653595,57.076405228758176,-5.083117647058823,0.0,43.4,85.0
2066,2020-09-14,30.598903225806453,56.98329032258064,-8.69432258064516,0.0,43.4,85.0
2066,2020-09-15,29.605133333333335,57.17353333333334,-6.76716,0.0,43.4,85.0
2066,2020-09-16,29.7965,56.1421,-6.73112,0.0,43.4,85.0
2066,2020-09-17,30.824361702127657,55.130957446808516,-7.165244680851064,0.0,43.4,85.0
2066,2020-09-18,34.194270833333334,49.769375,10.812062500000001,0.0,43.4,85.0
2066,2020-09-19,34.89061224489796,45.205816326530616,11.04554081632653,0.0,43.4,85.0
2066,2020-09-20,35.2127,42.7688,6.34804,0.0,43.4,85.0
2066,2020-09-21,31.991340206185566,43.25618556701031,3.1125154639175254,0.0,43.4,85.0
2066,2020-09-22,32.421287128712876,42.9109900990099,5.841485148514852,0.0,43.4,85.0
2066,2020-09-23,33.5654081632653,42.02275510204081,3.357530612244898,0.0,43.4,85.0
2066,2020-09-24,33.8840625,41.65375,1.6307291666666668,0.0,43.4,85.0
2066,2020-09-25,32.9815625,41.67,-1.0078229166666668,0.0,43.4,85.0
2066,2020-09-26,32.223838383838384,41.51737373737374,-3.978,0.0,43.4,85.0
2066,2020-09-27,32.553711340206185,41.9401030927835,-5.02819587628866,0.0,43.4,85.0
2066,2020-09-28,31.23775510204082,43.26173469387755,-6.795785714285714,0.0,43.4,85.0
2066,2020-09-29,29.326562499999998,44.51625000000001,-8.762489583333332,0.0,43.4,85.0
2066,2020-09-30,25.446666666666665,45.82353535353535,-8.680656565656566,0.0,43.4,85.0
2066,2020-10-01,22.84078125,46.70046875,-6.0545,0.0,43.4,85.0
2066,2020-10-02,21.063894736842105,47.80831578947368,-6.068884210526315,0.0,43.4,85.0
2066,2020-10-03,20.119999999999997,48.781486486486486,-6.602621621621622,0.0,43.4,85.0
2066,2020-10-04,20.463232323232322,49.87353535353535,-4.547959595959596,0.0,43.4,85.0
2066,2020-10-05,24.44607843137255,49.648823529411764,-5.350303921568627,0.0,43.4,85.0
2066,2020-10-06,23.244719101123597,50.4514606741573,-8.078797752808988,0.0,43.4,85.0
2066,2020-10-07,18.574848484848484,51.7020202020202,-9.306313131313132,0.0,43.4,85.0
2066,2020-10-08,14.465102040816326,53.11397959183674,-8.652602040816326,0.0,43.4,85.0
2066,2020-10-09,12.403010752688171,54.108924731182796,-7.101569892473119,0.0,43.4,85.0
2066,2020-10-10,17.523473684210526,53.851157894736836,-8.8876,0.0,43.4,85.0
2066,2020-10-11,16.212197802197803,56.293846153846154,-8.846791208791208,0.0,43.4,85.0
2066,2020-10-12,13.648552631578946,57.2557894736842,-8.036263157894737,0.0,43.4,85.0
2066,2020-10-13,13.18,57.99294117647058,-8.737823529411765,0.0,43.4,85.0
2066,2020-10-14,14.213723404255319,58.26478723404256,-8.473744680851064,0.0,43.4,85.0
2066,2020-10-15,15.022777777777778,59.82388888888889,-8.0924,0.0,43.4,85.0
2066,2020-10-16,15.77670588235294,60.91329411764706,-9.672917647058823,0.0,43.4,85.0
2066,2020-10-17,13.135050505050504,62.291818181818186,-9.268919191919192,0.0,43.4,85.0
2066,2020-10-18,11.376947368421051,63.57442105263158,-6.458273684210526,0.0,43.4,85.0
2066,2020-10-19,14.428297872340426,63.541276595744684,-9.183180851063831,0.0,43.4,85.0
2066,2020-11-05,10.190108695652174,69.05771739130435,4.011163043478261,0.0,43.4,85.0
2067,2020-05-26,36.318461538461534,55.23384615384615,2.247,0.0,29.0,85.0
2067,2020-05-27,35.9,64.5475,-5.29225,0.0,29.0,85.0
2067,2020-05-28,37.29,65.01,-5.148,0.0,29.0,85.0
2067,2020-05-29,35.785,64.155,-6.2204999999999995,0.0,29.0,85.0
2067,2020-05-30,33.90714285714286,65.77714285714286,-5.863285714285714,0.0,29.0,85.0
2067,2020-05-31,29.733999999999998,70.188,-9.007200000000001,0.0,29.0,85.0
2067,2020-06-01,31.8375,66.395,-9.5325,0.0,29.0,85.0
2067,2020-06-02,34.67,62.64705882352941,-5.38035294117647,0.0,29.0,85.0
2067,2020-06-03,31.231666666666666,63.083888888888886,-6.363555555555555,0.0,29.0,85.0
2067,2020-06-04,32.94341463414634,61.10853658536585,-6.261146341463414,0.0,29.0,85.0
2067,2020-06-05,32.54260416666667,60.32489583333333,-7.124770833333333,0.0,29.0,85.0
2067,2020-06-06,30.7959793814433,60.48309278350515,-8.345092783505155,0.0,29.0,85.0
2067,2020-06-07,30.872626262626262,61.83131313131313,-9.340040404040403,0.0,29.0,85.0
2067,2020-06-08,30.546116504854368,61.786504854368935,-7.985893203883496,0.0,29.0,85.0
2067,2020-06-09,32.57051546391753,59.541546391752576,-6.667443298969072,0.0,29.0,85.0
2067,2020-06-10,30.99320388349515,61.56864077669903,-6.039893203883495,0.0,29.0,85.0
2067,2020-06-11,31.207524752475248,65.57544554455446,-8.963970297029704,0.0,29.0,85.0
2067,2020-06-12,31.342363636363636,66.43618181818181,-9.192345454545455,0.0,29.0,85.0
2067,2020-06-13,30.099711538461538,66.90596153846154,-8.252201923076923,0.0,29.0,85.0
2067,2020-06-14,30.52530612244898,65.02377551020408,-9.37211224489796,0.0,29.0,85.0
2067,2020-06-15,31.92582524271845,61.30155339805825,-9.834660194174758,0.0,29.0,85.0
2067,2020-06-16,32.356300000000005,56.3792,-9.91204,0.0,29.0,85.0
2067,2020-06-17,32.801495327102806,52.983271028037386,-9.424934579439253,0.0,29.0,85.0
2067,2020-06-18,33.31265306122449,52.51857142857143,-9.385530612244898,0.0,29.0,85.0
2067,2020-06-19,33.400485436893206,53.11058252427185,-9.535990291262136,0.0,29.0,85.0
2067,2020-06-20,32.4940206185567,54.435979381443296,-9.654350515463918,0.0,29.0,85.0
2067,2020-06-21,32.082783505154644,54.309381443298975,-9.657886597938145,0.0,29.0,85.0
2067,2020-06-22,32.99244897959184,56.385612244897956,-5.0546530612244895,0.0,29.0,85.0
2067,2020-06-23,35.62726315789474,60.24442105263158,2.6820842105263156,0.0,29.0,85.0
2067,2020-06-24,35.443714285714286,61.192952380952384,-2.6582857142857144,0.0,29.0,85.0
2067,2020-06-25,35.3885,58.881899999999995,-7.91707,0.0,29.0,85.0
2067,2020-06-26,35.28755102040816,57.81112244897959,-7.020418367346939,0.0,29.0,85.0
2067,2020-06-27,35.29372549019608,58.40794117647059,-7.696637254901961,0.0,29.0,85.0
2067,2020-06-28,35.27701030927835,59.22711340206185,-8.724556701030929,0.0,29.0,85.0
2067,2020-06-29,35.2835,60.0044,-6.6281799999999995,0.0,29.0,85.0
2067,2020-06-30,35.347525773195876,60.53237113402062,-5.188144329896907,0.0,29.0,85.0
2067,2020-07-01,35.33,61.751333333333335,0.7836095238095238,0.0,29.0,85.0
2067,2020-07-02,35.32595505617978,63.62191011235956,3.8494943820224723,0.0,29.0,85.0
2067,2020-07-03,35.37282828282828,63.9560606060606,2.538787878787879,0.0,29.0,85.0
2067,2020-07-04,35.314040404040405,64.11464646464647,6.150727272727273,0.0,29.0,85.0
2067,2020-07-05,35.22864583333333,63.639375,4.841010416666667,0.0,29.0,85.0
2067,2020-07-06,35.1678,62.7996,4.6047,0.0,29.0,85.0
2067,2020-07-07,35.455729166666664,62.865833333333335,5.157802083333333,0.0,29.0,85.0
2067,2020-07-08,35.60765306122449,67.25551020408163,-0.3400408163265306,0.0,29.0,85.0
2067,2020-07-09,35.343624161073826,67.511677852349,4.31813422818792,0.0,29.0,85.0
2067,2020-07-10,35.33252525252525,68.47969696969697,5.764232323232323,0.0,29.0,85.0
2067,2020-07-11,35.315463917525776,69.33268041237113,-0.9900618556701031,0.0,29.0,85.0
2067,2020-07-12,35.521495327102805,69.19504672897196,-6.69726168224299,0.0,29.0,85.0
2067,2020-07-13,35.29625,68.92716666666666,-6.355091666666667,0.0,29.0,85.0
2067,2020-07-14,35.11178294573644,67.16651162790697,-5.1319302325581395,0.0,29.0,85.0
2067,2020-07-15,35.12444444444444,65.19140350877193,-5.309502923976608,0.0,29.0,85.0
2067,2020-07-16,35.04087301587301,64.72817460317461,-4.597555555555556,0.0,29.0,85.0
2067,2020-07-17,35.02467213114754,64.71532786885246,-7.528565573770492,0.0,29.0,85.0
2067,2020-07-18,35.19682692307692,64.98865384615384,-3.7976249999999996,0.0,29.0,85.0
2067,2020-07-19,35.09757281553398,67.22145631067961,0.6484368932038835,0.0,29.0,85.0
2067,2020-07-20,35.23268907563025,68.98058823529412,0.1677983193277311,0.0,29.0,85.0
2067,2020-07-21,34.974755244755244,68.57818181818182,0.6769580419580419,0.0,29.0,85.0
2067,2020-07-22,34.889718309859155,68.87922535211268,5.74824647887324,0.0,29.0,85.0
2067,2020-07-23,34.9806711409396,69.84791946308725,8.194302013422819,0.0,29.0,85.0
2067,2020-07-24,35.46722222222222,69.39916666666666,2.6949236111111112,0.0,29.0,85.0
2067,2020-07-25,35.23769784172662,68.42597122302159,9.358532374100719,0.0,29.0,85.0
2067,2020-07-26,35.17434782608696,69.01895652173913,4.446817391304348,0.0,29.0,85.0
2067,2020-07-27,35.5024203821656,75.88012738853503,-2.480503184713376,0.0,29.0,85.0
2067,2020-07-28,35.341367521367516,77.38162393162393,0.18591452991452997,0.0,29.0,85.0
2067,2020-07-29,35.363035714285715,80.68910714285714,17.299607142857145,0.0,29.0,85.0
2067,2020-07-30,35.274605263157895,82.38434210526316,28.195618421052632,0.0,29.0,85.0
2067,2020-07-31,35.178266666666666,83.65520000000001,28.277346666666666,0.0,29.0,85.0
2067,2020-08-01,35.04283018867925,80.86028301886793,29.087301886792453,0.0,29.0,85.0
2067,2020-08-02,35.02105882352941,80.59223529411764,28.138235294117646,0.0,29.0,85.0
2067,2020-08-03,35.022588235294116,80.75152941176471,22.048364705882353,0.0,29.0,85.0
2067,2020-08-04,34.99993630573248,77.36541401273885,17.84212101910828,0.0,29.0,85.0
2067,2020-08-05,35.091151515151516,70.52921212121213,16.279521212121214,0.0,29.0,85.0
2067,2020-08-06,34.87188571428571,60.9552,18.730102857142857,0.0,29.0,85.0
2067,2020-08-07,35.09440476190476,67.34660714285714,23.23717261904762,0.0,29.0,85.0
2067,2020-08-08,35.051428571428566,65.50349206349206,22.024992063492064,0.0,29.0,85.0
2067,2020-08-09,35.01380645161291,65.0883870967742,-9.975296774193549,0.0,29.0,85.0
2067,2020-08-10,35.02145251396648,65.4640782122905,-9.954206703910614,0.0,29.0,85.0
2067,2020-08-11,35.182711864406784,65.4563559322034,-9.84899152542373,0.0,29.0,85.0
2067,2020-08-12,34.88257142857143,66.30307142857143,-9.964128571428573,0.0,29.0,85.0
2067,2020-08-13,34.93570512820513,64.1074358974359,-9.854205128205129,0.0,29.0,85.0
2067,2020-08-14,34.80142857142857,62.495,-9.3860625,0.0,29.0,85.0
2067,2020-08-15,34.80962406015038,60.775563909774434,-9.92351879699248,0.0,29.0,85.0
2067,2020-08-16,34.90467455621302,60.20763313609468,-9.860171597633135,0.0,29.0,85.0
2067,2020-08-17,34.856712328767124,60.230958904109585,-9.924191780821918,0.0,29.0,85.0
2067,2020-08-18,34.774436090225564,61.02112781954887,-9.90575939849624,0.0,29.0,85.0
2067,2020-08-19,34.67217741935484,60.336693548387096,-9.99649193548387,0.0,29.0,85.0
2067,2020-08-20,34.59343065693431,58.980291970802924,-9.553547445255475,0.0,29.0,85.0
2067,2020-08-21,34.92850574712644,58.94816091954023,-7.080155172413792,0.0,29.0,85.0
2067,2020-08-22,35.14455172413793,61.12441379310346,1.8044275862068966,0.0,29.0,85.0
2067,2020-08-23,34.96897435897436,62.55525641025641,1.0003076923076923,0.0,29.0,85.0
2067,2020-08-24,34.90102564102564,63.44679487179488,-2.8995705128205125,0.0,29.0,85.0
2067,2020-08-25,34.86181818181818,63.240848484848485,-6.992545454545454,0.0,29.0,85.0
2067,2020-08-26,34.31666666666667,61.92108108108108,-9.20254954954955,0.0,29.0,85.0
2067,2020-08-27,34.39714285714285,58.754285714285714,-5.4156571428571425,0.0,29.0,85.0
2067,2020-08-28,34.602265625,59.6540625,-1.3652421875,0.0,29.0,85.0
2067,2020-08-29,34.40622047244094,61.38811023622047,-1.9688818897637796,0.0,29.0,85.0
2067,2020-08-30,34.1175,59.942171052631586,-3.556631578947368,0.0,29.0,85.0
2067,2020-08-31,34.3028323699422,58.49352601156069,-5.122763005780347,0.0,29.0,85.0
2067,2020-09-01,34.76022727272727,60.57335227272727,-2.305380681818182,0.0,29.0,85.0
2067,2020-09-02,34.542073170731705,62.11231707317073,-6.360036585365854,0.0,29.0,85.0
2067,2020-09-03,34.46986111111111,61.024722222222216,-9.083465277777778,0.0,29.0,85.0
2067,2020-09-04,34.63161971830986,60.75669014084507,-8.705957746478873,0.0,29.0,85.0
2067,2020-09-05,34.43518292682927,60.573292682926834,-8.592975609756097,0.0,29.0,85.0
2067,2020-09-06,34.300514285714286,61.391085714285715,-9.179851428571428,0.0,29.0,85.0
2067,2020-09-07,34.28670588235294,62.89435294117648,-6.4033999999999995,0.0,29.0,85.0
2067,2020-09-08,34.4772514619883,63.32672514619883,-7.810847953216374,0.0,29.0,85.0
2067,2020-09-09,34.27433333333333,63.22773333333333,-7.421366666666666,0.0,29.0,85.0
2067,2020-09-10,33.480714285714285,61.55571428571428,-8.506499999999999,0.0,29.0,85.0
2067,2020-09-11,33.62432,59.08048,-6.536192,0.0,29.0,85.0
2067,2020-09-12,34.08079754601227,59.57269938650307,-4.556355828220859,0.0,29.0,85.0
2067,2020-09-13,33.889386503067485,62.65742331288344,2.2280490797546015,0.0,29.0,85.0
2067,2020-09-14,33.024770114942534,63.952586206896555,-5.846396551724138,0.0,29.0,85.0
2067,2020-09-15,33.13101796407186,62.421377245508985,-7.326610778443114,0.0,29.0,85.0
2067,2020-09-16,33.281122448979595,61.35908163265306,-7.593724489795919,0.0,29.0,85.0
2067,2020-09-17,33.828494623655914,60.45204301075269,-4.0526451612903225,0.0,29.0,85.0
2067,2020-09-18,34.450816326530614,55.583775510204084,15.252091836734692,0.0,29.0,85.0
2067,2020-09-19,35.19123711340206,49.81453608247423,11.002298969072164,0.0,29.0,85.0
2067,2020-09-20,35.13545454545454,48.066464646464645,7.4949797979797985,0.0,29.0,85.0
2067,2020-09-21,34.10817307692308,47.69028846153846,4.280682692307692,0.0,29.0,85.0
2067,2020-09-22,31.513,47.45766666666666,4.467588888888889,0.0,29.0,85.0
2067,2020-09-23,34.3713,45.7526,7.08693,0.0,29.0,85.0
2067,2020-09-24,35.4703125,46.054375,7.083083333333334,0.0,29.0,85.0
2067,2020-09-25,35.27178217821782,45.31663366336633,3.6839900990099013,0.0,29.0,85.0
2067,2020-09-26,34.63204081632653,44.45051020408163,-0.23298979591836733,0.0,29.0,85.0
2067,2020-09-27,34.58979381443299,46.05432989690721,1.3131752577319589,0.0,29.0,85.0
2067,2020-09-28,34.33583333333333,47.82697916666667,-1.8369062500000002,0.0,29.0,85.0
2067,2020-09-29,33.64752688172043,49.196236559139784,-6.610978494623656,0.0,29.0,85.0
2067,2020-09-30,30.267735849056606,51.01264150943396,-8.18245283018868,0.0,29.0,85.0
2067,2020-10-01,28.92855263157895,52.78131578947369,-3.4566973684210525,0.0,29.0,85.0
2067,2020-10-02,27.194200000000002,54.007799999999996,-4.70311,0.0,29.0,85.0
2067,2020-10-03,26.762800000000002,54.35386666666667,-1.8723733333333332,0.0,29.0,85.0
2067,2020-10-04,26.09108910891089,54.99564356435644,-2.521118811881188,0.0,29.0,85.0
2067,2020-10-05,26.805049504950496,56.06089108910891,-1.7317128712871286,0.0,29.0,85.0
2067,2020-10-06,22.42978947368421,57.32621052631579,3.151294736842105,0.0,29.0,85.0
2067,2020-10-07,20.011326530612244,58.300816326530615,-3.7046428571428573,0.0,29.0,85.0
2067,2020-10-08,16.007653061224488,60.54,-6.007193877551021,0.0,29.0,85.0
2067,2020-10-09,16.375684210526316,61.34863157894737,-2.0479052631578947,0.0,29.0,85.0
2067,2020-10-10,19.75846153846154,61.2887912087912,-3.1722197802197805,0.0,29.0,85.0
2067,2020-10-11,18.62673469387755,63.401428571428575,-4.148918367346939,0.0,29.0,85.0
2067,2020-10-12,16.38693333333333,64.87493333333333,-3.05844,0.0,29.0,85.0
2067,2020-10-13,15.707325581395349,65.97732558139535,-5.202709302325581,0.0,29.0,85.0
2067,2020-10-14,16.449684210526318,66.53378947368421,-3.938442105263158,0.0,29.0,85.0
2067,2020-10-15,17.411204819277106,68.08602409638554,-3.01089156626506,0.0,29.0,85.0
2067,2020-10-16,17.582,69.50231578947368,-7.047315789473684,0.0,29.0,85.0
2067,2020-10-17,14.581958762886599,70.77969072164949,-7.778865979381443,0.0,29.0,85.0
2067,2020-10-18,14.376354166666665,72.38385416666667,-3.9560520833333332,0.0,29.0,85.0
2067,2020-10-19,16.909895833333334,72.94927083333333,-5.8529374999999995,0.0,29.0,85.0
2067,2020-11-04,6.481794871794872,78.53179487179487,-4.049282051282051,0.0,29.0,85.0
2067,2020-11-05,13.269917355371902,70.06404958677686,-2.808173553719008,0.0,29.0,85.0
2068,2020-05-26,35.45733333333333,44.55466666666667,4.797933333333333,1.77,60.0,81.46
2068,2020-05-27,34.548,48.678000000000004,0.36999999999999994,1.77,60.0,81.46
2068,2020-05-28,33.760000000000005,46.14,-0.020499999999999963,1.77,60.0,81.46
2068,2020-05-29,33.15,47.96,-2.134,1.77,60.0,81.46
2068,2020-05-30,33.56285714285714,47.40714285714286,-4.269571428571429,1.77,60.0,81.46
2068,2020-05-31,30.983333333333334,47.901666666666664,-7.268666666666667,1.77,60.0,81.46
2068,2020-06-01,32.93333333333333,44.86833333333333,-5.5065,1.77,60.0,81.46
2068,2020-06-02,34.583333333333336,43.665333333333336,-4.187133333333334,1.77,60.0,81.46
2068,2020-06-03,33.557272727272725,46.16227272727273,-6.216863636363637,1.77,60.0,81.46
2068,2020-06-04,35.06111111111111,46.26333333333333,-5.310088888888889,1.77,60.0,81.46
2068,2020-06-05,35.16555555555556,49.37911111111111,-4.686999999999999,1.77,60.0,81.46
2068,2020-06-06,35.075212765957446,54.02085106382979,-4.24668085106383,1.77,60.0,81.46
2068,2020-06-07,35.1392,55.3221,-6.85025,1.77,60.0,81.46
2068,2020-06-08,35.23066037735849,53.713207547169816,-6.112433962264151,1.77,60.0,81.46
2068,2020-06-09,35.356990291262136,52.52601941747573,-6.967446601941748,1.77,60.0,81.46
2068,2020-06-10,35.155656565656564,54.939090909090915,-8.973575757575757,1.77,60.0,81.46
2068,2020-06-11,35.22030303030303,56.10353535353536,-8.849919191919193,1.77,60.0,81.46
2068,2020-06-12,35.162549019607845,54.23774509803921,-6.644068627450981,1.77,60.0,81.46
2068,2020-06-13,35.105596330275226,53.74165137614679,-7.309954128440367,1.77,60.0,81.46
2068,2020-06-14,35.307281553398056,55.31145631067961,-8.545990291262136,1.77,60.0,81.46
2068,2020-06-15,35.378942307692306,56.13423076923077,-4.678884615384615,1.77,60.0,81.46
2068,2020-06-16,35.273271028037385,56.007196261682246,-1.3211214953271029,1.77,60.0,81.46
2068,2020-06-17,35.2584693877551,55.226020408163265,-1.6959591836734695,1.77,60.0,81.46
2068,2020-06-18,35.3828,54.3587,-2.63348,1.77,60.0,81.46
2068,2020-06-19,35.38009345794393,53.09869158878505,-2.799158878504673,1.77,60.0,81.46
2068,2020-06-20,35.26895238095238,53.795047619047615,-1.3040190476190476,1.77,60.0,81.46
2068,2020-06-21,35.49920792079208,56.813168316831685,-0.06831683168316827,1.77,60.0,81.46
2068,2020-06-22,35.3292,59.073100000000004,1.99542,1.77,60.0,81.46
2068,2020-06-23,35.2625,61.2941,8.777949999999999,1.77,60.0,81.46
2068,2020-06-24,34.95808080808081,63.697272727272725,7.690171717171717,1.77,60.0,81.46
2068,2020-06-25,35.0529,59.527,7.4510000000000005,1.77,60.0,81.46
2068,2020-06-26,35.11960784313725,56.720392156862744,6.393058823529412,1.77,60.0,81.46
2068,2020-06-27,34.995,57.767870370370375,5.344981481481482,1.77,60.0,81.46
2068,2020-06-28,35.103495145631065,58.791456310679614,4.230359223300971,1.77,60.0,81.46
2068,2020-06-29,35.03928571428571,59.52826530612246,6.347653061224491,1.77,60.0,81.46
2068,2020-06-30,34.9669,59.3998,2.56803,1.77,60.0,81.46
2068,2020-07-01,34.83873786407767,59.074174757281554,7.113669902912621,1.77,60.0,81.46
2068,2020-07-02,34.8955,59.858999999999995,8.920819999999999,1.77,60.0,81.46
2068,2020-07-03,34.7679,60.2884,8.252569999999999,1.77,60.0,81.46
2068,2020-07-04,34.79694736842105,57.29684210526315,7.827031578947368,1.77,60.0,81.46
2068,2020-07-05,34.937113402061854,55.684845360824745,5.140412371134021,1.77,60.0,81.46
2068,2020-07-06,35.12971153846154,55.70346153846154,6.212326923076923,1.77,60.0,81.46
2068,2020-07-07,35.299565217391304,55.79858695652174,6.426760869565218,1.77,60.0,81.46
2068,2020-07-08,35.45565656565657,58.30070707070708,6.4323434343434345,1.77,60.0,81.46
2068,2020-07-09,35.28965034965035,61.977552447552455,8.57634965034965,1.77,60.0,81.46
2068,2020-07-10,35.40915789473684,64.53715789473684,11.899463157894738,1.77,60.0,81.46
2068,2020-07-11,34.82642201834862,65.08137614678898,8.694926605504588,1.77,60.0,81.46
2068,2020-07-12,35.08737373737374,64.07676767676769,9.648454545454545,1.77,60.0,81.46
2068,2020-07-13,34.95114035087719,60.81491228070175,7.95190350877193,1.77,60.0,81.46
2068,2020-07-14,34.85196202531645,59.91753164556962,4.630221518987342,1.77,60.0,81.46
2068,2020-07-15,34.827024793388425,58.910991735537195,-0.5553553719008264,1.77,60.0,81.46
2068,2020-07-16,34.78092592592593,61.12342592592592,5.66112037037037,1.77,60.0,81.46
2068,2020-07-17,34.65150442477876,67.97380530973452,23.169858407079644,1.77,60.0,81.46
2068,2020-07-18,34.85854166666667,68.97895833333332,22.888385416666665,1.77,60.0,81.46
2068,2020-07-19,34.79052173913043,75.82991304347827,27.153382608695654,1.77,60.0,81.46
2068,2020-07-20,34.76519607843137,74.0707843137255,25.879921568627452,1.77,60.0,81.46
2068,2020-07-21,34.46130718954248,68.5283660130719,24.100856209150326,1.77,60.0,81.46
2068,2020-07-22,34.35251533742331,70.3379754601227,25.94210429447853,1.77,60.0,81.46
2068,2020-07-23,34.466815286624204,70.95254777070063,27.836681528662425,1.77,60.0,81.46
2068,2020-07-24,34.778936170212766,69.08691489361702,27.007643617021277,1.77,60.0,81.46
2068,2020-07-25,34.55318181818181,67.57071428571429,27.46409090909091,1.77,60.0,81.46
2068,2020-07-26,34.72415384615385,73.66261538461538,27.19293846153846,1.77,60.0,81.46
2068,2020-07-27,35.15217391304348,70.31123188405797,21.592072463768115,1.77,60.0,81.46
2068,2020-07-28,35.11112582781457,62.76682119205297,19.120350993377485,1.77,60.0,81.46
2068,2020-07-29,35.157391304347826,61.00939130434782,21.164139130434783,1.77,60.0,81.46
2068,2020-07-30,34.90565217391305,59.70423913043478,24.023478260869563,1.77,60.0,81.46
2068,2020-07-31,34.847419354838706,58.68849462365591,19.586354838709678,1.77,60.0,81.46
2068,2020-08-01,34.61736263736264,58.54802197802198,8.515076923076922,1.77,60.0,81.46
2068,2020-08-02,34.654125,58.36387499999999,9.6243125,1.77,60.0,81.46
2068,2020-08-03,34.99720430107527,59.65817204301075,2.148548387096774,1.77,60.0,81.46
2068,2020-08-04,35.04630769230769,58.26007692307692,-1.6452153846153845,1.77,60.0,81.46
2068,2020-08-05,35.037470588235294,57.306176470588234,0.6655470588235295,1.77,60.0,81.46
2068,2020-08-06,34.823757575757575,54.89363636363637,-2.805121212121212,1.77,60.0,81.46
2068,2020-08-07,35.04256097560975,55.69146341463414,-7.073841463414634,1.77,60.0,81.46
2068,2020-08-08,35.01924528301887,56.29075471698113,-7.630471698113208,1.77,60.0,81.46
2068,2020-08-09,34.89322784810127,56.55563291139241,-8.945911392405064,1.77,60.0,81.46
2068,2020-08-10,34.968514285714285,57.80245714285714,-8.44176,1.77,60.0,81.46
2068,2020-08-11,35.17470588235294,58.94613445378151,-7.863966386554622,1.77,60.0,81.46
2068,2020-08-12,35.07563636363636,61.26318181818181,-8.309972727272728,1.77,60.0,81.46
2068,2020-08-13,35.016029411764706,59.96676470588235,-8.926382352941177,1.77,60.0,81.46
2068,2020-08-14,34.98327272727273,58.18,-9.01209090909091,1.77,60.0,81.46
2068,2020-08-15,34.931774193548385,57.861935483870965,-8.153870967741936,1.77,60.0,81.46
2068,2020-08-16,34.9955223880597,58.09902985074627,-8.186231343283582,1.77,60.0,81.46
2068,2020-08-17,34.92192307692307,58.42846153846154,-7.9497371794871805,1.77,60.0,81.46
2068,2020-08-18,34.79322580645161,58.895483870967745,-9.394185483870967,1.77,60.0,81.46
2068,2020-08-19,34.698819444444446,57.09638888888888,-9.254381944444445,1.77,60.0,81.46
2068,2020-08-20,34.79082802547771,55.6487898089172,-8.445203821656051,1.77,60.0,81.46
2068,2020-08-21,34.94678787878788,56.095454545454544,-7.360024242424243,1.77,60.0,81.46
2068,2020-08-22,34.8468,57.103199999999994,-8.389352,1.77,60.0,81.46
2068,2020-08-23,34.797236842105264,57.8703947368421,-3.7381118421052633,1.77,60.0,81.46
2068,2020-08-24,34.81024096385542,58.71361445783132,-4.1525903614457835,1.77,60.0,81.46
2068,2020-08-25,34.85144578313253,60.11475903614458,-5.846,1.77,60.0,81.46
2068,2020-08-26,34.28909677419355,57.71658064516129,-4.202670967741936,1.77,60.0,81.46
2068,2020-08-27,34.13846846846847,53.4845945945946,-4.1441801801801805,1.77,60.0,81.46
2068,2020-08-28,34.346953125,52.0290625,-2.667609375,1.77,60.0,81.46
2068,2020-08-29,34.13803921568628,53.224901960784315,-2.9673856209150324,1.77,60.0,81.46
2068,2020-08-30,33.925724137931034,53.36696551724138,-5.856310344827586,1.77,60.0,81.46
2068,2020-08-31,34.0094578313253,50.96379518072289,-4.228469879518072,1.77,60.0,81.46
2068,2020-09-01,34.561677419354844,52.02503225806452,0.5711096774193549,1.77,60.0,81.46
2068,2020-09-02,34.4051497005988,55.06047904191617,-2.9493413173652696,1.77,60.0,81.46
2068,2020-09-03,34.18282352941176,54.894705882352945,-5.041905882352942,1.77,60.0,81.46
2068,2020-09-04,34.37834532374101,53.55258992805756,-6.072338129496402,1.77,60.0,81.46
2068,2020-09-05,33.80347417840376,52.527511737089206,-3.837305164319249,1.77,60.0,81.46
2068,2020-09-06,33.39253807106599,52.77081218274112,-6.127035532994924,1.77,60.0,81.46
2068,2020-09-07,33.72802139037433,53.578288770053476,-4.5600000000000005,1.77,60.0,81.46
2068,2020-09-08,33.74100502512563,55.04849246231156,-7.932246231155779,1.77,60.0,81.46
2068,2020-09-09,32.551898734177215,55.54822784810127,-8.512132911392404,1.77,60.0,81.46
2068,2020-09-10,30.04115942028986,56.16623188405797,-9.802036231884058,1.77,60.0,81.46
2068,2020-09-11,30.099274193548386,55.63564516129032,-9.759258064516128,1.77,60.0,81.46
2068,2020-09-12,31.104662921348314,54.48342696629213,-8.256960674157304,1.77,60.0,81.46
2068,2020-09-13,29.894804469273744,54.82162011173184,-4.370011173184357,1.77,60.0,81.46
2068,2020-09-14,29.852483221476508,56.618456375838925,-8.66044966442953,1.77,60.0,81.46
2068,2020-09-15,27.10688741721854,57.52423841059603,-7.631145695364237,1.77,60.0,81.46
2068,2020-09-16,28.427857142857142,57.40448979591837,-8.571908163265306,1.77,60.0,81.46
2068,2020-09-17,31.291505376344087,55.97376344086022,-2.6171827956989246,1.77,60.0,81.46
2068,2020-09-18,33.329081632653065,51.31102040816326,15.105714285714287,1.77,60.0,81.46
2068,2020-09-19,34.62208333333333,47.8709375,8.5373125,1.77,60.0,81.46
2068,2020-09-20,32.77010416666666,47.79541666666666,0.7934375,1.77,60.0,81.46
2068,2020-09-21,31.330744680851065,49.138297872340424,1.9509574468085105,1.77,60.0,81.46
2068,2020-09-22,29.41522727272727,51.093068181818175,7.184454545454545,1.77,60.0,81.46
2068,2020-09-23,31.8841052631579,48.586,8.803305263157894,1.77,60.0,81.46
2068,2020-09-24,30.906770833333336,47.47708333333333,4.619583333333334,1.77,60.0,81.46
2068,2020-09-25,28.061546391752575,45.83381443298969,-0.8559690721649484,1.77,60.0,81.46
2068,2020-09-26,26.609595959595957,45.24555555555556,-2.437151515151515,1.77,60.0,81.46
2068,2020-09-27,29.180105263157895,46.75326315789474,-0.604578947368421,1.77,60.0,81.46
2068,2020-09-28,28.897878787878785,48.37040404040404,-0.7606161616161616,1.77,60.0,81.46
2068,2020-09-29,28.81567010309278,50.09969072164949,-3.241701030927835,1.77,60.0,81.46
2068,2020-09-30,23.8684,51.9441,-9.4985,1.77,60.0,81.46
2068,2020-10-01,21.58544117647059,53.51426470588235,-7.457602941176471,1.77,60.0,81.46
2068,2020-10-02,19.998854166666668,55.570520833333326,-8.736552083333333,1.77,60.0,81.46
2068,2020-10-03,18.574461538461538,57.75923076923077,-6.45,1.77,60.0,81.46
2068,2020-10-04,18.44,58.84485148514852,-6.70429702970297,1.77,60.0,81.46
2068,2020-10-05,21.329285714285714,59.79183673469388,-7.622479591836735,1.77,60.0,81.46
2068,2020-10-06,20.66178947368421,61.084842105263164,-9.12001052631579,1.77,60.0,81.46
2068,2020-10-07,17.97732673267327,60.56465346534653,-9.749306930693068,1.77,60.0,81.46
2068,2020-10-08,12.562872340425534,63.04234042553191,-8.868202127659574,1.77,60.0,81.46
2068,2020-10-09,11.955978260869566,63.20010869565217,-8.579608695652173,1.77,60.0,81.46
2068,2020-10-10,17.04891304347826,61.313478260869566,-9.227304347826088,1.77,60.0,81.46
2068,2020-10-11,14.673368421052633,63.9098947368421,-9.448463157894738,1.77,60.0,81.46
2068,2020-10-12,12.58076923076923,63.28525641025641,-8.990179487179487,1.77,60.0,81.46
2068,2020-10-13,11.889876543209876,62.447283950617276,-9.859395061728394,1.77,60.0,81.46
2068,2020-10-14,13.562525252525253,62.34010101010101,-9.73810101010101,1.77,60.0,81.46
2068,2020-10-15,14.41440476190476,64.56011904761905,-9.007214285714285,1.77,60.0,81.46
2068,2020-10-16,16.47648936170213,65.92882978723404,-9.797925531914894,1.77,60.0,81.46
2068,2020-10-17,14.543571428571429,68.21816326530612,-9.730969387755103,1.77,60.0,81.46
2068,2020-10-18,12.351368421052634,69.50778947368421,-9.317273684210527,1.77,60.0,81.46
2068,2020-10-19,15.05326530612245,69.49163265306123,-9.56680612244898,1.77,60.0,81.46
2068,2020-11-04,5.102058823529411,70.4479411764706,-9.017323529411765,1.77,60.0,81.46
2068,2020-11-05,8.974791666666667,69.0790625,-5.963333333333334,1.77,60.0,81.46
2069,2020-05-26,36.16733333333333,46.48533333333333,-1.6657333333333333,0.0,45.0,85.0
2069,2020-05-27,36.334999999999994,59.42,21.5195,0.0,45.0,85.0
2069,2020-05-28,35.00666666666667,58.218333333333334,16.51516666666667,0.0,45.0,85.0
2069,2020-05-29,35.915000000000006,56.89,20.66,0.0,45.0,85.0
2069,2020-05-30,32.93833333333333,60.445,14.832833333333333,0.0,45.0,85.0
2069,2020-05-31,30.708,65.45599999999999,-0.8215999999999999,0.0,45.0,85.0
2069,2020-06-01,32.50809523809524,64.84333333333333,-0.7045714285714285,0.0,45.0,85.0
2069,2020-06-02,34.3012,63.461999999999996,5.306839999999999,0.0,45.0,85.0
2069,2020-06-03,31.814,64.558,-1.3914000000000002,0.0,45.0,85.0
2069,2020-06-04,33.93162790697674,60.50162790697675,-1.951,0.0,45.0,85.0
2069,2020-06-05,31.96522222222222,60.18088888888889,-3.5027,0.0,45.0,85.0
2069,2020-06-06,31.42712765957447,58.773936170212764,-9.673191489361702,0.0,45.0,85.0
2069,2020-06-07,30.781326530612247,58.785714285714285,-9.775540816326531,0.0,45.0,85.0
2069,2020-06-08,31.214257425742574,59.03405940594059,-7.995930693069306,0.0,45.0,85.0
2069,2020-06-09,32.199056603773585,57.20905660377358,-7.305283018867924,0.0,45.0,85.0
2069,2020-06-10,34.67811320754717,53.67990566037736,-6.843283018867925,0.0,45.0,85.0
2069,2020-06-11,33.737184466019414,51.059417475728154,-6.237699029126214,0.0,45.0,85.0
2069,2020-06-12,35.142323232323236,51.48787878787879,-7.33569696969697,0.0,45.0,85.0
2069,2020-06-13,34.68588235294118,52.643921568627455,-9.973049019607842,0.0,45.0,85.0
2069,2020-06-14,33.9604854368932,51.67155339805825,-8.517135922330096,0.0,45.0,85.0
2069,2020-06-15,35.18398058252427,51.28893203883495,-8.74742718446602,0.0,45.0,85.0
2069,2020-06-16,35.32019230769231,54.449615384615385,-5.558999999999999,0.0,45.0,85.0
2069,2020-06-17,35.469795918367346,55.06581632653061,-0.061193877551020404,0.0,45.0,85.0
2069,2020-06-18,35.52360824742268,54.833608247422674,3.839783505154639,0.0,45.0,85.0
2069,2020-06-19,35.52757575757576,54.45878787878788,5.207656565656565,0.0,45.0,85.0
2069,2020-06-20,35.40669642857143,54.53267857142857,4.723955357142857,0.0,45.0,85.0
2069,2020-06-21,35.440729166666664,55.247395833333336,4.598395833333334,0.0,45.0,85.0
2069,2020-06-22,36.419428571428575,56.355,8.806471428571427,0.0,45.0,85.0
2069,2020-06-23,35.96540816326531,58.34428571428571,8.096989795918367,0.0,45.0,85.0
2069,2020-06-24,35.424574468085105,60.35797872340425,-0.7755212765957447,0.0,45.0,85.0
2069,2020-06-25,35.01905882352941,61.52752941176471,-7.157082352941176,0.0,45.0,85.0
2069,2020-06-26,35.01264705882353,60.07990196078431,-6.167333333333334,0.0,45.0,85.0
2069,2020-06-27,35.01833333333333,59.13216666666666,-7.12075,0.0,45.0,85.0
2069,2020-06-28,34.947755102040816,59.08663265306122,-7.301602040816327,0.0,45.0,85.0
2069,2020-06-29,34.25865979381444,56.77979381443299,-3.8409793814432986,0.0,45.0,85.0
2069,2020-06-30,34.1940206185567,53.847525773195876,-4.827618556701031,0.0,45.0,85.0
2069,2020-07-01,34.815294117647056,53.485,-0.6957647058823531,0.0,45.0,85.0
2069,2020-07-03,35.04625,57.32785714285715,4.402285714285714,0.0,45.0,85.0
2069,2020-07-04,35.10514285714286,57.786476190476186,1.7959714285714286,0.0,45.0,85.0
2069,2020-07-05,35.1646511627907,56.802441860465116,-1.6911511627906977,0.0,45.0,85.0
2069,2020-07-06,35.22959595959596,55.83555555555556,-0.9751919191919192,0.0,45.0,85.0
2069,2020-07-07,35.76263157894737,54.79719298245614,5.508473684210526,0.0,45.0,85.0
2069,2020-07-08,35.545918367346935,58.37244897959184,-5.128928571428571,0.0,45.0,85.0
2069,2020-07-09,35.389375,61.688541666666666,-2.696833333333333,0.0,45.0,85.0
2069,2020-07-10,35.36105263157895,64.64168421052632,2.9559578947368417,0.0,45.0,85.0
2069,2020-07-11,35.16613636363636,66.10772727272727,4.251454545454545,0.0,45.0,85.0
2069,2020-07-12,35.3513,66.7816,-3.2407100000000004,0.0,45.0,85.0
2069,2020-07-13,35.2796,65.32176,0.05032799999999997,0.0,45.0,85.0
2069,2020-07-14,34.987810218978105,63.80262773722628,2.3164890510948903,0.0,45.0,85.0
2069,2020-07-15,35.111176470588234,62.278571428571425,0.30381512605042016,0.0,45.0,85.0
2069,2020-07-16,35.145257731958765,61.56185567010309,2.1075257731958765,0.0,45.0,85.0
2069,2020-07-17,34.98708737864078,63.30689320388349,0.36107766990291257,0.0,45.0,85.0
2069,2020-07-18,35.188265306122446,64.77459183673469,0.3489795918367347,0.0,45.0,85.0
2069,2020-07-19,35.186142857142855,66.76714285714286,4.993557142857142,0.0,45.0,85.0
2069,2020-07-21,34.87954545454546,82.94681818181817,12.699272727272728,0.0,45.0,85.0
2069,2020-07-22,34.912211538461534,81.12173076923077,23.160124999999997,0.0,45.0,85.0
2069,2020-07-23,35.25509090909091,79.93654545454545,26.829936363636364,0.0,45.0,85.0
2069,2020-07-24,35.50597826086957,71.66478260869565,23.71991304347826,0.0,45.0,85.0
2069,2020-07-25,35.411818181818184,65.38495867768594,28.49100826446281,0.0,45.0,85.0
2069,2020-07-26,35.305277777777775,67.06962962962963,27.440861111111108,0.0,45.0,85.0
2069,2020-07-27,35.595378787878786,68.22037878787879,24.297674242424243,0.0,45.0,85.0
2069,2020-07-28,35.448113207547166,68.9877358490566,24.78947169811321,0.0,45.0,85.0
2069,2020-07-29,35.32965217391304,68.76495652173914,25.99811304347826,0.0,45.0,85.0
2069,2020-07-30,35.27679012345679,69.27395061728394,27.09779012345679,0.0,45.0,85.0
2069,2020-07-31,35.197117117117116,68.2327927927928,26.615684684684684,0.0,45.0,85.0
2069,2020-08-01,35.18302752293578,67.96256880733945,27.294798165137614,0.0,45.0,85.0
2069,2020-08-02,35.196,67.802125,27.1546375,0.0,45.0,85.0
2069,2020-08-03,35.20818181818182,69.10246753246754,24.602623376623377,0.0,45.0,85.0
2069,2020-08-04,35.24547872340426,68.53329787234043,22.66846808510638,0.0,45.0,85.0
2069,2020-08-05,35.29666666666667,68.51698412698413,2.576857142857143,0.0,45.0,85.0
2069,2020-08-06,35.120652173913044,67.14181159420289,-7.840014492753624,0.0,45.0,85.0
2069,2020-08-07,34.884237288135594,68.23853107344632,-7.904937853107344,0.0,45.0,85.0
2069,2020-08-08,34.6559,73.2871,23.69369,0.0,45.0,85.0
2069,2020-08-09,34.674244186046515,75.0,23.42977906976744,0.0,45.0,85.0
2069,2020-08-10,34.656453488372094,76.98116279069768,23.909953488372093,0.0,45.0,85.0
2069,2020-08-11,35.055044247787606,77.10008849557522,25.187238938053095,0.0,45.0,85.0
2069,2020-08-12,34.84962121212121,77.00234848484848,24.47189393939394,0.0,45.0,85.0
2069,2020-08-13,34.87158878504673,74.75841121495327,17.729140186915888,0.0,45.0,85.0
2069,2020-08-14,34.69304,71.9272,-9.799984,0.0,45.0,85.0
2069,2020-08-15,34.569420289855074,69.47442028985506,-10.0,0.0,45.0,85.0
2069,2020-08-16,34.72593548387097,67.45503225806452,-9.944709677419356,0.0,45.0,85.0
2069,2020-08-17,34.71263513513514,67.41418918918919,-10.0,0.0,45.0,85.0
2069,2020-08-18,34.36521428571429,66.84064285714287,-10.0,0.0,45.0,85.0
2069,2020-08-19,34.086,65.16948148148147,-10.0,0.0,45.0,85.0
2069,2020-08-20,34.21065789473685,64.0671052631579,-9.844947368421053,0.0,45.0,85.0
2069,2020-08-21,34.99908045977011,63.65816091954023,-9.844614942528736,0.0,45.0,85.0
2069,2020-08-22,35.09642857142857,64.26408163265306,-9.772132653061224,0.0,45.0,85.0
2069,2020-08-23,34.97172839506173,65.8904938271605,-9.296172839506173,0.0,45.0,85.0
2069,2020-08-24,34.9638775510204,67.02632653061225,-9.600537414965986,0.0,45.0,85.0
2069,2020-08-25,34.87445086705202,68.03716763005781,-9.83800578034682,0.0,45.0,85.0
2069,2020-08-26,34.287254901960786,66.19281045751634,-8.636928104575164,0.0,45.0,85.0
2069,2020-08-27,34.14981818181818,64.06063636363636,-9.573918181818183,0.0,45.0,85.0
2069,2020-08-28,34.42617647058824,63.572279411764704,-7.53775,0.0,45.0,85.0
2069,2020-08-29,34.196413793103446,63.03655172413793,-9.37635172413793,0.0,45.0,85.0
2069,2020-08-30,34.09696551724138,63.50344827586207,-9.3884,0.0,45.0,85.0
2069,2020-08-31,34.266114649681526,62.50726114649681,-9.759980891719746,0.0,45.0,85.0
2069,2020-09-01,34.85006578947368,62.154999999999994,-9.13070394736842,0.0,45.0,85.0
2069,2020-09-02,34.75069892473118,63.273655913978494,-9.933602150537634,0.0,45.0,85.0
2069,2020-09-03,34.49018404907975,63.75766871165644,-9.814386503067484,0.0,45.0,85.0
2069,2020-09-04,34.655833333333334,63.74483333333333,-9.585491666666666,0.0,45.0,85.0
2069,2020-09-05,34.30359756097561,63.80213414634146,-9.493018292682926,0.0,45.0,85.0
2069,2020-09-06,34.3504705882353,63.77958823529412,-8.57400588235294,0.0,45.0,85.0
2069,2020-09-07,34.432634408602155,63.17607526881721,-6.96694623655914,0.0,45.0,85.0
2069,2020-09-08,34.59698717948718,63.20410256410256,-7.9345384615384615,0.0,45.0,85.0
2069,2020-09-09,34.034129032258065,64.11909677419354,-8.58176129032258,0.0,45.0,85.0
2069,2020-09-10,32.7648427672956,65.10452830188679,-9.51598113207547,0.0,45.0,85.0
2069,2020-09-11,32.38692913385827,65.65850393700786,-8.533590551181103,0.0,45.0,85.0
2069,2020-09-12,32.969602649006625,65.03986754966888,-5.321331125827815,0.0,45.0,85.0
2069,2020-09-13,33.52845238095238,64.12130952380951,-3.7875595238095237,0.0,45.0,85.0
2069,2020-09-14,33.19616766467066,64.29125748502993,-9.059910179640719,0.0,45.0,85.0
2069,2020-09-15,29.93228571428572,66.15778571428571,-8.92215,0.0,45.0,85.0
2069,2020-09-16,30.521224489795916,66.12142857142857,-8.923867346938776,0.0,45.0,85.0
2069,2020-09-17,33.408529411764704,64.69460784313726,-4.439901960784314,0.0,45.0,85.0
2069,2020-09-18,35.1159375,60.26104166666667,12.762479166666667,0.0,45.0,85.0
2069,2020-09-19,34.57829268292683,52.964390243902436,6.481926829268293,0.0,45.0,85.0
2069,2020-09-20,32.728155339805824,50.32912621359223,5.003815533980583,0.0,45.0,85.0
2069,2020-09-21,30.829591836734696,50.943061224489796,6.182459183673469,0.0,45.0,85.0
2069,2020-09-22,29.906091954022987,50.78022988505747,9.199954022988505,0.0,45.0,85.0
2069,2020-09-23,31.97489795918367,48.853265306122445,10.721214285714286,0.0,45.0,85.0
2069,2020-09-24,32.84927083333333,47.7303125,9.37753125,0.0,45.0,85.0
2069,2020-09-25,28.71714285714286,46.978265306122445,7.4432755102040815,0.0,45.0,85.0
2069,2020-09-26,27.186836734693877,46.80102040816327,6.584418367346939,0.0,45.0,85.0
2069,2020-09-27,29.54754716981132,47.687358490566034,9.16117924528302,0.0,45.0,85.0
2069,2020-09-28,30.107200000000002,49.4011,8.16205,0.0,45.0,85.0
2069,2020-09-29,29.866631578947366,51.74936842105263,3.5225052631578944,0.0,45.0,85.0
2069,2020-09-30,26.06969696969697,53.635252525252525,-2.5195050505050505,0.0,45.0,85.0
2069,2020-10-01,24.42972972972973,54.91986486486487,1.1061216216216216,0.0,45.0,85.0
2069,2020-10-02,21.84164948453608,55.88216494845361,-0.16975257731958768,0.0,45.0,85.0
2069,2020-10-03,21.26975308641975,56.87641975308642,1.3368024691358025,0.0,45.0,85.0
2069,2020-10-04,20.242424242424242,58.209191919191916,1.1314444444444445,0.0,45.0,85.0
2069,2020-10-05,20.667272727272728,58.7970707070707,-0.8238686868686869,0.0,45.0,85.0
2069,2020-10-06,20.242421052631578,59.66168421052631,-0.10341052631578947,0.0,45.0,85.0
2069,2020-10-07,18.995252525252525,61.154848484848486,-3.922030303030303,0.0,45.0,85.0
2069,2020-10-08,17.316881720430107,63.44086021505376,-3.340376344086021,0.0,45.0,85.0
2069,2020-10-09,14.657078651685394,65.61,-1.3418988764044943,0.0,45.0,85.0
2069,2020-10-10,18.998659793814433,65.97371134020618,-3.616061855670103,0.0,45.0,85.0
2069,2020-10-11,17.01237113402062,68.31948453608247,-1.898082474226804,0.0,45.0,85.0
2069,2020-10-12,12.449577464788732,69.25521126760563,-2.1460985915492956,0.0,45.0,85.0
2069,2020-10-13,11.378271604938272,69.53518518518518,-3.7942962962962965,0.0,45.0,85.0
2069,2020-10-14,13.543510638297871,68.87563829787234,-4.259212765957447,0.0,45.0,85.0
2069,2020-10-15,13.809390243902438,70.38475609756098,-3.0446463414634146,0.0,45.0,85.0
2069,2020-10-16,15.846666666666666,71.7071875,-5.569822916666666,0.0,45.0,85.0
2069,2020-10-17,12.943061224489796,73.54602040816327,-6.817173469387755,0.0,45.0,85.0
2069,2020-10-18,10.332699999999999,74.9885,-1.8880299999999999,0.0,45.0,85.0
2069,2020-10-19,13.827,75.1288888888889,-4.696644444444444,0.0,45.0,85.0
2069,2020-11-02,30.135555555555555,46.46037037037037,5.509703703703703,0.0,45.0,85.0
2069,2020-11-03,31.674500000000002,47.95016666666666,-3.3055833333333333,0.0,45.0,85.0
2069,2020-11-05,12.15875,76.316875,3.1299375,0.0,45.0,85.0
2070,2020-05-26,36.895,42.81916666666667,0.4025,0.0,28.6,85.0
2070,2020-05-27,34.77333333333333,53.46333333333333,-3.765333333333333,0.0,28.6,85.0
2070,2020-05-29,37.875,48.332499999999996,-9.388,0.0,28.6,85.0
2070,2020-05-30,31.366666666666664,58.36166666666667,-7.463666666666666,0.0,28.6,85.0
2070,2020-05-31,26.55,60.24,-6.131666666666667,0.0,28.6,85.0
2070,2020-06-01,28.21,59.42,-10.0,0.0,28.6,85.0
2070,2020-06-02,33.23125,54.629375,-3.7733125,0.0,28.6,85.0
2070,2020-06-03,28.462857142857143,58.142857142857146,-3.4132142857142855,0.0,28.6,85.0
2070,2020-06-04,32.18911111111111,55.24444444444445,-4.586177777777778,0.0,28.6,85.0
2070,2020-06-05,30.97858695652174,56.50652173913044,-4.201021739130434,0.0,28.6,85.0
2070,2020-06-06,29.16281553398058,62.730582524271846,-2.7520485436893205,0.0,28.6,85.0
2070,2020-06-07,29.38514563106796,62.18728155339806,-4.435310679611651,0.0,28.6,85.0
2070,2020-06-08,28.9716,61.3847,-1.9877,0.0,28.6,85.0
2070,2020-06-09,31.471414141414144,60.2249494949495,-2.7992626262626263,0.0,28.6,85.0
2070,2020-06-10,30.527878787878784,59.170303030303025,-3.9855959595959596,0.0,28.6,85.0
2070,2020-06-11,30.54950980392157,61.15990196078432,-6.347627450980392,0.0,28.6,85.0
2070,2020-06-12,30.042407407407406,60.87148148148148,-6.045064814814815,0.0,28.6,85.0
2070,2020-06-13,29.551470588235293,60.037549019607845,-7.4961078431372545,0.0,28.6,85.0
2070,2020-06-14,29.587128712871287,59.45564356435644,-7.648,0.0,28.6,85.0
2070,2020-06-15,30.764699999999998,57.0283,-5.27708,0.0,28.6,85.0
2070,2020-06-16,32.1113,53.1901,-2.84071,0.0,28.6,85.0
2070,2020-06-17,32.5382,50.9724,-0.9272,0.0,28.6,85.0
2070,2020-06-18,33.18554455445545,52.503465346534654,-1.5199108910891088,0.0,28.6,85.0
2070,2020-06-19,34.35742574257426,54.857920792079206,0.6227326732673267,0.0,28.6,85.0
2070,2020-06-20,32.25134615384615,57.68038461538462,4.109740384615384,0.0,28.6,85.0
2070,2020-06-21,32.24353535353536,57.24696969696969,2.7675959595959596,0.0,28.6,85.0
2070,2020-06-22,31.838282828282825,59.32979797979797,5.263878787878788,0.0,28.6,85.0
2070,2020-06-23,35.18010638297872,57.497021276595746,-6.176436170212766,0.0,28.6,85.0
2070,2020-06-24,35.03683673469388,62.45,-6.033765306122449,0.0,28.6,85.0
2070,2020-06-25,34.527070707070706,61.94373737373738,-7.0215555555555556,0.0,28.6,85.0
2070,2020-06-26,34.41519607843137,58.55117647058824,-6.782774509803922,0.0,28.6,85.0
2070,2020-06-27,34.421458333333334,57.79864583333333,-6.205197916666666,0.0,28.6,85.0
2070,2020-06-28,34.87947916666666,57.97645833333333,-7.479614583333333,0.0,28.6,85.0
2070,2020-06-29,34.664421052631575,58.45831578947369,-7.286136842105263,0.0,28.6,85.0
2070,2020-06-30,34.7757,58.016400000000004,-8.43175,0.0,28.6,85.0
2070,2020-07-01,34.93,57.94800000000001,-4.750273684210526,0.0,28.6,85.0
2070,2020-07-02,34.780625,60.34291666666667,2.04146875,0.0,28.6,85.0
2070,2020-07-03,34.88979591836735,60.978469387755105,-0.8443061224489796,0.0,28.6,85.0
2070,2020-07-04,34.88578947368421,60.664,-0.2010736842105263,0.0,28.6,85.0
2070,2020-07-05,34.83086956521739,59.60695652173913,1.0642391304347825,0.0,28.6,85.0
2070,2020-07-06,34.88656565656566,58.38545454545454,0.8868181818181818,0.0,28.6,85.0
2070,2020-07-07,35.23458333333333,57.76177083333334,2.4922395833333333,0.0,28.6,85.0
2070,2020-07-08,35.124375,58.689375000000005,1.7245104166666667,0.0,28.6,85.0
2070,2020-07-09,34.97264900662252,60.20874172185431,7.887622516556291,0.0,28.6,85.0
2070,2020-07-10,35.32787878787879,61.41727272727273,10.329464646464647,0.0,28.6,85.0
2070,2020-07-11,35.36693693693694,61.42108108108108,8.24090990990991,0.0,28.6,85.0
2070,2020-07-12,35.425,60.99923076923077,3.296451923076923,0.0,28.6,85.0
2070,2020-07-13,34.99920863309353,60.40230215827338,4.079093525179856,0.0,28.6,85.0
2070,2020-07-14,34.903175675675676,60.51,5.247439189189189,0.0,28.6,85.0
2070,2020-07-15,34.94464566929134,58.14141732283465,4.7978740157480315,0.0,28.6,85.0
2070,2020-07-16,34.94572815533981,57.76310679611651,7.5678058252427185,0.0,28.6,85.0
2070,2020-07-17,34.890229007633586,57.80847328244275,3.185595419847328,0.0,28.6,85.0
2070,2020-07-18,35.0152380952381,57.151825396825394,6.259849206349206,0.0,28.6,85.0
2070,2020-07-19,34.99991150442478,60.087964601769905,8.473805309734512,0.0,28.6,85.0
2070,2020-07-20,35.03339805825243,62.28601941747573,7.733825242718446,0.0,28.6,85.0
2070,2020-07-21,34.77984615384616,62.46946153846154,3.9702615384615387,0.0,28.6,85.0
2070,2020-07-22,34.857150837988826,61.50424581005587,8.340949720670391,0.0,28.6,85.0
2070,2020-07-23,35.089244186046514,61.6096511627907,10.771156976744185,0.0,28.6,85.0
2070,2020-07-24,35.07888059701492,60.79059701492537,13.251149253731343,0.0,28.6,85.0
2070,2020-07-25,34.918493975903615,59.764879518072284,12.854963855421687,0.0,28.6,85.0
2070,2020-07-26,34.96022222222222,59.15607407407407,9.19362962962963,0.0,28.6,85.0
2070,2020-07-27,35.25767441860465,58.21883720930232,6.916038759689922,0.0,28.6,85.0
2070,2020-07-28,35.22923076923077,58.754999999999995,6.669115384615385,0.0,28.6,85.0
2070,2020-07-29,35.08633333333333,59.349333333333334,8.170449999999999,0.0,28.6,85.0
2070,2020-07-30,35.064,59.76894736842105,8.045073684210527,0.0,28.6,85.0
2070,2020-07-31,35.074691358024694,58.96012345679013,6.708814814814815,0.0,28.6,85.0
2070,2020-08-01,34.96614035087719,58.91543859649123,10.063578947368422,0.0,28.6,85.0
2070,2020-08-02,34.9140206185567,59.18773195876289,9.344556701030928,0.0,28.6,85.0
2070,2020-08-03,35.026666666666664,59.02283333333333,-1.88055,0.0,28.6,85.0
2070,2020-08-04,34.994795321637426,58.020409356725146,-2.2090116959064328,0.0,28.6,85.0
2070,2020-08-05,35.07488721804511,57.47248120300752,0.692609022556391,0.0,28.6,85.0
2070,2020-08-06,34.46736111111111,56.610972222222216,-0.3466805555555555,0.0,28.6,85.0
2070,2020-08-07,34.419432624113476,55.96212765957447,-9.8662695035461,0.0,28.6,85.0
2070,2020-08-08,34.543653846153845,54.8976923076923,-10.0,0.0,28.6,85.0
2070,2020-08-09,34.61437908496732,53.801764705882356,-9.998732026143792,0.0,28.6,85.0
2070,2020-08-10,34.7842,54.041000000000004,-9.96084,0.0,28.6,85.0
2070,2020-08-11,34.71353535353535,54.71858585858586,-9.629717171717171,0.0,28.6,85.0
2070,2020-08-12,34.50114583333333,56.20364583333333,-9.961479166666667,0.0,28.6,85.0
2070,2020-08-13,34.56333333333333,55.3084496124031,-9.875697674418603,0.0,28.6,85.0
2070,2020-08-14,34.56854545454546,53.48463636363637,-9.416254545454546,0.0,28.6,85.0
2070,2020-08-15,34.89324607329843,51.83879581151832,-9.025486910994765,0.0,28.6,85.0
2070,2020-08-16,34.6874251497006,51.58209580838323,-9.354580838323352,0.0,28.6,85.0
2070,2020-08-17,34.52101694915254,51.24338983050848,-9.46806779661017,0.0,28.6,85.0
2070,2020-08-18,34.33456692913386,51.664015748031495,-9.495086614173228,0.0,28.6,85.0
2070,2020-08-19,34.134516129032264,51.196774193548386,-9.72283870967742,0.0,28.6,85.0
2070,2020-08-20,34.11642335766423,49.89255474452555,-9.498284671532847,0.0,28.6,85.0
2070,2020-08-21,34.20547169811321,49.37779874213836,-9.362150943396227,0.0,28.6,85.0
2070,2020-08-22,33.6084251968504,51.128425196850394,-9.945811023622047,0.0,28.6,85.0
2070,2020-08-23,33.653076923076924,52.16372781065089,-9.74710650887574,0.0,28.6,85.0
2070,2020-08-24,34.002985074626864,53.03619402985075,-9.806358208955222,0.0,28.6,85.0
2070,2020-08-25,34.25634831460674,54.01966292134831,-9.91897191011236,0.0,28.6,85.0
2070,2020-08-26,32.91586956521739,53.96565217391304,-9.437115942028985,0.0,28.6,85.0
2070,2020-08-27,32.43745901639344,50.89565573770492,-9.67299180327869,0.0,28.6,85.0
2070,2020-08-28,32.4293984962406,49.29533834586466,-9.498165413533835,0.0,28.6,85.0
2070,2020-08-29,32.920198675496685,48.466953642384105,-9.747476821192052,0.0,28.6,85.0
2070,2020-08-30,33.826503067484666,48.31705521472393,-9.579208588957055,0.0,28.6,85.0
2070,2020-08-31,32.935644171779145,48.565705521472395,-9.99934355828221,0.0,28.6,85.0
2070,2020-09-01,32.7387012987013,48.71448051948052,-9.6577987012987,0.0,28.6,85.0
2070,2020-09-02,33.454726027397264,50.18287671232876,-9.998150684931508,0.0,28.6,85.0
2070,2020-09-03,33.06006329113924,51.32455696202531,-10.0,0.0,28.6,85.0
2070,2020-09-04,32.70966887417219,51.32860927152318,-9.95358940397351,0.0,28.6,85.0
2070,2020-09-05,31.938220858895708,50.76257668711656,-9.894128834355827,0.0,28.6,85.0
2070,2020-09-06,31.561465968586386,50.44020942408377,-9.474392670157068,0.0,28.6,85.0
2070,2020-09-07,32.80672619047619,49.96470238095238,-9.588750000000001,0.0,28.6,85.0
2070,2020-09-08,32.888364779874216,50.71276729559749,-9.977163522012578,0.0,28.6,85.0
2070,2020-09-09,33.078278145695364,50.836423841059606,-9.470629139072848,0.0,28.6,85.0
2070,2020-09-10,33.497083333333336,49.92266666666667,-8.986591666666667,0.0,28.6,85.0
2070,2020-09-11,32.944375,49.11625,-9.238421875,0.0,28.6,85.0
2070,2020-09-12,32.19612676056338,49.25408450704225,-7.955647887323944,0.0,28.6,85.0
2070,2020-09-13,32.007012987012985,49.795064935064936,-7.91824025974026,0.0,28.6,85.0
2070,2020-09-14,32.28286666666667,50.24406666666666,-8.564613333333334,0.0,28.6,85.0
2070,2020-09-15,31.147517730496457,49.83,-6.583092198581561,0.0,28.6,85.0
2070,2020-09-16,31.52577319587629,48.97216494845361,-8.704845360824743,0.0,28.6,85.0
2070,2020-09-17,31.899340659340663,48.61714285714285,-4.921252747252748,0.0,28.6,85.0
2070,2020-09-18,34.190000000000005,46.99729166666666,14.035947916666666,0.0,28.6,85.0
2070,2020-09-19,33.81622448979592,45.085510204081636,12.14084693877551,0.0,28.6,85.0
2070,2020-09-20,34.258969072164945,42.97567010309279,10.838886597938146,0.0,28.6,85.0
2070,2020-09-21,33.89041666666667,42.62291666666667,10.514750000000001,0.0,28.6,85.0
2070,2020-09-22,32.732608695652175,42.76,11.534847826086956,0.0,28.6,85.0
2070,2020-09-23,33.2930612244898,42.31693877551021,11.472000000000001,0.0,28.6,85.0
2070,2020-09-24,33.84581632653061,42.95122448979592,9.576204081632653,0.0,28.6,85.0
2070,2020-09-25,33.214742268041235,42.94051546391752,8.605340206185566,0.0,28.6,85.0
2070,2020-09-26,33.148823529411764,42.7706862745098,8.473205882352941,0.0,28.6,85.0
2070,2020-09-27,33.91546391752578,43.93051546391753,9.53361855670103,0.0,28.6,85.0
2070,2020-09-28,33.85918367346939,45.56989795918368,8.959306122448979,0.0,28.6,85.0
2070,2020-09-29,33.67826086956522,47.35597826086956,6.917141304347825,0.0,28.6,85.0
2070,2020-09-30,32.30123711340206,48.40257731958763,-0.39643298969072166,0.0,28.6,85.0
2070,2020-10-01,29.58493670886076,49.019999999999996,-1.0905569620253164,0.0,28.6,85.0
2070,2020-10-02,26.09103092783505,49.46020618556702,0.44645360824742275,0.0,28.6,85.0
2070,2020-10-03,23.642666666666667,49.605866666666664,1.09144,0.0,28.6,85.0
2070,2020-10-04,23.555204081632652,49.82714285714286,2.8998571428571425,0.0,28.6,85.0
2070,2020-10-05,25.583333333333332,49.50052083333333,6.026958333333333,0.0,28.6,85.0
2070,2020-10-06,22.23063829787234,48.857127659574466,12.297893617021277,0.0,28.6,85.0
2070,2020-10-07,19.97178947368421,48.80947368421052,3.444936842105263,0.0,28.6,85.0
2070,2020-10-08,14.543440860215053,50.313870967741934,5.16278494623656,0.0,28.6,85.0
2070,2020-10-09,11.973814432989691,50.313505154639174,5.220371134020619,0.0,28.6,85.0
2070,2020-10-10,18.207252747252745,49.84032967032967,5.371098901098901,0.0,28.6,85.0
2070,2020-10-11,16.830000000000002,51.64344086021506,5.762559139784947,0.0,28.6,85.0
2070,2020-10-12,13.337777777777777,51.31530864197531,6.2925555555555555,0.0,28.6,85.0
2070,2020-10-13,14.739444444444445,52.60988888888889,3.092922222222222,0.0,28.6,85.0
2070,2020-10-14,16.813225806451612,53.093655913978495,5.61052688172043,0.0,28.6,85.0
2070,2020-10-15,16.37505617977528,54.29707865168539,6.641123595505618,0.0,28.6,85.0
2070,2020-10-16,17.011046511627907,55.56511627906977,-3.441779069767442,0.0,28.6,85.0
2070,2020-10-17,14.202061855670102,56.95082474226805,-0.25284536082474224,0.0,28.6,85.0
2070,2020-10-18,11.820531914893618,58.13489361702128,6.431617021276596,0.0,28.6,85.0
2070,2020-10-19,16.884835164835163,58.818571428571424,2.8253296703296704,0.0,28.6,85.0
2070,2020-11-02,27.39521739130435,34.003478260869564,-4.493260869565217,0.0,28.6,85.0
2070,2020-11-03,24.62727272727273,46.79472727272727,-1.9643454545454546,0.0,28.6,85.0
2070,2020-11-04,4.612682926829269,64.22536585365853,1.5806829268292681,0.0,28.6,85.0
2070,2020-11-05,8.542604166666667,62.11625,2.6445520833333336,0.0,28.6,85.0
2071,2020-06-03,34.85,49.163333333333334,7.061666666666667,1.81,31.4,81.38
2071,2020-06-04,34.90416666666667,48.71527777777778,-3.7360555555555552,1.81,31.4,81.38
2071,2020-06-05,34.96466019417476,51.946699029126215,-4.768912621359223,1.81,31.4,81.38
2071,2020-06-06,34.7685294117647,54.903921568627446,-8.011637254901961,1.81,31.4,81.38
2071,2020-06-07,34.7108,55.842299999999994,-7.7722500000000005,1.81,31.4,81.38
2071,2020-06-08,34.90746031746032,55.40126984126984,-9.374301587301588,1.81,31.4,81.38
2071,2020-06-09,35.08444444444444,56.51074074074074,-8.149,1.81,31.4,81.38
2071,2020-06-10,35.1571,57.6229,-8.772590000000001,1.81,31.4,81.38
2071,2020-06-11,35.27275510204082,61.93428571428572,-9.73557142857143,1.81,31.4,81.38
2071,2020-06-12,35.04495145631068,61.75330097087379,-9.911582524271845,1.81,31.4,81.38
2071,2020-06-13,34.903711340206186,57.4198969072165,-9.97877319587629,1.81,31.4,81.38
2071,2020-06-14,35.007448979591835,57.50551020408163,-10.0,1.81,31.4,81.38
2071,2020-06-15,35.10510204081633,57.205816326530616,-9.98023469387755,1.81,31.4,81.38
2071,2020-06-16,35.30390625,56.4971875,-9.969109375,1.81,31.4,81.38
2071,2020-06-17,35.31222222222222,59.513939393939395,-9.925353535353535,1.81,31.4,81.38
2071,2020-06-18,35.376,60.778000000000006,-9.898846153846153,1.81,31.4,81.38
2071,2020-06-21,35.3445,61.423500000000004,-9.38035,1.81,31.4,81.38
2071,2020-06-22,35.13717171717172,62.358888888888885,-7.392454545454545,1.81,31.4,81.38
2071,2020-06-23,35.33610526315789,62.44210526315789,-8.246347368421052,1.81,31.4,81.38
2071,2020-06-24,35.21863157894737,61.73778947368421,-9.635842105263158,1.81,31.4,81.38
2071,2020-06-25,35.169999999999995,60.02333333333333,-10.0,1.81,31.4,81.38
2071,2020-06-26,34.6425,58.233125,-10.0,1.81,31.4,81.38
2071,2020-06-27,35.0514,58.562,-10.0,1.81,31.4,81.38
2071,2020-06-28,35.16297297297297,58.469729729729735,-10.0,1.81,31.4,81.38
2071,2020-06-29,35.126666666666665,58.34,-10.0,1.81,31.4,81.38
2071,2020-07-07,35.286578947368426,54.37473684210526,-4.357,1.81,31.4,81.38
2071,2020-07-08,35.232424242424244,56.25242424242424,-5.4078484848484845,1.81,31.4,81.38
2071,2020-07-09,35.148125,58.548125,-3.2213125,1.81,31.4,81.38
2071,2020-07-12,35.31213114754098,65.05754098360656,-1.1207868852459018,1.81,31.4,81.38
2071,2020-07-13,35.144387755102045,64.60214285714287,10.83457142857143,1.81,31.4,81.38
2071,2020-07-14,34.95355191256831,63.24442622950819,18.52506557377049,1.81,31.4,81.38
2071,2020-07-15,34.97242990654206,64.95803738317757,17.470457943925233,1.81,31.4,81.38
2071,2020-07-16,34.901199999999996,68.9211,22.24892,1.81,31.4,81.38
2071,2020-07-17,34.821958762886595,67.9481443298969,20.772752577319586,1.81,31.4,81.38
2071,2020-07-18,34.955283018867924,70.74556603773584,21.910188679245284,1.81,31.4,81.38
2071,2020-07-19,34.841818181818184,75.55707070707071,23.817222222222224,1.81,31.4,81.38
2071,2020-07-20,35.07521739130435,73.17847826086957,23.892804347826086,1.81,31.4,81.38
2071,2020-07-25,34.99153846153846,66.80923076923077,17.551538461538463,1.81,31.4,81.38
2071,2020-07-26,34.842358490566035,68.94556603773584,14.526792452830188,1.81,31.4,81.38
2071,2020-07-27,35.03483606557377,66.875,3.4843770491803276,1.81,31.4,81.38
2071,2020-07-28,35.028851351351356,65.88891891891892,-1.4415743243243244,1.81,31.4,81.38
2071,2020-07-29,35.06700819672131,65.22245901639344,4.003655737704919,1.81,31.4,81.38
2071,2020-07-30,34.94222222222222,64.5898353909465,3.0956872427983537,1.81,31.4,81.38
2071,2020-07-31,35.0010650887574,63.636153846153846,2.9498816568047337,1.81,31.4,81.38
2071,2020-08-01,34.87328767123287,63.779041095890406,3.0166438356164385,1.81,31.4,81.38
2071,2020-08-02,35.01555555555555,63.72305555555556,5.690138888888889,1.81,31.4,81.38
2071,2020-08-03,34.65,64.08500000000001,-0.020499999999999963,1.81,31.4,81.38
2071,2020-08-18,34.44794871794872,59.027692307692305,-9.968410256410257,1.81,31.4,81.38
2071,2020-08-19,34.35768115942029,58.11938405797102,-9.968521739130434,1.81,31.4,81.38
2071,2020-08-20,34.40985074626866,56.47044776119403,-9.732253731343285,1.81,31.4,81.38
2071,2020-08-23,34.1949720670391,59.31608938547486,-8.6627374301676,1.81,31.4,81.38
2071,2020-08-24,34.33411764705882,59.691092436974785,-9.213915966386553,1.81,31.4,81.38
2071,2020-08-25,34.52285714285714,59.92142857142857,-9.613857142857142,1.81,31.4,81.38
2071,2020-09-01,33.99852941176471,56.61794117647059,-6.7515882352941174,1.81,31.4,81.38
2071,2020-09-02,33.75489583333333,57.756458333333335,-9.593989583333334,1.81,31.4,81.38
2071,2020-09-03,33.85065934065934,57.427032967032964,-9.799549450549451,1.81,31.4,81.38
2071,2020-09-04,33.7209375,56.9775,-10.0,1.81,31.4,81.38
2071,2020-09-06,33.000243902439024,55.90243902439025,-8.702878048780487,1.81,31.4,81.38
2071,2020-09-07,33.07010101010101,56.38545454545454,-5.3024545454545455,1.81,31.4,81.38
2071,2020-09-08,33.47185185185185,57.327703703703705,-7.745451851851851,1.81,31.4,81.38
2071,2020-09-09,33.221428571428575,57.385714285714286,-9.667,1.81,31.4,81.38
2071,2020-11-04,5.38258064516129,69.7966129032258,-2.646758064516129,1.81,31.4,81.38
2071,2020-11-05,7.7515624999999995,67.34833333333334,-5.196270833333333,1.81,31.4,81.38
2072,2020-05-08,46.45,31.16,-9.36,0.0,30.6,85.0
2072,2020-05-26,39.001999999999995,50.254,-9.3546,0.0,30.6,85.0
2072,2020-05-27,32.595,61.76,-10.0,0.0,30.6,85.0
2072,2020-05-28,32.263999999999996,68.062,-10.0,0.0,30.6,85.0
2072,2020-05-31,29.84,68.83,-10.0,0.0,30.6,85.0
2072,2020-06-01,29.747000000000003,71.204,-10.0,0.0,30.6,85.0
2072,2020-06-02,31.527619047619048,66.41333333333334,-10.0,0.0,30.6,85.0
2072,2020-06-04,32.97907407407408,61.97574074074074,-10.0,0.0,30.6,85.0
2072,2020-06-05,32.35090909090909,61.519494949494955,-10.0,0.0,30.6,85.0
2072,2020-06-06,30.40123711340206,63.10298969072165,-10.0,0.0,30.6,85.0
2072,2020-06-07,29.667551020408165,64.32234693877551,-9.999775510204081,0.0,30.6,85.0
2072,2020-06-08,30.35788235294118,63.74564705882353,-10.0,0.0,30.6,85.0
2072,2020-06-09,31.52398058252427,61.09805825242719,-9.651252427184465,0.0,30.6,85.0
2072,2020-06-10,32.07177083333333,60.145833333333336,-8.779416666666666,0.0,30.6,85.0
2072,2020-06-11,34.90578431372549,57.53470588235294,-1.1575,0.0,30.6,85.0
2072,2020-06-12,34.956568627450984,55.83401960784313,-7.727421568627451,0.0,30.6,85.0
2072,2020-06-13,34.732190476190475,52.95780952380952,-9.956295238095239,0.0,30.6,85.0
2072,2020-06-14,34.949622641509436,52.48518867924528,-9.583933962264151,0.0,30.6,85.0
2072,2020-06-15,35.222474226804124,52.43134020618557,-7.952257731958763,0.0,30.6,85.0
2072,2020-06-16,35.391799999999996,53.6567,-5.39538,0.0,30.6,85.0
2072,2020-06-17,35.363775510204086,55.14204081632653,-1.0709489795918368,0.0,30.6,85.0
2072,2020-06-18,35.335,56.56085106382979,1.1533723404255318,0.0,30.6,85.0
2072,2020-06-19,35.32588235294118,58.11274509803921,0.8121078431372548,0.0,30.6,85.0
2072,2020-06-20,35.21836734693878,60.56673469387755,-2.72980612244898,0.0,30.6,85.0
2072,2020-06-21,35.16040404040404,63.27353535353535,-2.186717171717172,0.0,30.6,85.0
2072,2020-06-22,35.1130612244898,64.60336734693878,-1.1314183673469387,0.0,30.6,85.0
2072,2020-06-23,35.313737373737375,65.36171717171717,0.5857171717171716,0.0,30.6,85.0
2072,2020-06-24,34.9803738317757,65.47355140186916,1.094,0.0,30.6,85.0
2072,2020-06-25,35.06909090909091,64.49939393939394,4.028767676767677,0.0,30.6,85.0
2072,2020-06-26,34.716237623762375,63.91118811881188,6.300128712871287,0.0,30.6,85.0
2072,2020-06-27,34.83313131313131,63.14383838383838,3.821878787878788,0.0,30.6,85.0
2072,2020-06-28,35.189375,62.74979166666666,1.1158020833333333,0.0,30.6,85.0
2072,2020-06-29,34.901399999999995,63.602799999999995,5.365,0.0,30.6,85.0
2072,2020-06-30,34.90917525773196,63.57505154639175,2.777360824742268,0.0,30.6,85.0
2072,2020-07-01,34.77333333333333,64.62627450980392,4.012470588235294,0.0,30.6,85.0
2072,2020-07-07,35.01234567901235,62.3753086419753,7.546308641975308,0.0,30.6,85.0
2072,2020-07-08,35.13319587628866,63.150618556701026,6.454762886597938,0.0,30.6,85.0
2072,2020-07-09,35.00141176470588,64.58623529411764,8.154023529411765,0.0,30.6,85.0
2072,2020-07-18,35.072702702702706,66.47864864864864,24.956513513513514,0.0,30.6,85.0
2072,2020-07-19,35.01960784313726,66.26411764705882,24.982843137254903,0.0,30.6,85.0
2072,2020-07-20,35.15640449438202,67.4767415730337,23.566842696629216,0.0,30.6,85.0
2072,2020-07-21,35.38676470588235,63.90382352941176,18.497872549019608,0.0,30.6,85.0
2072,2020-07-22,35.08683333333333,62.29233333333333,18.329316666666667,0.0,30.6,85.0
2072,2020-07-23,35.073893129770994,62.57312977099237,20.75265648854962,0.0,30.6,85.0
2072,2020-07-24,35.26171171171171,64.17531531531532,19.881945945945947,0.0,30.6,85.0
2072,2020-07-25,35.27421052631579,65.7882105263158,19.59455789473684,0.0,30.6,85.0
2072,2020-07-26,35.23828828828829,66.24738738738739,17.52120720720721,0.0,30.6,85.0
2072,2020-07-27,35.28152380952381,68.19504761904763,17.476885714285714,0.0,30.6,85.0
2072,2020-07-28,35.16406779661017,69.04169491525424,17.751977401129942,0.0,30.6,85.0
2072,2020-07-29,35.09032679738562,66.8773202614379,17.548313725490196,0.0,30.6,85.0
2072,2020-07-30,35.09885245901639,67.40939890710382,18.832770491803277,0.0,30.6,85.0
2072,2020-07-31,35.02698630136986,65.17417808219179,17.625972602739726,0.0,30.6,85.0
2072,2020-08-01,34.98708737864078,66.20912621359223,19.493699029126216,0.0,30.6,85.0
2072,2020-08-02,34.99507462686567,66.10313432835821,19.083805970149253,0.0,30.6,85.0
2072,2020-08-03,35.05446808510638,64.77617021276596,16.432978723404254,0.0,30.6,85.0
2072,2020-08-04,34.85716417910447,61.31134328358208,13.383029850746269,0.0,30.6,85.0
2072,2020-08-12,34.7215873015873,64.99746031746032,-9.976888888888888,0.0,30.6,85.0
2072,2020-08-13,34.61020408163265,64.07295918367346,-9.88034693877551,0.0,30.6,85.0
2072,2020-08-14,34.48819672131148,62.5472131147541,-9.946327868852459,0.0,30.6,85.0
2072,2020-08-17,34.623125,59.7696875,-9.98090625,0.0,30.6,85.0
2072,2020-08-18,34.52313084112149,59.94827102803738,-9.798415887850467,0.0,30.6,85.0
2072,2020-08-19,34.356171875,59.221953125,-9.811515625,0.0,30.6,85.0
2072,2020-08-20,34.38976923076923,58.38892307692308,-9.572784615384615,0.0,30.6,85.0
2072,2020-08-21,34.685114942528735,60.904051724137936,-9.952264367816092,0.0,30.6,85.0
2072,2020-08-22,34.59220588235294,62.36117647058824,-9.715735294117646,0.0,30.6,85.0
2072,2020-08-23,34.45459183673469,63.77571428571429,-9.21184693877551,0.0,30.6,85.0
2072,2020-08-24,34.45755905511811,64.18212598425197,-9.216472440944882,0.0,30.6,85.0
2072,2020-08-25,34.29154639175258,63.99185567010309,-9.715659793814433,0.0,30.6,85.0
2072,2020-08-26,33.707674418604654,62.73263565891473,-8.730147286821706,0.0,30.6,85.0
2072,2020-08-27,33.48446428571428,59.79044642857143,-8.443071428571429,0.0,30.6,85.0
2072,2020-08-28,33.81645390070922,59.284184397163116,-9.120248226950354,0.0,30.6,85.0
2072,2020-08-29,33.83323232323232,60.69080808080808,-9.469787878787878,0.0,30.6,85.0
2072,2020-08-30,33.67187050359713,60.763381294964034,-9.801956834532374,0.0,30.6,85.0
2072,2020-08-31,33.815548387096776,59.43393548387097,-9.530509677419355,0.0,30.6,85.0
2072,2020-09-01,34.20854700854701,60.370170940170944,-9.251623931623932,0.0,30.6,85.0
2072,2020-09-02,33.957102803738316,61.419719626168224,-9.378401869158878,0.0,30.6,85.0
2072,2020-09-03,33.7983,60.9511,-9.917670000000001,0.0,30.6,85.0
2072,2020-09-04,33.913467741935484,60.681854838709675,-9.86633064516129,0.0,30.6,85.0
2072,2020-09-05,33.548159999999996,60.382,-9.717552,0.0,30.6,85.0
2072,2020-09-06,33.40265957446808,60.351276595744686,-9.33386170212766,0.0,30.6,85.0
2072,2020-09-07,33.4349,61.4176,-9.47358,0.0,30.6,85.0
2072,2020-09-08,33.78443298969072,62.181546391752576,-9.862175257731959,0.0,30.6,85.0
2072,2020-09-09,33.5162,62.2976,-9.86685,0.0,30.6,85.0
2072,2020-09-10,32.25931937172775,62.06366492146597,-9.71402617801047,0.0,30.6,85.0
2072,2020-09-11,32.097692307692306,61.27076923076923,-9.707,0.0,30.6,85.0
2072,2020-11-04,7.122156862745098,69.13941176470588,-2.2337254901960786,0.0,30.6,85.0
2072,2020-11-05,9.524895833333334,65.4403125,-6.295041666666666,0.0,30.6,85.0
2073,2020-05-27,36.155,43.64,0.3854999999999995,0.0,8.4,85.0
2073,2020-05-28,32.1275,47.269999999999996,-10.0,0.0,8.4,85.0
2073,2020-05-29,37.81375,47.30625,-4.325625,0.0,8.4,85.0
2073,2020-05-30,34.125,54.31,-10.0,0.0,8.4,85.0
2073,2020-05-31,30.9,55.99,-10.0,0.0,8.4,85.0
2073,2020-06-01,31.891999999999996,52.992,-10.0,0.0,8.4,85.0
2073,2020-06-02,31.89466666666667,55.459666666666664,-10.0,0.0,8.4,85.0
2073,2020-06-03,29.58,55.67166666666666,-10.0,0.0,8.4,85.0
2073,2020-06-04,34.159166666666664,49.0825,-9.999444444444444,0.0,8.4,85.0
2073,2020-06-05,32.1233,51.032700000000006,-9.97706,0.0,8.4,85.0
2073,2020-06-06,28.455306122448977,47.004081632653055,-10.0,0.0,8.4,85.0
2073,2020-06-07,29.07255813953488,52.47186046511628,-10.0,0.0,8.4,85.0
2073,2020-06-08,26.690833333333334,55.15833333333333,-10.0,0.0,8.4,85.0
2073,2020-06-09,30.227222222222224,46.86944444444444,-9.800527777777779,0.0,8.4,85.0
2073,2020-06-10,29.994081632653064,46.47051020408163,-9.677602040816327,0.0,8.4,85.0
2073,2020-06-11,29.293163265306124,45.749387755102035,-9.930173469387755,0.0,8.4,85.0
2073,2020-06-12,32.17336538461538,49.61086538461538,-10.0,0.0,8.4,85.0
2073,2020-06-13,31.4104,51.070100000000004,-9.73935,0.0,8.4,85.0
2073,2020-06-14,29.510510204081633,50.65255102040816,-9.880530612244899,0.0,8.4,85.0
2073,2020-06-15,30.01111111111111,45.793232323232324,-9.872727272727273,0.0,8.4,85.0
2073,2020-06-16,31.630416666666665,44.4409375,-7.9775937500000005,0.0,8.4,85.0
2073,2020-06-17,31.444020618556703,39.954226804123714,-6.501422680412372,0.0,8.4,85.0
2073,2020-06-18,32.0641237113402,38.862680412371134,-5.093731958762887,0.0,8.4,85.0
2073,2020-06-19,31.9980412371134,38.39319587628866,-5.036701030927835,0.0,8.4,85.0
2073,2020-06-20,30.192021276595746,40.35372340425532,-9.138361702127659,0.0,8.4,85.0
2073,2020-06-21,29.083960396039604,42.67366336633663,-5.324920792079208,0.0,8.4,85.0
2073,2020-06-22,30.043061224489794,42.88795918367347,-3.7172142857142862,0.0,8.4,85.0
2073,2020-06-23,31.25851485148515,45.39554455445544,-2.629386138613861,0.0,8.4,85.0
2073,2020-06-24,34.3059,48.290200000000006,-0.44092,0.0,8.4,85.0
2073,2020-06-25,34.619484536082474,48.38670103092784,-2.0850103092783505,0.0,8.4,85.0
2073,2020-06-26,34.381028037383174,47.67140186915888,-2.070308411214953,0.0,8.4,85.0
2073,2020-06-27,33.93802083333333,48.34104166666666,-4.5477083333333335,0.0,8.4,85.0
2073,2020-06-28,34.5753164556962,50.50620253164557,-5.169139240506329,0.0,8.4,85.0
2073,2020-06-29,33.98171717171717,51.36363636363637,-5.892515151515152,0.0,8.4,85.0
2073,2020-06-30,34.56039215686275,52.067549019607846,-5.492098039215686,0.0,8.4,85.0
2073,2020-07-01,34.37460674157303,54.15112359550562,-5.867831460674157,0.0,8.4,85.0
2073,2020-07-02,34.369101123595506,56.411460674157304,-3.942876404494382,0.0,8.4,85.0
2073,2020-07-03,34.49778947368421,56.96,-4.869536842105263,0.0,8.4,85.0
2073,2020-07-04,34.457499999999996,56.5575,-5.441125,0.0,8.4,85.0
2073,2020-07-05,34.85,54.26714285714286,-7.739642857142857,0.0,8.4,85.0
2073,2020-07-06,34.723564356435645,53.77465346534653,-7.344554455445544,0.0,8.4,85.0
2073,2020-07-07,34.778314606741574,52.1561797752809,-5.509325842696629,0.0,8.4,85.0
2073,2020-07-08,35.01731958762886,52.4860824742268,-2.9343814432989688,0.0,8.4,85.0
2073,2020-07-09,35.50666666666667,54.046960784313725,-4.504254901960784,0.0,8.4,85.0
2073,2020-07-10,35.0375,55.21961538461539,-8.773423076923077,0.0,8.4,85.0
2073,2020-07-11,34.820263157894736,55.32921052631579,-8.297771929824561,0.0,8.4,85.0
2073,2020-07-12,35.42252808988764,56.26786516853933,-4.152101123595505,0.0,8.4,85.0
2073,2020-07-13,35.35622448979592,55.46091836734694,-1.1301326530612246,0.0,8.4,85.0
2073,2020-07-14,35.28023622047244,55.65889763779528,-5.491748031496063,0.0,8.4,85.0
2073,2020-07-15,35.285739130434784,54.73521739130435,-5.848478260869566,0.0,8.4,85.0
2073,2020-07-16,35.14178861788618,55.25414634146342,-4.754780487804878,0.0,8.4,85.0
2073,2020-07-17,35.11747967479675,56.09040650406504,-6.999853658536585,0.0,8.4,85.0
2073,2020-07-18,35.274915254237285,57.34635593220339,-6.182847457627119,0.0,8.4,85.0
2073,2020-07-19,35.26287128712872,60.05811881188119,-6.557722772277228,0.0,8.4,85.0
2073,2020-07-20,35.369038461538466,62.087788461538466,-6.288384615384615,0.0,8.4,85.0
2073,2020-07-21,35.39261261261261,60.030630630630625,-2.2464144144144145,0.0,8.4,85.0
2073,2020-07-22,35.088297872340426,57.367553191489364,-6.627393617021277,0.0,8.4,85.0
2073,2020-07-23,35.09765957446808,57.09329787234042,-4.876946808510638,0.0,8.4,85.0
2073,2020-07-24,35.13698113207547,57.419716981132076,-5.190943396226415,0.0,8.4,85.0
2073,2020-07-25,35.12018691588785,57.897850467289715,-5.965495327102803,0.0,8.4,85.0
2073,2020-07-26,35.01226086956522,58.52130434782609,-8.661678260869564,0.0,8.4,85.0
2073,2020-07-27,35.22244897959184,59.00091836734694,-7.941091836734693,0.0,8.4,85.0
2073,2020-07-28,35.19587786259542,59.90526717557252,-6.058458015267176,0.0,8.4,85.0
2073,2020-07-29,35.30811188811189,60.05153846153847,-4.972832167832168,0.0,8.4,85.0
2073,2020-07-30,35.23491329479769,59.66335260115607,-4.90857225433526,0.0,8.4,85.0
2073,2020-07-31,35.2180701754386,58.82549707602339,-2.6062807017543856,0.0,8.4,85.0
2073,2020-08-01,35.22864864864865,58.7672972972973,-0.5051081081081081,0.0,8.4,85.0
2073,2020-08-02,35.12880597014926,59.22089552238806,-1.0297611940298508,0.0,8.4,85.0
2073,2020-08-03,35.08549019607843,59.53549019607843,-2.225901960784314,0.0,8.4,85.0
2073,2020-08-14,34.77634146341463,56.78731707317073,-10.0,0.0,8.4,85.0
2073,2020-08-15,34.62368794326241,56.100035460992906,-10.0,0.0,8.4,85.0
2073,2020-08-16,34.61155172413793,55.110689655172415,-10.0,0.0,8.4,85.0
2073,2020-08-17,34.67717105263158,54.85723684210526,-9.994888157894737,0.0,8.4,85.0
2073,2020-08-18,34.57610062893082,54.90622641509434,-10.0,0.0,8.4,85.0
2073,2020-08-19,34.428561643835614,54.203972602739725,-10.0,0.0,8.4,85.0
2073,2020-08-20,34.425078125,53.378359375,-10.0,0.0,8.4,85.0
2073,2020-08-21,34.83440922190202,56.4557060518732,-9.981740634005764,0.0,8.4,85.0
2073,2020-08-22,34.84323699421965,57.6835838150289,-9.953098265895953,0.0,8.4,85.0
2073,2020-08-23,34.78660714285714,58.496249999999996,-9.8139375,0.0,8.4,85.0
2073,2020-08-24,34.7945,58.39812500000001,-9.92499375,0.0,8.4,85.0
2073,2020-08-25,34.81977272727273,58.28221590909091,-9.8181875,0.0,8.4,85.0
2073,2020-08-26,34.30503401360544,57.251972789115655,-9.732836734693878,0.0,8.4,85.0
2073,2020-08-27,33.95235772357724,55.74926829268293,-9.451943089430895,0.0,8.4,85.0
2073,2020-08-28,34.213965517241384,55.6275,-8.823258620689655,0.0,8.4,85.0
2073,2020-08-29,33.45419642857143,56.78294642857143,-8.166732142857143,0.0,8.4,85.0
2073,2020-08-30,33.62337748344371,57.03576158940397,-8.974331125827815,0.0,8.4,85.0
2073,2020-08-31,33.860416666666666,56.28733333333333,-8.639800000000001,0.0,8.4,85.0
2073,2020-09-01,34.40618705035971,56.136043165467626,-5.979,0.0,8.4,85.0
2073,2020-09-02,34.36645669291339,57.05338582677165,-7.276692913385826,0.0,8.4,85.0
2073,2020-09-03,33.88392523364486,57.15747663551402,-8.072859813084113,0.0,8.4,85.0
2073,2020-09-04,34.56719298245614,56.52929824561404,-5.008043859649123,0.0,8.4,85.0
2073,2020-09-05,34.201454545454546,56.20572727272727,-4.846190909090909,0.0,8.4,85.0
2073,2020-09-06,33.55429530201342,56.825973154362416,-4.8948724832214765,0.0,8.4,85.0
2073,2020-09-07,33.4779,56.9674,-4.79519,0.0,8.4,85.0
2073,2020-09-08,33.677672413793104,57.306896551724144,-7.219465517241379,0.0,8.4,85.0
2073,2020-09-09,32.540128205128205,58.00269230769231,-8.549846153846154,0.0,8.4,85.0
2073,2020-11-04,4.093809523809524,70.18928571428572,-4.690952380952381,0.0,8.4,85.0
2073,2020-11-05,7.728229166666666,69.71322916666666,-0.40503124999999995,0.0,8.4,85.0
2074,2020-05-28,35.67,49.644999999999996,6.8315,0.0,47.6,85.0
2074,2020-05-29,35.75833333333333,53.94333333333333,8.763833333333332,0.0,47.6,85.0
2074,2020-05-30,33.56142857142857,54.62571428571429,3.100857142857143,0.0,47.6,85.0
2074,2020-06-01,31.018314606741573,56.71359550561798,-1.0889662921348315,0.0,47.6,85.0
2074,2020-06-02,35.54090909090909,54.72818181818182,1.168090909090909,0.0,47.6,85.0
2074,2020-06-03,35.07333333333333,55.160000000000004,4.066666666666666,0.0,47.6,85.0
2074,2020-06-04,35.32027027027027,62.969189189189194,-1.220864864864865,0.0,47.6,85.0
2074,2020-06-05,35.2275,81.2783,5.99951,0.0,47.6,85.0
2074,2020-06-06,35.03232323232323,84.85545454545455,23.56368686868687,0.0,47.6,85.0
2074,2020-06-07,35.1440404040404,82.72747474747476,21.858191919191917,0.0,47.6,85.0
2074,2020-06-08,35.47273684210526,65.16947368421052,22.288905263157893,0.0,47.6,85.0
2074,2020-06-09,35.59510638297873,60.14595744680852,18.77358510638298,0.0,47.6,85.0
2074,2020-06-10,35.73276190476191,59.04828571428571,1.7568285714285712,0.0,47.6,85.0
2074,2020-06-11,35.68445544554456,61.171188118811884,13.653574257425742,0.0,47.6,85.0
2074,2020-06-12,35.551875,58.45302083333333,20.441677083333335,0.0,47.6,85.0
2074,2020-06-13,35.31570093457944,58.54981308411215,11.01503738317757,0.0,47.6,85.0
2074,2020-06-14,35.31386138613861,60.20108910891089,6.046712871287128,0.0,47.6,85.0
2074,2020-06-15,35.4792,61.0028,6.45225,0.0,47.6,85.0
2074,2020-06-16,35.57823529411765,59.233039215686276,8.412627450980391,0.0,47.6,85.0
2074,2020-06-17,35.4840625,57.46114583333334,8.734302083333334,0.0,47.6,85.0
2074,2020-06-18,35.51091836734694,57.472653061224484,9.265091836734694,0.0,47.6,85.0
2074,2020-06-19,35.4614,58.167,9.94732,0.0,47.6,85.0
2074,2020-06-20,35.3190625,59.450312499999995,9.485770833333333,0.0,47.6,85.0
2074,2020-06-21,35.367916666666666,60.120312500000004,9.985885416666667,0.0,47.6,85.0
2074,2020-06-22,35.34069306930693,61.56108910891089,10.949960396039604,0.0,47.6,85.0
2074,2020-06-23,35.470263157894735,63.414210526315784,11.251671052631579,0.0,47.6,85.0
2074,2020-06-24,35.32666666666667,61.732,6.967833333333333,0.0,47.6,85.0
2074,2020-06-25,35.39383838383838,61.398080808080806,10.58520202020202,0.0,47.6,85.0
2074,2020-06-26,35.283168316831684,60.34821782178218,10.755079207920792,0.0,47.6,85.0
2074,2020-06-27,35.246391752577324,60.21257731958763,9.597288659793815,0.0,47.6,85.0
2074,2020-06-28,35.26987341772152,59.68974683544304,5.766050632911392,0.0,47.6,85.0
2074,2020-06-29,35.000375000000005,59.080375000000004,5.6531625,0.0,47.6,85.0
2074,2020-06-30,34.9759793814433,58.59020618556701,5.860113402061856,0.0,47.6,85.0
2074,2020-07-01,34.92414893617021,59.6968085106383,10.846489361702128,0.0,47.6,85.0
2074,2020-07-02,34.72505494505494,63.05769230769231,12.21667032967033,0.0,47.6,85.0
2074,2020-07-03,34.91728260869565,62.852500000000006,11.384815217391305,0.0,47.6,85.0
2074,2020-07-04,34.97588235294118,62.05519607843137,11.633333333333333,0.0,47.6,85.0
2074,2020-07-05,35.06207920792079,60.13168316831683,7.436603960396039,0.0,47.6,85.0
2074,2020-07-06,35.15161616161616,57.64616161616162,6.720505050505051,0.0,47.6,85.0
2074,2020-07-07,34.93489361702128,55.29872340425532,8.720712765957446,0.0,47.6,85.0
2074,2020-07-08,35.1033,56.762299999999996,11.42824,0.0,47.6,85.0
2074,2020-07-09,35.541932773109245,59.769075630252104,11.835117647058823,0.0,47.6,85.0
2074,2020-07-10,35.95605504587156,62.3194495412844,1.3046972477064218,0.0,47.6,85.0
2074,2020-07-11,35.55271028037383,63.32785046728972,-4.6353925233644855,0.0,47.6,85.0
2074,2020-07-12,35.61792,62.6616,-0.725512,0.0,47.6,85.0
2074,2020-07-13,35.56850877192982,61.08008771929825,-1.3199298245614035,0.0,47.6,85.0
2074,2020-07-14,35.3072794117647,57.28485294117647,-4.165551470588235,0.0,47.6,85.0
2074,2020-07-15,35.363838383838385,53.65848484848485,-0.9596161616161616,0.0,47.6,85.0
2074,2020-07-16,35.3743,52.43729999999999,2.23099,0.0,47.6,85.0
2074,2020-07-17,35.332661290322584,52.51217741935484,0.6912258064516129,0.0,47.6,85.0
2074,2020-07-18,35.16578431372549,52.740196078431374,1.8578627450980394,0.0,47.6,85.0
2074,2020-07-19,35.11724489795918,56.585510204081636,3.7430102040816324,0.0,47.6,85.0
2074,2020-07-20,35.225196078431374,59.28735294117647,2.7118039215686274,0.0,47.6,85.0
2074,2020-07-21,35.15883495145631,58.933592233009705,-5.906427184466019,0.0,47.6,85.0
2074,2020-07-22,34.916296296296295,58.767129629629636,-8.23174074074074,0.0,47.6,85.0
2074,2020-07-23,34.868469387755106,61.02602040816327,-5.6361020408163265,0.0,47.6,85.0
2074,2020-07-24,35.10107142857143,63.10991071428572,-2.1198124999999997,0.0,47.6,85.0
2074,2020-07-25,35.05945945945946,64.1409009009009,-1.2723693693693694,0.0,47.6,85.0
2074,2020-07-26,35.14884615384615,65.36067307692308,-1.8788173076923076,0.0,47.6,85.0
2074,2020-07-27,35.3053125,64.690625,-2.7963124999999995,0.0,47.6,85.0
2074,2020-07-28,35.1773125,64.9915625,-0.93281875,0.0,47.6,85.0
2074,2020-07-29,35.02806896551724,64.7668275862069,1.003344827586207,0.0,47.6,85.0
2074,2020-07-30,34.98520270270271,64.77662162162163,1.8409459459459458,0.0,47.6,85.0
2074,2020-07-31,34.94146198830409,64.5140350877193,2.7705555555555557,0.0,47.6,85.0
2074,2020-08-01,34.911206896551725,64.67431034482759,5.005706896551724,0.0,47.6,85.0
2074,2020-08-02,34.90876923076923,65.6643076923077,4.609723076923077,0.0,47.6,85.0
2074,2020-08-03,35.1165306122449,66.66010204081633,-3.4506122448979593,0.0,47.6,85.0
2074,2020-08-04,34.913037037037036,65.12148148148148,-10.0,0.0,47.6,85.0
2074,2020-08-05,34.795,63.25008064516129,-10.0,0.0,47.6,85.0
2074,2020-08-06,34.709673202614375,61.12084967320261,-10.0,0.0,47.6,85.0
2074,2020-08-07,34.807483870967744,59.88709677419355,-9.928877419354839,0.0,47.6,85.0
2074,2020-08-08,34.767941176470586,60.555073529411764,-9.871691176470588,0.0,47.6,85.0
2074,2020-08-09,34.741688311688314,60.86876623376624,-9.935084415584415,0.0,47.6,85.0
2074,2020-08-10,34.925357142857145,61.22157142857143,-9.680414285714287,0.0,47.6,85.0
2074,2020-08-11,34.94425742574257,61.54267326732673,-9.169653465346535,0.0,47.6,85.0
2074,2020-08-12,34.81416058394161,62.847883211678834,-8.82336496350365,0.0,47.6,85.0
2074,2020-08-13,34.85710144927536,62.32275362318841,-9.855891304347827,0.0,47.6,85.0
2074,2020-08-14,34.559285714285714,60.50142857142857,-10.0,0.0,47.6,85.0
2074,2020-08-15,34.63175925925926,59.088796296296294,-9.618898148148148,0.0,47.6,85.0
2074,2020-08-16,34.74894736842106,58.636842105263156,-9.330907894736843,0.0,47.6,85.0
2074,2020-08-17,34.47004273504273,59.26816239316239,-9.452743589743589,0.0,47.6,85.0
2074,2020-08-18,34.477870967741936,58.91490322580645,-9.853496774193548,0.0,47.6,85.0
2074,2020-08-19,34.40331288343558,57.51552147239264,-9.041871165644173,0.0,47.6,85.0
2074,2020-08-20,34.73012422360249,56.24732919254658,-4.605689440993789,0.0,47.6,85.0
2074,2020-08-21,34.486666666666665,57.02473333333334,-0.4929600000000001,0.0,47.6,85.0
2074,2020-08-22,34.54060402684564,57.76348993288591,3.311,0.0,47.6,85.0
2074,2020-08-23,34.45790209790209,59.1586013986014,5.8458601398601395,0.0,47.6,85.0
2074,2020-08-24,34.557450980392154,59.797777777777775,4.689549019607843,0.0,47.6,85.0
2074,2020-08-25,34.340914634146344,60.22091463414634,2.450560975609756,0.0,47.6,85.0
2074,2020-08-26,33.67851851851852,59.00888888888889,0.6492962962962963,0.0,47.6,85.0
2074,2020-08-27,33.39899159663866,57.114285714285714,1.3138823529411765,0.0,47.6,85.0
2074,2020-08-28,33.72864,56.91328,0.9045120000000001,0.0,47.6,85.0
2074,2020-08-29,33.293609022556396,58.14503759398496,-2.410624060150376,0.0,47.6,85.0
2074,2020-08-30,33.14146551724138,57.61543103448276,-5.282715517241379,0.0,47.6,85.0
2074,2020-08-31,32.827964601769914,56.982300884955755,-1.9736725663716814,0.0,47.6,85.0
2074,2020-09-01,33.59203125,56.876953125,1.9909921875,0.0,47.6,85.0
2074,2020-09-02,33.78822033898305,57.750847457627124,2.2483898305084744,0.0,47.6,85.0
2074,2020-09-03,33.2675,57.865,-0.3431111111111111,0.0,47.6,85.0
2074,2020-09-04,33.58089552238806,57.242761194029846,0.23063432835820896,0.0,47.6,85.0
2074,2020-09-05,32.34094017094017,57.68777777777778,-0.2953076923076923,0.0,47.6,85.0
2074,2020-09-06,32.064952380952384,57.623333333333335,1.2500666666666667,0.0,47.6,85.0
2074,2020-09-07,31.697452830188677,57.606792452830184,3.3083490566037734,0.0,47.6,85.0
2074,2020-09-08,33.2184375,56.56921875,1.053875,0.0,47.6,85.0
2074,2020-09-09,30.802421875,58.23109375,-5.5546953125,0.0,47.6,85.0
2074,2020-09-10,26.855929203539823,59.28061946902655,-9.245929203539824,0.0,47.6,85.0
2074,2020-09-11,26.85472222222222,58.38314814814815,-6.082175925925926,0.0,47.6,85.0
2074,2020-09-12,24.323999999999998,60.07853333333334,-4.6476,0.0,47.6,85.0
2074,2020-09-13,27.185925925925925,58.63481481481482,-1.012320987654321,0.0,47.6,85.0
2074,2020-09-14,26.484927536231886,59.81094202898551,-7.66656884057971,0.0,47.6,85.0
2074,2020-09-15,24.4940350877193,63.76894736842105,-5.836333333333333,0.0,47.6,85.0
2074,2020-09-25,28.122941176470587,48.589999999999996,5.366044117647059,0.0,47.6,85.0
2074,2020-09-26,30.922800000000002,46.9317,7.502619999999999,0.0,47.6,85.0
2074,2020-09-27,33.714130434782604,46.77760869565218,8.772945652173913,0.0,47.6,85.0
2074,2020-09-28,31.623076923076923,48.034615384615385,5.347948717948718,0.0,47.6,85.0
2074,2020-11-04,3.234130434782609,68.56717391304348,-6.366869565217391,0.0,47.6,85.0
2074,2020-11-05,8.1625,66.44770833333332,-1.6326875,0.0,47.6,85.0
2109,2020-05-26,39.715,43.13,24.751,0.0,41.0,85.0
2109,2020-05-27,35.539,58.28099999999999,-5.678,0.0,41.0,85.0
2109,2020-05-28,35.18,59.362857142857145,-8.790142857142857,0.0,41.0,85.0
2109,2020-05-29,36.03,59.93666666666667,-10.0,0.0,41.0,85.0
2109,2020-05-30,32.761250000000004,60.93,-7.763125,0.0,41.0,85.0
2109,2020-05-31,28.069999999999997,68.81,-7.883333333333333,0.0,41.0,85.0
2109,2020-06-01,28.924444444444443,69.24,-9.745333333333333,0.0,41.0,85.0
2109,2020-06-02,31.410370370370373,63.60407407407407,-9.050777777777778,0.0,41.0,85.0
2109,2020-06-03,31.736666666666665,58.27444444444445,-3.2943333333333333,0.0,41.0,85.0
2109,2020-06-04,34.40027027027027,49.76027027027027,-0.5841891891891893,0.0,41.0,85.0
2109,2020-06-05,34.63961904761905,50.36533333333333,-1.4857714285714285,0.0,41.0,85.0
2109,2020-06-06,34.3359405940594,48.671287128712876,-3.2474257425742574,0.0,41.0,85.0
2109,2020-06-07,34.38851485148515,48.5380198019802,-5.852108910891089,0.0,41.0,85.0
2109,2020-06-08,34.39234693877551,50.745714285714286,-3.786,0.0,41.0,85.0
2109,2020-06-09,34.34041666666666,55.462812500000005,-3.279333333333333,0.0,41.0,85.0
2109,2020-06-10,34.250101010101005,70.58858585858586,-9.824747474747474,0.0,41.0,85.0
2109,2020-06-11,34.3542,81.3344,-9.645059999999999,0.0,41.0,85.0
2109,2020-06-12,34.48673469387755,79.5511224489796,-8.292826530612246,0.0,41.0,85.0
2109,2020-06-13,34.37421568627451,79.94568627450981,3.6710196078431374,0.0,41.0,85.0
2109,2020-06-14,34.47643564356436,79.02772277227723,12.063386138613861,0.0,41.0,85.0
2109,2020-06-15,34.676249999999996,69.05701923076923,18.384240384615385,0.0,41.0,85.0
2109,2020-06-16,34.9743,58.2626,19.49399,0.0,41.0,85.0
2109,2020-06-17,35.06252427184466,55.406601941747574,20.60568932038835,0.0,41.0,85.0
2109,2020-06-18,35.26841584158416,56.15881188118812,22.595029702970297,0.0,41.0,85.0
2109,2020-06-19,35.28903846153846,56.97711538461538,23.51289423076923,0.0,41.0,85.0
2109,2020-06-20,35.1507,58.6764,22.55473,0.0,41.0,85.0
2109,2020-06-21,35.21272727272727,59.425858585858585,23.411141414141415,0.0,41.0,85.0
2109,2020-06-22,35.247373737373735,62.10414141414142,24.730151515151515,0.0,41.0,85.0
2109,2020-06-23,35.385252525252525,63.57353535353535,23.790282828282827,0.0,41.0,85.0
2109,2020-06-24,35.02885416666667,66.0665625,22.5606875,0.0,41.0,85.0
2109,2020-06-25,34.964999999999996,67.47020833333333,21.5695,0.0,41.0,85.0
2109,2020-06-26,34.59480392156863,64.71372549019608,23.4198431372549,0.0,41.0,85.0
2109,2020-06-27,34.55818181818182,65.76030303030304,25.18162626262626,0.0,41.0,85.0
2109,2020-06-28,34.68807692307693,65.05307692307693,24.472833333333334,0.0,41.0,85.0
2109,2020-06-29,34.322758620689655,65.62551724137931,25.418413793103447,0.0,41.0,85.0
2109,2020-06-30,34.27676470588235,64.9764705882353,25.25571568627451,0.0,41.0,85.0
2109,2020-07-01,34.44377551020408,65.01877551020408,16.151183673469387,0.0,41.0,85.0
2109,2020-07-02,34.495714285714286,66.2143956043956,7.24932967032967,0.0,41.0,85.0
2109,2020-07-03,34.50276315789474,65.01842105263158,5.024684210526316,0.0,41.0,85.0
2109,2020-07-04,34.3912,64.18260000000001,3.8066000000000004,0.0,41.0,85.0
2109,2020-07-05,34.4981,63.422799999999995,5.37236,0.0,41.0,85.0
2109,2020-07-06,34.88398058252427,61.65970873786408,-1.1254757281553398,0.0,41.0,85.0
2109,2020-07-07,34.72783505154639,60.153608247422675,-0.6539175257731958,0.0,41.0,85.0
2109,2020-07-08,34.905454545454546,60.124545454545455,2.652393939393939,0.0,41.0,85.0
2109,2020-07-09,35.04136363636364,61.78890909090909,1.8641363636363637,0.0,41.0,85.0
2109,2020-07-10,34.8456,63.7579,-6.78303,0.0,41.0,85.0
2109,2020-07-11,34.61813186813187,65.26615384615386,-9.5658021978022,0.0,41.0,85.0
2109,2020-07-12,35.03091954022989,65.4335632183908,-8.519873563218392,0.0,41.0,85.0
2109,2020-07-13,34.87373737373738,63.89515151515151,-9.103040404040405,0.0,41.0,85.0
2109,2020-07-14,34.48388157894737,61.81335526315789,-9.906809210526315,0.0,41.0,85.0
2109,2020-07-15,34.747950819672134,59.34696721311475,-9.908409836065575,0.0,41.0,85.0
2109,2020-07-16,34.600900900900896,58.8854054054054,-9.598144144144145,0.0,41.0,85.0
2109,2020-07-17,34.72044776119403,59.01194029850747,-9.716731343283582,0.0,41.0,85.0
2109,2020-07-18,34.87227722772277,59.20811881188119,-7.972475247524753,0.0,41.0,85.0
2109,2020-07-19,34.902424242424246,61.44535353535354,-7.298626262626263,0.0,41.0,85.0
2109,2020-07-20,35.229803921568625,63.3585294117647,-5.952725490196078,0.0,41.0,85.0
2109,2020-07-21,35.33152380952381,63.4087619047619,-5.092142857142857,0.0,41.0,85.0
2109,2020-07-22,35.093272727272726,61.88709090909091,-9.658309090909091,0.0,41.0,85.0
2109,2020-07-23,34.93863636363636,62.54236363636363,-9.781772727272726,0.0,41.0,85.0
2109,2020-07-24,34.97067307692308,63.698461538461544,-9.935326923076921,0.0,41.0,85.0
2109,2020-07-25,35.04839622641509,63.280094339622636,-9.901943396226415,0.0,41.0,85.0
2109,2020-07-26,35.01270491803279,63.24426229508197,-9.628819672131147,0.0,41.0,85.0
2109,2020-07-27,35.12850467289719,63.30420560747664,-8.973897196261682,0.0,41.0,85.0
2109,2020-07-28,35.08797297297298,63.85628378378378,-8.50572972972973,0.0,41.0,85.0
2109,2020-07-29,35.02364238410596,62.46198675496689,-8.512423841059602,0.0,41.0,85.0
2109,2020-07-30,35.031554054054055,61.55581081081081,-9.527939189189189,0.0,41.0,85.0
2109,2020-07-31,35.084177215189875,60.91462025316456,-9.67363924050633,0.0,41.0,85.0
2109,2020-08-01,35.10048780487804,60.65162601626016,-9.399552845528454,0.0,41.0,85.0
2109,2020-08-02,35.177796610169494,61.05067796610169,-8.475677966101696,0.0,41.0,85.0
2109,2020-08-03,34.98318584070796,62.49469026548673,-4.6766106194690265,0.0,41.0,85.0
2109,2020-08-04,34.64058823529412,62.24582352941177,3.5191588235294113,0.0,41.0,85.0
2109,2020-08-05,34.400955414012735,61.358407643312106,2.0281910828025476,0.0,41.0,85.0
2109,2020-08-06,34.35487012987013,59.35071428571429,1.2542662337662338,0.0,41.0,85.0
2109,2020-08-07,34.501733333333334,57.76240000000001,1.0473466666666666,0.0,41.0,85.0
2109,2020-08-08,34.46,57.398048780487805,0.7190975609756097,0.0,41.0,85.0
2109,2020-08-09,34.525342465753425,56.981438356164375,0.8159794520547945,0.0,41.0,85.0
2109,2020-08-10,34.620299401197606,57.540419161676645,2.7925868263473057,0.0,41.0,85.0
2109,2020-08-11,34.80948979591837,58.27428571428572,4.523367346938776,0.0,41.0,85.0
2109,2020-08-12,34.64555555555555,60.09680555555556,1.7452013888888889,0.0,41.0,85.0
2109,2020-08-13,34.60615894039735,59.62046357615895,-2.853304635761589,0.0,41.0,85.0
2109,2020-08-14,34.41125,58.098942307692305,-4.754855769230769,0.0,41.0,85.0
2109,2020-08-15,34.38765765765766,57.45882882882883,-3.7435045045045046,0.0,41.0,85.0
2109,2020-08-16,34.44,57.67161676646707,-0.7601916167664671,0.0,41.0,85.0
2109,2020-08-17,34.326180904522616,59.28814070351759,-3.2713819095477388,0.0,41.0,85.0
2109,2020-08-18,34.37631205673759,59.66382978723404,-9.419475177304964,0.0,41.0,85.0
2109,2020-08-19,34.146778523489935,58.997986577181216,-8.327208053691274,0.0,41.0,85.0
2109,2020-08-20,34.223703703703706,57.989555555555555,-7.849881481481481,0.0,41.0,85.0
2109,2020-08-21,34.34980891719745,58.622165605095546,-9.539426751592357,0.0,41.0,85.0
2109,2020-08-22,34.28251497005988,58.71958083832335,-7.343856287425149,0.0,41.0,85.0
2109,2020-08-23,34.13302816901409,60.01161971830986,-5.140380281690141,0.0,41.0,85.0
2109,2020-08-24,34.20411764705882,60.47496732026144,-7.101967320261437,0.0,41.0,85.0
2109,2020-08-25,34.230316455696205,60.75455696202531,-9.111746835443038,0.0,41.0,85.0
2109,2020-08-26,33.814126984126986,59.810317460317464,-9.16825396825397,0.0,41.0,85.0
2109,2020-08-27,33.65915254237288,58.33305084745763,-6.626389830508474,0.0,41.0,85.0
2109,2020-08-28,33.535545454545456,58.83027272727273,1.1509181818181817,0.0,41.0,85.0
2109,2020-08-29,33.33702479338843,60.149917355371905,0.1578181818181818,0.0,41.0,85.0
2109,2020-08-30,33.30245614035088,59.68491228070175,-7.537438596491229,0.0,41.0,85.0
2109,2020-08-31,32.631904761904764,59.339523809523804,-5.45147619047619,0.0,41.0,85.0
2109,2020-09-01,33.337938931297714,59.928854961832066,2.1567557251908394,0.0,41.0,85.0
2109,2020-09-02,31.781176470588235,62.038403361344535,-6.05127731092437,0.0,41.0,85.0
2109,2020-09-03,32.02822429906542,61.577196261682246,-8.857971962616823,0.0,41.0,85.0
2109,2020-09-04,31.547642857142858,61.65271428571428,-6.783628571428571,0.0,41.0,85.0
2109,2020-09-05,29.397053571428568,62.591160714285714,-5.276598214285714,0.0,41.0,85.0
2109,2020-09-06,27.552782608695654,63.14182608695653,-3.0598782608695654,0.0,41.0,85.0
2109,2020-09-07,29.744642857142857,61.288124999999994,-1.755875,0.0,41.0,85.0
2109,2020-09-08,31.38189655172414,61.31163793103448,-6.944379310344828,0.0,41.0,85.0
2109,2020-09-09,29.20163265306123,62.62510204081632,-8.52860544217687,0.0,41.0,85.0
2109,2020-09-10,30.628416666666666,61.75808333333334,-9.294883333333333,0.0,41.0,85.0
2109,2020-09-11,29.116237623762373,62.039603960396036,-8.608,0.0,41.0,85.0
2109,2020-09-12,29.299999999999997,61.0596835443038,-6.294101265822785,0.0,41.0,85.0
2109,2020-09-13,28.849999999999998,61.19761904761904,-6.478578231292517,0.0,41.0,85.0
2109,2020-09-14,26.843957597173144,61.77229681978799,-9.774586572438162,0.0,41.0,85.0
2109,2020-09-15,25.189243697478993,61.89991596638656,-4.488563025210084,0.0,41.0,85.0
2109,2020-09-16,34.207979797979796,55.0309090909091,21.361707070707073,0.0,41.0,85.0
2109,2020-09-17,34.163333333333334,52.068,16.721966666666667,0.0,41.0,85.0
2109,2020-09-18,33.39722772277228,49.117920792079204,4.1153168316831685,0.0,41.0,85.0
2109,2020-09-19,29.76636363636364,47.91945454545455,3.865490909090909,0.0,41.0,85.0
2109,2020-09-20,29.094473684210524,46.97026315789474,4.183631578947368,0.0,41.0,85.0
2109,2020-09-21,26.14636363636364,47.184999999999995,3.982772727272727,0.0,41.0,85.0
2109,2020-11-04,3.6297674418604653,71.26651162790698,-3.066930232558139,0.0,41.0,85.0
2109,2020-11-05,7.536979166666666,69.35000000000001,-4.55953125,0.0,41.0,85.0
2110,2020-05-27,34.5325,52.6425,-4.2905,0.0,42.4,85.0
2110,2020-05-28,35.175,50.04,-8.405375,0.0,42.4,85.0
2110,2020-05-29,33.96,52.64,-6.311,0.0,42.4,85.0
2110,2020-05-30,34.32857142857143,50.40714285714286,-7.958714285714286,0.0,42.4,85.0
2110,2020-05-31,30.263333333333335,55.29666666666667,-6.760666666666667,0.0,42.4,85.0
2110,2020-06-01,31.415714285714284,54.54857142857143,-8.663142857142857,0.0,42.4,85.0
2110,2020-06-02,33.785000000000004,50.531666666666666,-7.823,0.0,42.4,85.0
2110,2020-06-03,32.483999999999995,48.366,-5.8828000000000005,0.0,42.4,85.0
2110,2020-06-04,34.03,50.09166666666667,-7.299861111111111,0.0,42.4,85.0
2110,2020-06-05,33.878019801980194,51.49217821782178,-8.829683168316832,0.0,42.4,85.0
2110,2020-06-06,33.95333333333333,53.990404040404044,-9.737777777777778,0.0,42.4,85.0
2110,2020-06-07,33.637843137254904,52.01803921568628,-9.282294117647059,0.0,42.4,85.0
2110,2020-06-08,33.58979797979798,49.68848484848485,-8.24409090909091,0.0,42.4,85.0
2110,2020-06-09,34.105346534653464,50.76980198019802,-6.20790099009901,0.0,42.4,85.0
2110,2020-06-10,33.69686274509804,54.88313725490196,-5.440784313725491,0.0,42.4,85.0
2110,2020-06-11,33.98190476190476,57.26342857142857,-7.003971428571429,0.0,42.4,85.0
2110,2020-06-12,34.24269230769231,57.99442307692308,-8.616817307692308,0.0,42.4,85.0
2110,2020-06-13,34.01846846846847,59.968828828828826,-9.440054054054054,0.0,42.4,85.0
2110,2020-06-14,33.992110091743115,63.854770642201835,-9.090669724770642,0.0,42.4,85.0
2110,2020-06-15,34.2179,73.0099,-7.4126199999999995,0.0,42.4,85.0
2110,2020-06-16,34.60460784313725,69.2457843137255,7.281441176470588,0.0,42.4,85.0
2110,2020-06-17,34.706568627450984,68.35509803921569,20.806813725490198,0.0,42.4,85.0
2110,2020-06-18,34.676875,72.03708333333334,23.263052083333335,0.0,42.4,85.0
2110,2020-06-19,34.6315,71.3899,23.71358,0.0,42.4,85.0
2110,2020-06-20,34.58770833333333,76.05947916666666,22.93378125,0.0,42.4,85.0
2110,2020-06-21,34.71,73.44806122448979,22.504591836734694,0.0,42.4,85.0
2110,2020-06-22,34.710693069306934,73.78980198019802,23.43260396039604,0.0,42.4,85.0
2110,2020-06-23,35.04549019607843,72.14235294117647,24.351333333333333,0.0,42.4,85.0
2110,2020-06-24,34.69489361702128,74.1495744680851,21.81313829787234,0.0,42.4,85.0
2110,2020-06-25,34.67906542056075,74.20476635514018,19.93292523364486,0.0,42.4,85.0
2110,2020-06-26,34.429117647058824,71.49274509803922,22.86272549019608,0.0,42.4,85.0
2110,2020-06-27,34.56569892473119,73.38774193548387,24.986655913978495,0.0,42.4,85.0
2110,2020-06-28,34.596438356164384,75.84246575342466,23.533863013698628,0.0,42.4,85.0
2110,2020-06-29,34.412395833333335,72.370625,25.53052083333333,0.0,42.4,85.0
2110,2020-06-30,34.511340206185565,63.92041237113402,23.579134020618557,0.0,42.4,85.0
2110,2020-07-01,34.74718446601942,66.00766990291262,25.28047572815534,0.0,42.4,85.0
2110,2020-07-02,34.72946808510638,66.46414893617022,26.94135106382979,0.0,42.4,85.0
2110,2020-07-03,34.619569892473116,62.91795698924731,26.724150537634408,0.0,42.4,85.0
2110,2020-07-04,34.69551020408163,61.42948979591837,18.82584693877551,0.0,42.4,85.0
2110,2020-07-05,34.69824742268041,60.09670103092784,5.517082474226805,0.0,42.4,85.0
2110,2020-07-06,34.79697916666667,59.104687500000004,4.494770833333333,0.0,42.4,85.0
2110,2020-07-07,34.852,58.1572,6.5804100000000005,0.0,42.4,85.0
2110,2020-07-08,35.00145833333333,60.25125,9.956854166666666,0.0,42.4,85.0
2110,2020-07-09,35.27,63.10781512605042,8.749319327731094,0.0,42.4,85.0
2110,2020-07-10,35.016216216216215,63.56972972972973,5.656423423423424,0.0,42.4,85.0
2110,2020-07-11,34.859339622641514,63.64518867924529,5.134188679245283,0.0,42.4,85.0
2110,2020-07-12,34.94,62.851023622047244,3.10396062992126,0.0,42.4,85.0
2110,2020-07-13,34.939674796747966,60.3030081300813,4.627113821138211,0.0,42.4,85.0
2110,2020-07-14,34.98113475177305,58.17014184397163,8.240070921985815,0.0,42.4,85.0
2110,2020-07-15,34.84098214285714,57.02794642857143,8.855696428571429,0.0,42.4,85.0
2110,2020-07-16,34.84021739130435,55.74380434782609,10.796663043478262,0.0,42.4,85.0
2110,2020-07-17,34.83283333333333,56.08983333333333,4.858183333333333,0.0,42.4,85.0
2110,2020-07-18,34.91990825688073,57.94743119266055,4.581036697247706,0.0,42.4,85.0
2110,2020-07-19,34.716153846153844,61.714999999999996,10.537855769230768,0.0,42.4,85.0
2110,2020-07-20,35.11882352941177,64.399243697479,5.519605042016806,0.0,42.4,85.0
2110,2020-07-21,34.83579439252336,63.57252336448598,-3.080242990654206,0.0,42.4,85.0
2110,2020-07-22,34.57761061946903,61.28893805309734,-8.918761061946903,0.0,42.4,85.0
2110,2020-07-23,34.4532380952381,61.141333333333336,-7.731419047619047,0.0,42.4,85.0
2110,2020-07-24,34.38133333333333,60.85142857142857,-9.223942857142857,0.0,42.4,85.0
2110,2020-07-25,34.391363636363636,60.572818181818185,-8.576227272727273,0.0,42.4,85.0
2110,2020-07-26,34.627545454545455,61.474545454545456,-8.785363636363636,0.0,42.4,85.0
2110,2020-07-27,34.9221568627451,62.347941176470584,-8.669166666666667,0.0,42.4,85.0
2110,2020-07-28,34.891006711409396,62.843355704697984,-7.118630872483221,0.0,42.4,85.0
2110,2020-07-29,34.67510204081633,62.73462585034014,-8.213761904761904,0.0,42.4,85.0
2110,2020-07-30,34.49016574585635,63.46491712707182,-8.377011049723757,0.0,42.4,85.0
2110,2020-07-31,34.41461538461539,63.60010256410256,-9.372564102564104,0.0,42.4,85.0
2110,2020-08-01,34.58791304347826,63.6264347826087,-7.370626086956522,0.0,42.4,85.0
2110,2020-08-02,34.414647887323945,64.82605633802817,-7.652549295774648,0.0,42.4,85.0
2110,2020-08-03,34.62373015873016,66.02555555555556,-6.445912698412698,0.0,42.4,85.0
2110,2020-08-04,34.78754838709677,63.68367741935484,-6.820774193548387,0.0,42.4,85.0
2110,2020-08-05,34.61245033112583,60.992980132450334,-9.078278145695364,0.0,42.4,85.0
2110,2020-08-06,34.63953020134228,59.79765100671141,0.9603557046979865,0.0,42.4,85.0
2110,2020-08-07,34.88309859154929,64.07598591549296,20.472922535211268,0.0,42.4,85.0
2110,2020-08-08,34.858167938931295,66.22671755725192,21.76941221374046,0.0,42.4,85.0
2110,2020-08-09,34.8065100671141,66.62791946308724,21.130208053691273,0.0,42.4,85.0
2110,2020-08-10,34.93986206896552,67.69489655172414,23.92541379310345,0.0,42.4,85.0
2110,2020-08-11,35.145964912280704,69.61491228070174,26.126868421052635,0.0,42.4,85.0
2110,2020-08-12,35.00198529411765,69.97235294117647,25.840492647058824,0.0,42.4,85.0
2110,2020-08-13,34.98811475409836,67.6955737704918,24.30143442622951,0.0,42.4,85.0
2110,2020-08-14,34.38616822429907,66.31467289719626,23.13902803738318,0.0,42.4,85.0
2110,2020-08-15,34.180859375,67.222578125,23.2340078125,0.0,42.4,85.0
2110,2020-08-16,34.234307692307695,64.11323076923077,23.515123076923075,0.0,42.4,85.0
2110,2020-08-17,34.33088669950739,64.07108374384237,22.986241379310346,0.0,42.4,85.0
2110,2020-08-18,34.113829787234046,64.27255319148937,18.101794326241134,0.0,42.4,85.0
2110,2020-08-19,33.628156424581,59.23804469273743,16.376245810055867,0.0,42.4,85.0
2110,2020-08-20,33.813459119496855,58.801383647798744,17.60450314465409,0.0,42.4,85.0
2110,2020-08-21,34.3775,62.740706521739135,19.971157608695652,0.0,42.4,85.0
2110,2020-08-22,34.23,58.40630681818182,18.360085227272727,0.0,42.4,85.0
2110,2020-08-23,34.160758620689656,59.35344827586207,21.39411724137931,0.0,42.4,85.0
2110,2020-08-24,34.266158536585365,58.54884146341463,19.713591463414634,0.0,42.4,85.0
2110,2020-08-25,34.27716049382716,61.53043209876543,18.88098148148148,0.0,42.4,85.0
2110,2020-08-26,33.610238095238095,56.9697619047619,15.462357142857142,0.0,42.4,85.0
2110,2020-08-27,33.45666666666667,55.985284552845535,17.360845528455286,0.0,42.4,85.0
2110,2020-08-28,33.87409090909091,56.05427272727273,22.098163636363633,0.0,42.4,85.0
2110,2020-08-29,33.803805309734514,58.936725663716814,21.142194690265487,0.0,42.4,85.0
2110,2020-08-30,33.71664285714286,59.1695,16.39165714285714,0.0,42.4,85.0
2110,2020-08-31,33.41107438016529,57.756198347107436,9.051396694214876,0.0,42.4,85.0
2110,2020-09-01,34.02618421052631,56.25559210526316,-9.492592105263158,0.0,42.4,85.0
2110,2020-09-02,33.89872881355932,56.332288135593224,-9.649415254237288,0.0,42.4,85.0
2110,2020-09-03,33.71793388429752,56.28520661157025,-8.007123966942148,0.0,42.4,85.0
2110,2020-09-04,34.00754237288135,58.0721186440678,-5.924423728813559,0.0,42.4,85.0
2110,2020-09-05,33.5891935483871,56.90677419354839,-9.194161290322581,0.0,42.4,85.0
2110,2020-09-06,33.39653225806452,55.81701612903226,-8.614282258064517,0.0,42.4,85.0
2110,2020-09-07,33.09291666666667,55.7175,-7.473781249999999,0.0,42.4,85.0
2110,2020-09-08,33.352051282051285,56.3891452991453,-7.966641025641025,0.0,42.4,85.0
2110,2020-09-09,32.83267973856209,56.014117647058825,-9.342849673202613,0.0,42.4,85.0
2110,2020-09-10,31.60195488721805,56.27022556390977,-9.910654135338346,0.0,42.4,85.0
2110,2020-09-11,31.082352941176474,56.23983193277311,-9.40146218487395,0.0,42.4,85.0
2110,2020-09-12,32.1951677852349,54.80295302013423,-9.133838926174496,0.0,42.4,85.0
2110,2020-09-13,32.32056603773585,56.41537735849057,-8.304037735849056,0.0,42.4,85.0
2110,2020-09-14,30.794952978056426,57.31658307210032,-9.999420062695926,0.0,42.4,85.0
2110,2020-09-15,28.126411764705882,57.56670588235294,-6.266629411764706,0.0,42.4,85.0
2110,2020-09-16,32.836,52.8459,15.11191,0.0,42.4,85.0
2110,2020-09-17,34.390851063829786,48.217234042553194,14.969085106382979,0.0,42.4,85.0
2110,2020-09-18,34.3741,48.2874,12.313009999999998,0.0,42.4,85.0
2110,2020-09-19,32.9640206185567,47.98721649484536,9.521247422680412,0.0,42.4,85.0
2110,2020-09-20,29.471999999999998,49.913199999999996,9.51581,0.0,42.4,85.0
2110,2020-09-21,26.918947368421055,50.93536842105263,5.949473684210527,0.0,42.4,85.0
2110,2020-09-22,26.949052631578947,51.246315789473684,0.49370526315789476,0.0,42.4,85.0
2110,2020-09-23,27.505,52.07041666666667,8.344645833333333,0.0,42.4,85.0
2110,2020-09-24,29.81453608247423,50.97752577319587,10.594649484536083,0.0,42.4,85.0
2110,2020-09-25,28.656161616161615,50.286161616161614,10.887404040404041,0.0,42.4,85.0
2110,2020-09-26,29.74826530612245,48.06775510204082,11.265336734693877,0.0,42.4,85.0
2110,2020-09-27,33.60919191919192,46.98707070707071,13.400747474747474,0.0,42.4,85.0
2110,2020-09-28,33.530625,49.181666666666665,12.7059375,0.0,42.4,85.0
2110,2020-09-29,33.12827586206897,51.15448275862069,10.976362068965518,0.0,42.4,85.0
2110,2020-10-06,21.266170212765957,55.47702127659575,-8.067468085106382,0.0,42.4,85.0
2110,2020-10-07,17.928252427184464,57.050582524271846,-9.43242718446602,0.0,42.4,85.0
2110,2020-10-08,16.779438202247192,58.87460674157303,-8.113011235955057,0.0,42.4,85.0
2110,2020-10-09,12.399444444444445,61.76444444444444,-5.652981481481482,0.0,42.4,85.0
2110,2020-10-28,9.108351648351649,79.54725274725276,-0.37567032967032965,0.0,42.4,85.0
2110,2020-10-29,10.599791666666667,77.50156249999999,-3.3283020833333334,0.0,42.4,85.0
2110,2020-10-30,8.643536585365853,77.50012195121951,-1.622609756097561,0.0,42.4,85.0
2110,2020-10-31,7.794479166666666,77.24739583333333,-1.1501979166666667,0.0,42.4,85.0
2110,2020-11-01,8.384814814814815,76.31308641975308,-3.253308641975308,0.0,42.4,85.0
2110,2020-11-02,27.09128205128205,48.84205128205128,-2.169897435897436,0.0,42.4,85.0
2110,2020-11-03,28.939565217391305,56.220652173913045,-7.751847826086956,0.0,42.4,85.0
2110,2020-11-05,15.674000000000001,71.265,1.15725,0.0,42.4,85.0
2111,2020-05-26,40.74666666666667,39.343333333333334,3.0641666666666665,0.0,12.4,85.0
2111,2020-05-27,37.995,54.870000000000005,-4.2925,0.0,12.4,85.0
2111,2020-05-28,32.504999999999995,63.3775,-9.181000000000001,0.0,12.4,85.0
2111,2020-05-29,36.72,60.455000000000005,-9.374833333333333,0.0,12.4,85.0
2111,2020-05-30,33.370000000000005,66.34,-10.0,0.0,12.4,85.0
2111,2020-05-31,28.326,74.168,-9.9256,0.0,12.4,85.0
2111,2020-06-01,31.35636363636364,71.29272727272728,-10.0,0.0,12.4,85.0
2111,2020-06-02,32.890689655172416,70.39931034482758,-9.708862068965518,0.0,12.4,85.0
2111,2020-06-03,30.679166666666664,76.41250000000001,-10.0,0.0,12.4,85.0
2111,2020-06-04,34.00027027027027,71.33027027027026,-9.859675675675675,0.0,12.4,85.0
2111,2020-06-05,32.24193877551021,72.7588775510204,-9.807479591836735,0.0,12.4,85.0
2111,2020-06-06,29.45948979591837,75.6304081632653,-9.950795918367348,0.0,12.4,85.0
2111,2020-06-07,29.701224489795916,78.99591836734695,-9.972214285714287,0.0,12.4,85.0
2111,2020-06-08,30.948210526315787,78.47631578947369,-9.990326315789474,0.0,12.4,85.0
2111,2020-06-09,31.510204081632654,74.42479591836735,-9.838795918367348,0.0,12.4,85.0
2111,2020-06-10,31.122040816326532,70.85428571428572,-10.0,0.0,12.4,85.0
2111,2020-06-11,29.861666666666665,72.04843137254902,-10.0,0.0,12.4,85.0
2111,2020-06-12,30.18565656565657,73.66828282828283,-10.0,0.0,12.4,85.0
2111,2020-06-13,28.978058252427182,75.07728155339805,-10.0,0.0,12.4,85.0
2111,2020-06-14,29.006732673267326,73.26029702970297,-10.0,0.0,12.4,85.0
2111,2020-06-15,30.334563106796118,69.91203883495145,-10.0,0.0,12.4,85.0
2111,2020-06-16,31.784455445544555,62.78039603960396,-9.988623762376237,0.0,12.4,85.0
2111,2020-06-17,32.63186274509804,59.30696078431373,-9.785568627450981,0.0,12.4,85.0
2111,2020-06-18,33.81463917525773,60.04979381443299,-9.517958762886597,0.0,12.4,85.0
2111,2020-06-19,34.130679611650486,64.1368932038835,-9.94047572815534,0.0,12.4,85.0
2111,2020-06-20,32.80040816326531,68.72326530612246,-9.996908163265307,0.0,12.4,85.0
2111,2020-06-21,32.334736842105265,69.8921052631579,-9.962863157894736,0.0,12.4,85.0
2111,2020-06-22,33.975500000000004,72.8181,-10.0,0.0,12.4,85.0
2111,2020-06-23,34.54147058823529,74.68137254901961,0.10964705882352938,0.0,12.4,85.0
2111,2020-06-24,34.96106796116505,68.60242718446602,-9.960815533980583,0.0,12.4,85.0
2111,2020-06-25,34.699999999999996,65.01520833333333,-9.894052083333333,0.0,12.4,85.0
2111,2020-06-26,34.4609900990099,59.050891089108916,-9.527277227722772,0.0,12.4,85.0
2111,2020-06-27,34.201764705882354,56.973137254901964,-8.856833333333334,0.0,12.4,85.0
2111,2020-06-28,34.44455696202532,58.836202531645576,-8.469924050632912,0.0,12.4,85.0
2111,2020-06-29,33.478539325842696,59.09067415730337,-8.839584269662922,0.0,12.4,85.0
2111,2020-06-30,33.356249999999996,60.46552083333333,-9.259479166666667,0.0,12.4,85.0
2111,2020-07-01,33.59884210526316,63.211684210526315,-9.022431578947367,0.0,12.4,85.0
2111,2020-07-02,34.272608695652174,66.81358695652175,-7.772489130434782,0.0,12.4,85.0
2111,2020-07-03,33.950421052631576,64.59063157894737,-8.42501052631579,0.0,12.4,85.0
2111,2020-07-04,34.27875,65.53916666666667,-5.7121458333333335,0.0,12.4,85.0
2111,2020-07-05,34.053979591836736,60.229897959183674,-6.3748673469387755,0.0,12.4,85.0
2111,2020-07-06,34.52122448979592,58.42081632653061,-7.327724489795918,0.0,12.4,85.0
2111,2020-07-07,34.73929292929293,56.7120202020202,-5.251232323232323,0.0,12.4,85.0
2111,2020-07-08,34.9805,59.444700000000005,-3.3058899999999998,0.0,12.4,85.0
2111,2020-07-09,35.10647619047619,60.99371428571429,-4.719380952380952,0.0,12.4,85.0
2111,2020-07-10,35.13818713450292,66.04976608187134,-4.039415204678362,0.0,12.4,85.0
2111,2020-07-11,34.71757281553398,67.8168932038835,-1.0184563106796118,0.0,12.4,85.0
2111,2020-07-12,35.03677419354839,70.72370967741935,10.017798387096775,0.0,12.4,85.0
2111,2020-07-13,34.92029126213592,71.64825242718446,19.737592233009707,0.0,12.4,85.0
2111,2020-07-14,34.65677631578947,69.33230263157895,15.794907894736843,0.0,12.4,85.0
2111,2020-07-15,34.777938144329894,68.83907216494846,17.557340206185568,0.0,12.4,85.0
2111,2020-07-16,34.72795918367347,69.73346938775511,17.204489795918366,0.0,12.4,85.0
2111,2020-07-17,34.76152,72.3052,17.49852,0.0,12.4,85.0
2111,2020-07-18,34.92570175438597,75.33035087719298,19.639877192982457,0.0,12.4,85.0
2111,2020-07-19,34.85151515151515,77.25989898989899,22.244242424242422,0.0,12.4,85.0
2111,2020-07-20,35.0255,77.56758333333333,21.546733333333336,0.0,12.4,85.0
2111,2020-07-21,35.207,75.10218181818182,13.361245454545456,0.0,12.4,85.0
2111,2020-07-22,34.85928571428571,74.22755102040817,12.283255102040817,0.0,12.4,85.0
2111,2020-07-23,34.78346153846154,77.46711538461538,12.7235,0.0,12.4,85.0
2111,2020-07-24,34.83533980582524,77.5252427184466,13.409067961165048,0.0,12.4,85.0
2111,2020-07-25,34.94983333333334,66.2545,15.813008333333332,0.0,12.4,85.0
2111,2020-07-26,34.917522123893804,63.32371681415929,14.912955752212389,0.0,12.4,85.0
2111,2020-07-27,35.12038095238095,63.857142857142854,16.891752380952383,0.0,12.4,85.0
2111,2020-07-28,35.04084337349398,64.45746987951807,16.989397590361445,0.0,12.4,85.0
2111,2020-07-29,34.972054794520545,63.843219178082194,16.266267123287673,0.0,12.4,85.0
2111,2020-07-30,34.92198412698413,63.654444444444444,15.490063492063493,0.0,12.4,85.0
2111,2020-07-31,34.92535947712418,63.57418300653595,16.21983660130719,0.0,12.4,85.0
2111,2020-08-01,35.00052631578947,63.56131578947368,17.238833333333336,0.0,12.4,85.0
2111,2020-08-02,34.997638888888886,64.0526388888889,17.88947222222222,0.0,12.4,85.0
2111,2020-08-03,34.97311320754717,63.231886792452826,14.02693396226415,0.0,12.4,85.0
2111,2020-08-04,34.50456953642384,60.6171523178808,5.966291390728476,0.0,12.4,85.0
2111,2020-08-05,34.356016260162605,59.92991869918699,8.883016260162602,0.0,12.4,85.0
2111,2020-08-06,34.4091875,57.41575,11.85781875,0.0,12.4,85.0
2111,2020-08-07,34.42737804878049,58.299390243902444,11.15579268292683,0.0,12.4,85.0
2111,2020-08-08,34.36973913043478,59.276434782608696,10.555017391304348,0.0,12.4,85.0
2111,2020-08-09,34.426691176470584,59.88213235294118,9.598676470588236,0.0,12.4,85.0
2111,2020-08-10,34.486599999999996,60.958400000000005,11.752505000000001,0.0,12.4,85.0
2111,2020-08-11,34.56415841584158,61.53663366336634,13.24229702970297,0.0,12.4,85.0
2111,2020-08-12,34.46084507042253,61.97225352112676,13.42211971830986,0.0,12.4,85.0
2111,2020-08-13,34.310071942446044,59.88956834532374,10.737395683453238,0.0,12.4,85.0
2111,2020-08-14,33.78634920634921,57.65333333333333,8.031579365079365,0.0,12.4,85.0
2111,2020-08-15,33.799749999999996,55.45066666666666,7.903341666666666,0.0,12.4,85.0
2111,2020-08-16,34.032839506172834,55.9220987654321,10.54217901234568,0.0,12.4,85.0
2111,2020-08-17,33.920790960451974,57.21468926553672,9.852062146892656,0.0,12.4,85.0
2111,2020-08-18,34.03296875,60.613203125,4.4948515625,0.0,12.4,85.0
2111,2020-08-19,33.80075949367089,58.06278481012658,8.110563291139242,0.0,12.4,85.0
2111,2020-08-20,33.99331081081081,58.05905405405405,7.51852027027027,0.0,12.4,85.0
2111,2020-08-21,34.653827160493826,63.522283950617286,9.646975308641975,0.0,12.4,85.0
2111,2020-08-22,34.34339869281046,63.06980392156863,9.129549019607843,0.0,12.4,85.0
2111,2020-08-23,34.36158940397351,59.33649006622516,9.833629139072848,0.0,12.4,85.0
2111,2020-08-24,34.27865853658537,58.19201219512195,8.97723780487805,0.0,12.4,85.0
2111,2020-08-25,34.19785340314136,59.60722513089005,8.655670157068062,0.0,12.4,85.0
2111,2020-08-26,33.48372781065089,57.75337278106509,5.876745562130178,0.0,12.4,85.0
2111,2020-08-27,33.32973684210526,56.12684210526316,7.705991228070176,0.0,12.4,85.0
2111,2020-08-28,33.219223300970874,53.9826213592233,9.906660194174757,0.0,12.4,85.0
2111,2020-08-29,32.338348623853214,54.53798165137615,7.888165137614679,0.0,12.4,85.0
2111,2020-08-30,32.356171875,61.155859375,5.203,0.0,12.4,85.0
2111,2020-08-31,32.606696428571425,59.543124999999996,9.419232142857142,0.0,12.4,85.0
2111,2020-09-01,33.17296296296296,54.97792592592593,12.370000000000001,0.0,12.4,85.0
2111,2020-09-02,33.088,56.75599999999999,11.288721739130434,0.0,12.4,85.0
2111,2020-09-03,33.50491228070175,60.44342105263158,10.618649122807017,0.0,12.4,85.0
2111,2020-09-04,33.59768595041322,57.9495867768595,11.731595041322313,0.0,12.4,85.0
2111,2020-09-05,32.87146551724138,58.616379310344826,10.756655172413792,0.0,12.4,85.0
2111,2020-09-06,32.59241379310345,56.907586206896546,12.032870689655173,0.0,12.4,85.0
2111,2020-09-07,31.207314814814815,53.579166666666666,14.483037037037038,0.0,12.4,85.0
2111,2020-09-08,32.889150943396224,58.2538679245283,17.95608490566038,0.0,12.4,85.0
2111,2020-09-09,31.71021897810219,56.526496350364965,17.323715328467156,0.0,12.4,85.0
2111,2020-09-10,30.528877551020408,62.009081632653064,14.89345918367347,0.0,12.4,85.0
2111,2020-09-11,30.684848484848487,63.85575757575757,14.618939393939394,0.0,12.4,85.0
2111,2020-09-16,34.042,50.215,29.763233333333336,0.0,12.4,85.0
2111,2020-09-17,34.443861386138614,45.84148514851485,29.138049504950498,0.0,12.4,85.0
2111,2020-09-18,34.905869565217394,44.98010869565218,28.50517391304348,0.0,12.4,85.0
2111,2020-09-19,35.425000000000004,45.879895833333336,28.085802083333334,0.0,12.4,85.0
2111,2020-09-20,34.663333333333334,48.46666666666667,25.805666666666667,0.0,12.4,85.0
2111,2020-11-04,5.243461538461539,78.52384615384615,-10.0,0.0,12.4,85.0
2111,2020-11-05,8.482395833333333,76.08333333333333,-7.073875,0.0,12.4,85.0
2114,2020-05-26,35.21142857142857,50.105714285714285,23.654214285714286,0.0,60.6,85.0
2114,2020-05-27,35.577777777777776,57.724444444444444,5.376,0.0,60.6,85.0
2114,2020-05-29,34.129999999999995,58.455,-10.0,0.0,60.6,85.0
2114,2020-05-30,33.62,58.576666666666675,-10.0,0.0,60.6,85.0
2114,2020-05-31,28.527499999999996,60.669,-10.0,0.0,60.6,85.0
2114,2020-06-01,30.83,62.160000000000004,-10.0,0.0,60.6,85.0
2114,2020-06-02,32.345789473684206,62.54105263157894,-9.955315789473685,0.0,60.6,85.0
2114,2020-06-03,31.285882352941176,63.21235294117646,-6.425470588235294,0.0,60.6,85.0
2114,2020-06-04,33.81461538461539,59.6751282051282,-5.621153846153846,0.0,60.6,85.0
2114,2020-06-05,33.717070707070704,58.14787878787879,-5.551030303030303,0.0,60.6,85.0
2114,2020-06-06,32.5746875,57.643437500000005,-5.3269270833333335,0.0,60.6,85.0
2114,2020-06-07,32.725533980582526,57.114854368932036,-5.584233009708738,0.0,60.6,85.0
2114,2020-06-08,32.458800000000004,56.696999999999996,-3.65315,0.0,60.6,85.0
2114,2020-06-09,34.2818691588785,56.09747663551402,2.5492990654205605,0.0,60.6,85.0
2114,2020-06-10,35.38188679245283,57.14669811320755,5.707877358490566,0.0,60.6,85.0
2114,2020-06-11,35.36785714285715,57.989999999999995,5.781234693877551,0.0,60.6,85.0
2114,2020-06-12,35.45896226415094,59.00245283018868,7.799056603773585,0.0,60.6,85.0
2114,2020-06-13,35.24971428571428,59.88019047619048,8.49144761904762,0.0,60.6,85.0
2114,2020-06-14,35.16631067961165,61.400388349514564,8.922058252427185,0.0,60.6,85.0
2114,2020-06-15,35.2060396039604,66.02811881188119,15.933653465346534,0.0,60.6,85.0
2114,2020-06-16,35.22969387755102,69.52132653061224,19.78595918367347,0.0,60.6,85.0
2114,2020-06-17,35.318823529411766,68.24068627450981,18.96298039215686,0.0,60.6,85.0
2114,2020-06-18,35.417910447761194,67.42716417910448,17.317671641791048,0.0,60.6,85.0
2114,2020-06-19,35.42520833333334,67.57270833333334,13.560583333333334,0.0,60.6,85.0
2114,2020-06-20,35.325900000000004,69.2515,4.98058,0.0,60.6,85.0
2114,2020-06-21,35.3124,71.1746,7.67562,0.0,60.6,85.0
2114,2020-06-22,35.493979591836734,71.23469387755102,4.171428571428572,0.0,60.6,85.0
2114,2020-06-23,35.275555555555556,71.95969696969698,6.415949494949495,0.0,60.6,85.0
2114,2020-06-24,34.90061855670103,75.43226804123712,7.0140618556701035,0.0,60.6,85.0
2114,2020-06-25,35.11409523809524,74.10838095238095,0.9776380952380952,0.0,60.6,85.0
2114,2020-06-26,35.06438095238096,72.25333333333333,6.170419047619047,0.0,60.6,85.0
2114,2020-06-27,34.862673267326734,71.72168316831683,4.75990099009901,0.0,60.6,85.0
2114,2020-06-28,34.79585858585858,72.32979797979797,4.710353535353535,0.0,60.6,85.0
2114,2020-06-29,34.787525773195874,69.93752577319587,10.203340206185567,0.0,60.6,85.0
2114,2020-06-30,34.78578431372549,67.41686274509803,9.511470588235294,0.0,60.6,85.0
2114,2020-07-01,34.9715306122449,66.45479591836734,11.306602040816326,0.0,60.6,85.0
2114,2020-07-02,35.0309375,67.14760416666667,11.629395833333334,0.0,60.6,85.0
2114,2020-07-03,34.57,67.64,12.273,0.0,60.6,85.0
2114,2020-07-04,34.963625,67.05237500000001,12.401287499999999,0.0,60.6,85.0
2114,2020-07-05,35.08,66.45267326732673,11.513287128712872,0.0,60.6,85.0
2114,2020-07-06,35.11141025641026,65.70961538461539,11.581423076923077,0.0,60.6,85.0
2114,2020-07-07,35.23030612244898,64.89071428571428,10.536785714285715,0.0,60.6,85.0
2114,2020-07-08,35.30929292929293,64.68474747474747,12.005555555555555,0.0,60.6,85.0
2114,2020-07-09,35.28381679389313,66.63229007633588,14.598458015267175,0.0,60.6,85.0
2114,2020-07-10,35.34838383838384,68.22626262626262,13.752262626262626,0.0,60.6,85.0
2114,2020-07-11,35.134499999999996,71.4879,8.005180000000001,0.0,60.6,85.0
2114,2020-07-12,35.29363636363637,76.66924242424243,5.328090909090909,0.0,60.6,85.0
2114,2020-07-20,35.266615384615385,75.08507692307693,27.13149230769231,0.0,60.6,85.0
2114,2020-07-21,34.88979797979798,73.3589898989899,25.512010101010098,0.0,60.6,85.0
2114,2020-07-22,34.724102564102566,71.4948717948718,25.344923076923077,0.0,60.6,85.0
2114,2020-07-23,35.476875,73.16875,25.126125000000002,0.0,60.6,85.0
2114,2020-07-24,35.201919191919195,70.96040404040404,24.330555555555556,0.0,60.6,85.0
2114,2020-07-25,35.03645161290322,70.44645161290323,23.826612903225808,0.0,60.6,85.0
2114,2020-07-26,34.947407407407404,70.02493827160494,23.352901234567902,0.0,60.6,85.0
2114,2020-07-27,35.2461,69.611,20.7137,0.0,60.6,85.0
2114,2020-07-28,35.101030927835055,71.08494845360825,18.853257731958763,0.0,60.6,85.0
2114,2020-07-29,35.09291666666667,70.03833333333334,19.969458333333332,0.0,60.6,85.0
2114,2020-07-31,35.01680412371134,69.52721649484536,1.197680412371134,0.0,60.6,85.0
2114,2020-08-01,34.980000000000004,69.41618181818181,3.7818636363636364,0.0,60.6,85.0
2114,2020-08-02,34.943,69.58500000000001,5.612,0.0,60.6,85.0
2114,2020-08-03,35.14897435897436,69.77692307692308,-4.299820512820513,0.0,60.6,85.0
2114,2020-08-04,35.05785714285714,69.11928571428571,-6.403368131868132,0.0,60.6,85.0
2114,2020-08-05,35.11316384180791,68.2564406779661,-5.888112994350282,0.0,60.6,85.0
2114,2020-08-06,35.08826086956522,67.758115942029,-3.849594202898551,0.0,60.6,85.0
2114,2020-08-07,35.08191489361702,67.83585106382978,-3.879787234042553,0.0,60.6,85.0
2114,2020-08-08,34.87854368932039,68.99747572815534,-0.6318737864077669,0.0,60.6,85.0
2114,2020-08-09,34.8825,72.06697368421052,21.957177631578947,0.0,60.6,85.0
2114,2020-08-10,34.92276785714286,71.91196428571429,23.056026785714288,0.0,60.6,85.0
2114,2020-08-11,35.15474820143885,70.81338129496403,-2.0645107913669065,0.0,60.6,85.0
2114,2020-08-12,35.0091103202847,71.06644128113878,-1.2355017793594305,0.0,60.6,85.0
2114,2020-08-13,34.96213114754099,70.58352459016393,3.1368032786885247,0.0,60.6,85.0
2114,2020-08-14,34.86457943925233,69.43514018691589,0.8110373831775701,0.0,60.6,85.0
2114,2020-08-15,34.741130952380956,68.83428571428571,-0.1801964285714286,0.0,60.6,85.0
2114,2020-08-16,34.87391812865497,67.89695906432748,6.4605263157894735,0.0,60.6,85.0
2114,2020-08-17,34.84703703703704,67.42438271604938,7.58287037037037,0.0,60.6,85.0
2114,2020-08-18,34.727515923566884,67.23821656050956,1.8697133757961784,0.0,60.6,85.0
2114,2020-08-19,34.66168,66.79608,-1.3313519999999999,0.0,60.6,85.0
2114,2020-08-20,34.62321266968326,66.28764705882352,0.25889140271493216,0.0,60.6,85.0
2114,2020-08-21,34.94888888888889,65.62522222222222,0.6146611111111111,0.0,60.6,85.0
2114,2020-08-22,35.003793103448274,65.43758620689655,-1.8006275862068966,0.0,60.6,85.0
2114,2020-08-23,34.92479768786127,73.51485549132948,-1.4973294797687862,0.0,60.6,85.0
2114,2020-08-24,34.727380952380955,76.80869047619048,-2.0847857142857142,0.0,60.6,85.0
2114,2020-08-25,34.7170243902439,75.706,-3.391141463414634,0.0,60.6,85.0
2114,2020-08-26,34.32945578231293,75.26469387755103,-6.408979591836735,0.0,60.6,85.0
2114,2020-08-27,34.09921052631579,73.96149122807019,-6.048114035087719,0.0,60.6,85.0
2114,2020-08-28,34.29080645161291,72.68403225806452,-3.7723225806451617,0.0,60.6,85.0
2114,2020-08-29,34.170839160839165,71.71587412587414,-6.010251748251748,0.0,60.6,85.0
2114,2020-08-30,33.946335877862595,71.95618320610687,-7.3885267175572515,0.0,60.6,85.0
2114,2020-08-31,34.05125748502994,71.7802994011976,-5.214892215568862,0.0,60.6,85.0
2114,2020-09-01,34.45487654320988,71.26487654320988,1.4889074074074073,0.0,60.6,85.0
2114,2020-09-02,34.22164634146342,74.17481707317073,1.7358963414634148,0.0,60.6,85.0
2114,2020-09-03,34.125611510791366,74.83798561151079,-2.3524460431654677,0.0,60.6,85.0
2114,2020-09-04,34.367218045112786,72.13511278195489,-1.8597142857142857,0.0,60.6,85.0
2114,2020-09-05,34.128882978723404,69.87324468085106,-3.1962393617021276,0.0,60.6,85.0
2114,2020-09-06,34.059034090909094,68.49255681818182,-2.8584886363636364,0.0,60.6,85.0
2114,2020-09-07,34.137499999999996,67.43641025641026,1.7228205128205127,0.0,60.6,85.0
2114,2020-09-08,34.3125,66.8011875,2.4383749999999997,0.0,60.6,85.0
2114,2020-09-09,34.06107142857143,66.44,-3.0288095238095236,0.0,60.6,85.0
2114,2020-09-10,33.399140625,66.3671875,-7.5555703124999996,0.0,60.6,85.0
2114,2020-09-11,33.41806201550388,65.59015503875969,-4.106806201550388,0.0,60.6,85.0
2114,2020-09-12,33.83975609756098,64.87121951219511,-1.3110853658536585,0.0,60.6,85.0
2114,2020-09-13,33.55852760736196,65.18276073619633,3.0113742331288345,0.0,60.6,85.0
2114,2020-09-14,33.576319444444444,65.44937499999999,-1.8767013888888888,0.0,60.6,85.0
2114,2020-09-15,33.04757575757576,65.84386363636364,-4.222924242424242,0.0,60.6,85.0
2114,2020-09-16,33.33123711340206,65.57474226804123,-3.8439690721649487,0.0,60.6,85.0
2114,2020-09-17,33.82279569892473,65.24666666666666,-0.34338709677419355,0.0,60.6,85.0
2114,2020-09-18,34.41652173913044,61.91597826086957,11.143847826086956,0.0,60.6,85.0
2114,2020-09-19,34.840736842105265,56.94136842105264,10.348431578947368,0.0,60.6,85.0
2114,2020-09-20,34.86626262626263,54.59838383838384,6.951444444444444,0.0,60.6,85.0
2114,2020-09-21,34.007551020408165,54.16387755102041,5.898367346938775,0.0,60.6,85.0
2114,2020-09-22,31.95319587628866,55.539381443298964,9.53458762886598,0.0,60.6,85.0
2114,2020-09-23,32.879583333333336,55.25020833333334,10.30215625,0.0,60.6,85.0
2114,2020-09-24,33.25928571428571,55.17234693877551,9.495469387755103,0.0,60.6,85.0
2114,2020-09-25,31.991770833333334,55.830625,6.881916666666666,0.0,60.6,85.0
2114,2020-09-26,31.999052631578945,55.57757894736842,4.564105263157894,0.0,60.6,85.0
2114,2020-09-27,33.26552083333333,55.767500000000005,7.501697916666667,0.0,60.6,85.0
2114,2020-09-28,33.07721649484536,56.922886597938145,5.877721649484537,0.0,60.6,85.0
2114,2020-09-29,32.94835051546392,57.7839175257732,1.7778041237113402,0.0,60.6,85.0
2114,2020-09-30,30.534752475247522,59.34158415841584,-5.410792079207921,0.0,60.6,85.0
2114,2020-10-01,28.36583333333333,60.099722222222226,-2.7496944444444447,0.0,60.6,85.0
2114,2020-10-02,25.23315217391304,61.31065217391304,-6.708108695652173,0.0,60.6,85.0
2114,2020-10-03,24.82448717948718,60.923974358974355,-4.580794871794872,0.0,60.6,85.0
2114,2020-10-04,24.177731958762884,60.66505154639175,-4.583350515463917,0.0,60.6,85.0
2114,2020-10-05,23.029558823529413,61.37264705882353,-7.098367647058824,0.0,60.6,85.0
2114,2020-10-06,25.826999999999998,61.467,1.1694,0.0,60.6,85.0
2114,2020-10-07,23.264166666666668,62.20541666666667,-4.259083333333334,0.0,60.6,85.0
2114,2020-10-08,20.89923076923077,63.25846153846154,-7.943923076923077,0.0,60.6,85.0
2114,2020-11-05,9.304929577464788,70.7469014084507,0.800380281690141,0.0,60.6,85.0
2123,2020-05-26,38.9,42.15,14.983,1.29,19.6,82.42
2123,2020-05-28,33.681,59.842999999999996,10.0315,1.29,19.6,82.42
2123,2020-05-29,36.833333333333336,53.82555555555555,-0.9778888888888889,1.29,19.6,82.42
2123,2020-05-30,31.233333333333334,66.51,-6.828500000000001,1.29,19.6,82.42
2123,2020-05-31,27.476,73.146,-7.146000000000001,1.29,19.6,82.42
2123,2020-06-01,29.061,69.446,-8.480599999999999,1.29,19.6,82.42
2123,2020-06-02,31.377391304347825,66.76217391304348,-7.2586956521739125,1.29,19.6,82.42
2123,2020-06-03,31.162,63.982000000000006,-7.3643,1.29,19.6,82.42
2123,2020-06-04,35.18628571428572,55.632285714285715,5.165057142857142,1.29,19.6,82.42
2123,2020-06-05,35.4158,54.923100000000005,3.2732,1.29,19.6,82.42
2123,2020-06-06,35.340267857142855,53.93642857142857,5.515357142857143,1.29,19.6,82.42
2123,2020-06-07,35.3254,52.5083,6.649220000000001,1.29,19.6,82.42
2123,2020-06-08,35.3571875,53.66729166666667,8.306927083333333,1.29,19.6,82.42
2123,2020-06-09,35.602444444444444,54.51711111111111,5.536477777777778,1.29,19.6,82.42
2123,2020-06-10,35.58851485148515,55.004851485148514,-3.6994950495049506,1.29,19.6,82.42
2123,2020-06-11,35.45339805825243,55.30194174757282,3.9967766990291262,1.29,19.6,82.42
2123,2020-06-12,35.43010204081633,57.05183673469388,5.274571428571429,1.29,19.6,82.42
2123,2020-06-13,35.27,57.8464705882353,4.490343137254902,1.29,19.6,82.42
2123,2020-06-14,35.403861386138615,58.75712871287129,0.457980198019802,1.29,19.6,82.42
2123,2020-06-15,35.434423076923075,58.43557692307692,1.854298076923077,1.29,19.6,82.42
2123,2020-06-16,35.488453608247426,58.53865979381443,5.812835051546392,1.29,19.6,82.42
2123,2020-06-17,35.52300970873786,57.986310679611655,7.843038834951456,1.29,19.6,82.42
2123,2020-06-18,35.52418367346939,57.484693877551024,9.856755102040816,1.29,19.6,82.42
2123,2020-06-19,35.48070707070707,56.47191919191919,10.606454545454545,1.29,19.6,82.42
2123,2020-06-20,35.35316326530612,56.619081632653064,9.487387755102041,1.29,19.6,82.42
2123,2020-06-21,35.32968421052632,58.165789473684214,10.015747368421053,1.29,19.6,82.42
2123,2020-06-22,35.310099009900995,59.78940594059406,9.462841584158415,1.29,19.6,82.42
2123,2020-06-23,35.53552083333333,60.97645833333333,10.849791666666667,1.29,19.6,82.42
2123,2020-06-24,35.57168316831683,62.408910891089114,5.827673267326733,1.29,19.6,82.42
2123,2020-06-25,35.5209375,62.30385416666667,9.674364583333334,1.29,19.6,82.42
2123,2020-06-26,35.304859813084114,61.89495327102804,8.45626168224299,1.29,19.6,82.42
2123,2020-06-27,35.31010416666667,61.73583333333334,8.694989583333333,1.29,19.6,82.42
2123,2020-06-28,35.294931506849316,62.170821917808226,9.193698630136986,1.29,19.6,82.42
2123,2020-06-29,35.20633333333333,63.16822222222223,7.919177777777778,1.29,19.6,82.42
2123,2020-06-30,35.18684210526316,63.728421052631575,8.06898947368421,1.29,19.6,82.42
2123,2020-07-01,35.22122807017544,64.26298245614035,8.625964912280702,1.29,19.6,82.42
2123,2020-07-07,35.1219512195122,60.97365853658537,11.943560975609756,1.29,19.6,82.42
2123,2020-07-08,35.21082474226804,61.5519587628866,12.447608247422682,1.29,19.6,82.42
2123,2020-07-09,35.37481481481482,62.983950617283945,12.791580246913579,1.29,19.6,82.42
2123,2020-07-14,35.40634482758621,63.56151724137931,8.796048275862068,1.29,19.6,82.42
2123,2020-07-15,35.34825242718446,60.86699029126214,7.025378640776699,1.29,19.6,82.42
2123,2020-07-16,35.346160714285716,59.496517857142855,8.093098214285714,1.29,19.6,82.42
2123,2020-07-17,35.35142857142857,59.44247619047619,9.13772380952381,1.29,19.6,82.42
2123,2020-07-18,35.28818181818182,59.541000000000004,8.8394,1.29,19.6,82.42
2123,2020-07-19,35.349375,61.00572916666667,9.857708333333333,1.29,19.6,82.42
2123,2020-07-20,35.505981308411215,63.09616822429906,10.968682242990653,1.29,19.6,82.42
2123,2020-07-21,35.73,63.88,9.267,1.29,19.6,82.42
2123,2020-07-23,35.297384615384615,63.93338461538462,1.6374461538461538,1.29,19.6,82.42
2123,2020-07-24,35.362376237623764,64.39069306930693,3.1412475247524756,1.29,19.6,82.42
2123,2020-07-25,35.36147368421053,64.15210526315789,0.6394210526315789,1.29,19.6,82.42
2123,2020-07-26,35.302571428571426,64.15857142857143,-4.486800000000001,1.29,19.6,82.42
2123,2020-07-27,35.36104761904762,64.21047619047619,-6.008866666666667,1.29,19.6,82.42
2123,2020-07-28,35.38191616766467,64.33395209580839,-7.320958083832335,1.29,19.6,82.42
2123,2020-07-29,35.389391304347825,64.94234782608696,-4.571026086956522,1.29,19.6,82.42
2123,2020-07-30,35.31093567251462,65.14672514619883,-6.400233918128655,1.29,19.6,82.42
2123,2020-07-31,35.28019230769231,65.01736263736264,-6.4742417582417575,1.29,19.6,82.42
2123,2020-08-01,35.263675213675214,64.9117094017094,-5.81691452991453,1.29,19.6,82.42
2123,2020-08-02,35.228,64.996,-7.3214461538461535,1.29,19.6,82.42
2123,2020-08-03,35.25,64.87974025974026,-6.675987012987013,1.29,19.6,82.42
2123,2020-08-04,34.46653846153846,65.6896153846154,-8.812615384615384,1.29,19.6,82.42
2123,2020-08-05,35.05536398467433,65.30662835249042,-6.151639846743295,1.29,19.6,82.42
2123,2020-08-06,35.08472222222222,63.75048611111111,-2.0052013888888887,1.29,19.6,82.42
2123,2020-08-07,35.27593103448276,63.327379310344824,-0.7078896551724138,1.29,19.6,82.42
2123,2020-08-08,35.16897435897436,64.14256410256411,-3.709538461538462,1.29,19.6,82.42
2123,2020-08-09,35.15649253731343,64.23977611940298,-4.640962686567164,1.29,19.6,82.42
2123,2020-08-10,35.15805970149254,64.44917910447762,-7.037731343283582,1.29,19.6,82.42
2123,2020-08-11,35.25190909090909,64.70945454545455,-7.513863636363636,1.29,19.6,82.42
2123,2020-08-12,34.99834437086093,65.92158940397351,-8.094271523178808,1.29,19.6,82.42
2123,2020-08-13,35.03330708661417,65.01220472440944,-8.23607874015748,1.29,19.6,82.42
2123,2020-08-14,34.76932038834952,63.42126213592233,-7.8841941747572815,1.29,19.6,82.42
2123,2020-08-15,34.89351851851852,61.69314814814815,-9.643925925925927,1.29,19.6,82.42
2123,2020-08-16,35.046229508196724,60.18382513661202,-8.8717131147541,1.29,19.6,82.42
2123,2020-08-17,34.90336065573771,61.01237704918033,-8.863024590163935,1.29,19.6,82.42
2123,2020-08-18,34.78208955223881,61.46507462686567,-7.039865671641791,1.29,19.6,82.42
2123,2020-08-19,34.78538888888889,61.39966666666667,-1.8802166666666669,1.29,19.6,82.42
2123,2020-08-20,34.99775641025641,60.86724358974358,-1.8970641025641026,1.29,19.6,82.42
2123,2020-08-21,35.09727272727273,62.541735537190085,-7.155289256198347,1.29,19.6,82.42
2123,2020-08-22,34.82384879725086,64.88539518900345,-9.317927835051545,1.29,19.6,82.42
2123,2020-08-23,34.774453781512605,65.179243697479,-8.732974789915966,1.29,19.6,82.42
2123,2020-08-24,34.57972222222222,65.07481481481481,-8.601398148148148,1.29,19.6,82.42
2123,2020-08-25,34.47372641509434,65.23476415094339,-8.374202830188679,1.29,19.6,82.42
2123,2020-08-26,34.610243902439024,64.15439024390244,-7.329585365853658,1.29,19.6,82.42
2123,2020-08-27,34.54543209876543,63.531111111111116,-1.9601975308641972,1.29,19.6,82.42
2123,2020-08-28,34.56157894736842,62.671578947368424,4.234736842105263,1.29,19.6,82.42
2123,2020-08-29,32.98023728813559,62.6575593220339,-3.767589830508475,1.29,19.6,82.42
2123,2020-08-30,26.358947368421052,62.49684210526316,-7.209368421052632,1.29,19.6,82.42
2123,2020-08-31,33.970338983050844,59.70457627118645,-6.552508474576271,1.29,19.6,82.42
2123,2020-09-02,32.48210526315789,62.93815789473685,-8.069342105263157,1.29,19.6,82.42
2123,2020-09-03,33.845238095238095,63.667904761904765,-5.777609523809524,1.29,19.6,82.42
2123,2020-09-04,33.970444444444446,63.39677777777778,-4.913055555555555,1.29,19.6,82.42
2123,2020-09-05,34.010799999999996,66.55199999999999,9.33728,1.29,19.6,82.42
2123,2020-09-06,33.92826446280991,73.2498347107438,23.314388429752068,1.29,19.6,82.42
2123,2020-09-07,33.002857142857145,75.23255102040817,23.578173469387757,1.29,19.6,82.42
2123,2020-09-08,33.68333333333334,78.33030303030303,24.067757575757575,1.29,19.6,82.42
2123,2020-09-09,32.310625,79.75937499999999,20.618708333333334,1.29,19.6,82.42
2123,2020-09-10,24.814,74.74962500000001,14.8077875,1.29,19.6,82.42
2123,2020-11-04,0.9732835820895521,73.76597014925373,-8.25897014925373,1.29,19.6,82.42
2123,2020-11-05,7.584479166666667,72.46145833333334,-5.969604166666667,1.29,19.6,82.42
2124,2020-05-26,36.065,47.92875,-7.13425,0.0,39.2,85.0
2124,2020-05-27,37.08777777777778,63.86666666666666,-10.0,0.0,39.2,85.0
2124,2020-05-28,32.42,69.41875,-10.0,0.0,39.2,85.0
2124,2020-05-29,31.299166666666668,70.05833333333334,-9.735916666666666,0.0,39.2,85.0
2124,2020-06-01,29.3975,73.37,-2.86975,0.0,39.2,85.0
2124,2020-06-02,35.61714285714286,61.39,-5.3745714285714286,0.0,39.2,85.0
2124,2020-06-03,33.223749999999995,59.0025,-4.909625,0.0,39.2,85.0
2124,2020-06-04,32.49947368421053,61.884473684210526,-5.0176842105263155,0.0,39.2,85.0
2124,2020-06-05,31.267628865979383,59.60319587628866,-3.398340206185567,0.0,39.2,85.0
2124,2020-06-06,30.020232558139533,61.745465116279064,-3.1895813953488377,0.0,39.2,85.0
2124,2020-06-07,30.15319587628866,64.50752577319587,-7.780082474226804,0.0,39.2,85.0
2124,2020-06-08,29.428800000000003,60.3244,-3.5325,0.0,39.2,85.0
2124,2020-06-09,31.279175257731957,56.94958762886598,-4.219257731958763,0.0,39.2,85.0
2124,2020-06-10,34.1939,50.788199999999996,-9.41831,0.0,39.2,85.0
2124,2020-06-11,34.3875,54.352,-9.71523,0.0,39.2,85.0
2124,2020-06-12,34.600550458715595,53.87770642201835,-9.686697247706421,0.0,39.2,85.0
2124,2020-06-13,34.52136752136752,50.63547008547009,-9.816666666666666,0.0,39.2,85.0
2124,2020-06-14,34.72069306930693,50.136237623762376,-9.607821782178217,0.0,39.2,85.0
2124,2020-06-15,35.01207920792079,49.03920792079208,-9.52068316831683,0.0,39.2,85.0
2124,2020-06-16,35.18794117647059,47.519215686274514,-7.165990196078432,0.0,39.2,85.0
2124,2020-06-17,35.21971428571429,47.26552380952381,-3.4639904761904763,0.0,39.2,85.0
2124,2020-06-18,35.368350515463916,48.0538144329897,-0.024216494845360807,0.0,39.2,85.0
2124,2020-06-19,35.424519230769235,50.12480769230769,1.074019230769231,0.0,39.2,85.0
2124,2020-06-20,35.28408163265306,51.630306122448985,0.5401428571428571,0.0,39.2,85.0
2124,2020-06-21,35.348247422680416,53.506907216494845,-1.677556701030928,0.0,39.2,85.0
2124,2020-06-22,35.464948453608244,56.124226804123715,-2.09059793814433,0.0,39.2,85.0
2124,2020-06-23,35.44959183673469,57.21642857142857,-5.422132653061225,0.0,39.2,85.0
2124,2020-06-24,35.173368421052636,58.91410526315789,-8.798873684210527,0.0,39.2,85.0
2124,2020-06-25,35.0818,56.8703,-9.101799999999999,0.0,39.2,85.0
2124,2020-06-26,35.11790476190476,55.61742857142857,-7.397628571428571,0.0,39.2,85.0
2124,2020-06-27,35.02077669902913,56.32048543689321,-5.790495145631068,0.0,39.2,85.0
2124,2020-06-28,35.13515463917526,56.62247422680412,-5.709639175257732,0.0,39.2,85.0
2124,2020-06-29,35.03683673469388,57.55806122448979,-4.015683673469388,0.0,39.2,85.0
2124,2020-06-30,34.92727272727273,58.280454545454546,-3.417897727272727,0.0,39.2,85.0
2124,2020-07-01,34.99239583333333,59.116770833333334,-1.5900833333333333,0.0,39.2,85.0
2124,2020-07-02,34.896185567010306,60.33711340206185,0.009185567010309297,0.0,39.2,85.0
2124,2020-07-03,34.86350877192982,59.81421052631579,-0.6109298245614037,0.0,39.2,85.0
2124,2020-07-04,34.906875,54.96875,-1.4304375,0.0,39.2,85.0
2124,2020-07-05,34.91978947368421,55.304210526315785,0.059715789473684194,0.0,39.2,85.0
2124,2020-07-06,34.970681818181816,55.05863636363636,-3.297306818181818,0.0,39.2,85.0
2124,2020-07-07,35.059411764705885,55.01372549019607,-2.3839901960784315,0.0,39.2,85.0
2124,2020-07-08,35.21032967032967,56.58186813186813,-3.1500879120879124,0.0,39.2,85.0
2124,2020-07-09,35.30927152317881,58.84966887417218,0.7431854304635762,0.0,39.2,85.0
2124,2020-07-10,35.507684210526314,60.862631578947365,2.7449999999999997,0.0,39.2,85.0
2124,2020-07-11,35.3760576923077,61.231634615384614,0.5693846153846154,0.0,39.2,85.0
2124,2020-07-12,35.36432432432432,60.619369369369366,-3.452495495495495,0.0,39.2,85.0
2124,2020-07-13,35.241981981981986,59.692432432432426,-2.449126126126126,0.0,39.2,85.0
2124,2020-07-14,35.15238709677419,59.79954838709678,-2.0545548387096777,0.0,39.2,85.0
2124,2020-07-15,35.17142857142857,57.69031055900621,-4.13711801242236,0.0,39.2,85.0
2124,2020-07-16,34.95661971830986,59.39239436619718,0.9331408450704227,0.0,39.2,85.0
2124,2020-07-17,34.8582905982906,60.55435897435897,-1.1103589743589743,0.0,39.2,85.0
2124,2020-07-18,35.18992307692307,59.35223076923077,0.40836923076923076,0.0,39.2,85.0
2124,2020-07-19,35.07742857142857,62.01742857142857,3.4633238095238097,0.0,39.2,85.0
2124,2020-07-20,35.1515,62.92342857142857,0.4589428571428571,0.0,39.2,85.0
2124,2020-07-21,35.07296551724138,61.32055172413793,-2.348648275862069,0.0,39.2,85.0
2124,2020-07-22,35.05105263157895,60.392105263157895,2.152812030075188,0.0,39.2,85.0
2124,2020-07-23,35.13881188118812,61.20415841584158,2.320118811881188,0.0,39.2,85.0
2124,2020-07-24,35.24875,61.04817307692308,-2.593182692307692,0.0,39.2,85.0
2124,2020-07-25,35.02903846153846,61.144999999999996,0.12776923076923075,0.0,39.2,85.0
2124,2020-07-26,34.97878787878788,61.61939393939394,-1.146808080808081,0.0,39.2,85.0
2124,2020-07-27,35.2622480620155,60.89635658914729,-0.9657131782945736,0.0,39.2,85.0
2124,2020-07-28,35.25658536585366,61.22439024390244,-0.49978861788617884,0.0,39.2,85.0
2124,2020-07-29,35.22107438016529,61.17603305785124,0.2811900826446281,0.0,39.2,85.0
2124,2020-07-30,34.92621951219512,60.60219512195122,-0.775829268292683,0.0,39.2,85.0
2124,2020-07-31,34.96565789473684,59.71618421052632,-1.145171052631579,0.0,39.2,85.0
2124,2020-08-01,34.94279069767442,60.39406976744186,0.34981395348837213,0.0,39.2,85.0
2124,2020-08-02,34.82944444444444,60.93472222222223,-1.2180555555555557,0.0,39.2,85.0
2124,2020-08-03,34.906486486486486,61.41175675675676,-7.703878378378378,0.0,39.2,85.0
2124,2020-08-04,34.95660130718954,58.57104575163399,-7.686006535947713,0.0,39.2,85.0
2124,2020-08-05,34.95980769230769,57.73775641025641,-7.691179487179488,0.0,39.2,85.0
2124,2020-08-06,34.79170731707317,56.20006097560975,-7.265353658536585,0.0,39.2,85.0
2124,2020-08-07,34.612971428571434,58.581714285714284,-10.0,0.0,39.2,85.0
2124,2020-08-08,34.75990566037736,58.926509433962266,-9.97943396226415,0.0,39.2,85.0
2124,2020-08-09,34.70595744680851,59.081702127659575,-10.0,0.0,39.2,85.0
2124,2020-08-10,34.557945945945946,60.38383783783784,-10.0,0.0,39.2,85.0
2124,2020-08-11,34.929,61.507200000000005,-9.92022,0.0,39.2,85.0
2124,2020-08-12,34.73389705882353,63.642132352941175,-10.0,0.0,39.2,85.0
2124,2020-08-13,34.695757575757575,61.90159090909091,-9.995401515151515,0.0,39.2,85.0
2124,2020-08-14,34.61485981308411,60.12392523364486,-9.991,0.0,39.2,85.0
2124,2020-08-15,34.432480000000005,58.1668,-9.531263999999998,0.0,39.2,85.0
2124,2020-08-16,34.53865771812081,57.34442953020134,-9.780677852348992,0.0,39.2,85.0
2124,2020-08-17,34.45798742138365,58.77522012578616,-9.279584905660377,0.0,39.2,85.0
2124,2020-08-18,34.238615384615386,59.281076923076924,-9.868961538461537,0.0,39.2,85.0
2124,2020-08-19,34.19652892561983,57.910991735537195,-9.289198347107437,0.0,39.2,85.0
2124,2020-08-20,34.23171974522293,63.823439490445864,-8.626828025477707,0.0,39.2,85.0
2124,2020-08-21,34.22401098901099,70.9443956043956,5.162708791208791,0.0,39.2,85.0
2124,2020-08-22,34.081783439490444,68.6208280254777,8.575242038216562,0.0,39.2,85.0
2124,2020-08-23,34.06492957746479,73.47478873239437,14.336316901408452,0.0,39.2,85.0
2124,2020-08-24,34.13918918918919,74.46033783783783,13.054891891891891,0.0,39.2,85.0
2124,2020-08-25,34.1428125,67.46010416666667,-9.873572916666665,0.0,39.2,85.0
2124,2020-08-26,33.35650684931507,61.9517808219178,-8.508828767123287,0.0,39.2,85.0
2124,2020-08-27,33.27352380952381,58.59009523809524,-9.347857142857142,0.0,39.2,85.0
2124,2020-08-28,33.90859154929578,56.50683098591549,-9.842845070422536,0.0,39.2,85.0
2124,2020-08-29,33.726513157894736,55.97440789473685,-9.94775,0.0,39.2,85.0
2124,2020-08-30,33.56948051948052,55.95116883116883,-9.71212987012987,0.0,39.2,85.0
2124,2020-08-31,33.77311377245509,55.55976047904191,-9.637089820359282,0.0,39.2,85.0
2124,2020-09-01,34.034800000000004,56.31514285714285,-9.604508571428571,0.0,39.2,85.0
2124,2020-09-02,33.8635593220339,57.89584745762712,-9.963974576271186,0.0,39.2,85.0
2124,2020-09-03,33.739854014598535,57.6307299270073,-9.908357664233575,0.0,39.2,85.0
2124,2020-09-04,33.991832061068706,57.15557251908397,-8.769862595419848,0.0,39.2,85.0
2124,2020-09-05,33.76413145539906,56.143427230046946,-8.348028169014086,0.0,39.2,85.0
2124,2020-09-06,33.638333333333335,55.71351190476191,-6.059166666666667,0.0,39.2,85.0
2124,2020-09-07,33.70622950819672,56.35098360655738,-6.088841530054645,0.0,39.2,85.0
2124,2020-09-08,33.93435064935065,58.10272727272727,-8.165110389610389,0.0,39.2,85.0
2124,2020-09-09,33.56809210526316,58.143157894736845,-8.289263157894737,0.0,39.2,85.0
2124,2020-09-10,32.8296,57.5568,-8.006184000000001,0.0,39.2,85.0
2124,2020-09-11,33.040522388059706,56.98910447761194,-7.547358208955224,0.0,39.2,85.0
2124,2020-09-12,33.39068965517241,56.82994252873563,-4.571563218390804,0.0,39.2,85.0
2124,2020-09-13,32.56537414965986,61.788163265306125,4.386530612244898,0.0,39.2,85.0
2124,2020-09-14,32.769558011049725,73.71718232044199,15.160414364640884,0.0,39.2,85.0
2124,2020-09-15,31.151258741258744,74.35993006993006,14.720272727272725,0.0,39.2,85.0
2124,2020-09-16,31.685918367346936,73.92214285714286,15.297295918367347,0.0,39.2,85.0
2124,2020-09-17,31.962736842105265,69.566,20.151684210526316,0.0,39.2,85.0
2124,2020-09-18,34.4568,53.9268,29.866999999999997,0.0,39.2,85.0
2124,2020-09-19,34.48715789473684,60.89494736842106,27.785652631578948,0.0,39.2,85.0
2124,2020-09-20,32.98505154639175,60.822886597938144,25.954979381443298,0.0,39.2,85.0
2124,2020-09-21,30.518387096774195,60.44989247311828,28.422494623655915,0.0,39.2,85.0
2124,2020-09-22,30.852333333333334,55.044111111111114,18.544244444444445,0.0,39.2,85.0
2124,2020-09-23,31.84021052631579,48.35284210526315,13.401947368421052,0.0,39.2,85.0
2124,2020-09-24,30.97489795918367,46.442244897959185,13.273397959183672,0.0,39.2,85.0
2124,2020-09-25,28.849,44.6205,9.9236,0.0,39.2,85.0
2124,2020-09-26,30.047083333333333,43.30802083333333,11.048552083333334,0.0,39.2,85.0
2124,2020-09-27,31.823673469387753,43.912551020408166,13.020510204081633,0.0,39.2,85.0
2124,2020-09-28,29.25059405940594,45.853960396039604,9.256346534653465,0.0,39.2,85.0
2124,2020-09-29,27.50673913043478,48.15336956521739,5.180467391304348,0.0,39.2,85.0
2124,2020-09-30,23.03,50.99048543689321,0.3270097087378641,0.0,39.2,85.0
2124,2020-10-01,21.68075,52.21325,3.066225,0.0,39.2,85.0
2124,2020-10-02,20.01585106382979,53.72234042553191,1.124404255319149,0.0,39.2,85.0
2124,2020-10-03,18.638571428571428,54.768051948051955,2.710090909090909,0.0,39.2,85.0
2124,2020-10-04,17.237604166666667,55.1528125,1.22034375,0.0,39.2,85.0
2124,2020-10-05,19.06173469387755,55.87959183673469,-1.0035204081632654,0.0,39.2,85.0
2124,2020-10-06,18.509278350515466,57.66907216494845,-2.2693298969072164,0.0,39.2,85.0
2124,2020-10-07,17.62979381443299,59.74123711340206,-7.069329896907217,0.0,39.2,85.0
2124,2020-10-08,16.100315789473683,62.44663157894737,-2.2777052631578947,0.0,39.2,85.0
2124,2020-10-09,13.40093023255814,64.01174418604651,-1.100453488372093,0.0,39.2,85.0
2124,2020-10-10,17.21594936708861,63.43632911392405,-4.842025316455696,0.0,39.2,85.0
2124,2020-10-11,17.63531914893617,65.78670212765957,-2.743382978723404,0.0,39.2,85.0
2124,2020-10-12,13.278783783783783,67.22743243243244,-2.753824324324324,0.0,39.2,85.0
2124,2020-10-13,11.91125,67.78613636363637,-6.429147727272727,0.0,39.2,85.0
2124,2020-10-14,13.933684210526316,67.13547368421052,-6.729494736842105,0.0,39.2,85.0
2124,2020-10-15,13.7103488372093,68.53872093023256,-4.033523255813953,0.0,39.2,85.0
2124,2020-10-16,15.187263157894737,69.55642105263158,-8.991547368421053,0.0,39.2,85.0
2124,2020-10-17,12.350957446808511,71.24351063829788,-8.225,0.0,39.2,85.0
2124,2020-10-18,9.86949494949495,72.70343434343435,-2.6006464646464647,0.0,39.2,85.0
2124,2020-10-19,13.197659574468084,72.21659574468084,-8.636829787234042,0.0,39.2,85.0
2124,2020-11-05,8.870919540229885,73.93735632183908,3.489448275862069,0.0,39.2,85.0
2126,2020-10-20,21.18,45.845,12.434000000000001,0.0,25.0,85.0
2127,2020-11-03,29.779090909090908,52.95636363636363,6.382181818181819,0.0,25.0,85.0
2128,2020-05-26,37.2,44.875,13.1045,0.0,30.2,85.0
2128,2020-05-28,33.39333333333334,52.10333333333333,1.377,0.0,30.2,85.0
2128,2020-05-29,36.121428571428574,48.80142857142857,-6.326428571428572,0.0,30.2,85.0
2128,2020-05-30,31.155,56.6775,-10.0,0.0,30.2,85.0
2128,2020-05-31,27.224545454545456,54.21818181818182,-9.610727272727273,0.0,30.2,85.0
2128,2020-06-01,29.881666666666664,57.13166666666666,-9.899166666666666,0.0,30.2,85.0
2128,2020-06-02,32.717777777777776,52.55944444444444,-9.048555555555556,0.0,30.2,85.0
2128,2020-06-03,29.305555555555557,54.614444444444445,-9.168444444444443,0.0,30.2,85.0
2128,2020-06-04,33.13742857142857,49.257714285714286,-9.6662,0.0,30.2,85.0
2128,2020-06-05,32.1684,50.0354,-9.03297,0.0,30.2,85.0
2128,2020-06-06,29.215670103092783,52.99948453608247,-9.906855670103093,0.0,30.2,85.0
2128,2020-06-07,29.4434,58.907399999999996,-10.0,0.0,30.2,85.0
2128,2020-06-08,31.277500000000003,53.07836956521739,-9.87782608695652,0.0,30.2,85.0
2128,2020-06-09,31.585454545454546,48.98717171717171,-6.070414141414141,0.0,30.2,85.0
2128,2020-06-10,32.09576923076923,50.38682692307692,-1.3641826923076923,0.0,30.2,85.0
2128,2020-06-11,35.12656565656566,50.87616161616162,-1.9787171717171717,0.0,30.2,85.0
2128,2020-06-12,34.7409,50.5387,-2.2736099999999997,0.0,30.2,85.0
2128,2020-06-13,34.83357142857143,49.97316326530612,1.778734693877551,0.0,30.2,85.0
2128,2020-06-14,35.06361111111111,51.84027777777778,-3.918527777777778,0.0,30.2,85.0
2128,2020-06-15,35.205104166666665,53.81145833333333,-1.4395208333333331,0.0,30.2,85.0
2128,2020-06-16,35.34910891089109,54.221584158415844,2.0763168316831684,0.0,30.2,85.0
2128,2020-06-17,35.44336538461538,54.71317307692308,4.9781538461538455,0.0,30.2,85.0
2128,2020-06-18,35.57,55.40737373737374,7.756343434343435,0.0,30.2,85.0
2128,2020-06-19,35.46693069306931,56.06930693069307,8.336336633663366,0.0,30.2,85.0
2128,2020-06-20,35.423131313131314,56.952222222222225,7.071535353535354,0.0,30.2,85.0
2128,2020-06-21,35.438969072164944,57.825463917525774,6.468082474226804,0.0,30.2,85.0
2128,2020-06-22,35.36795918367347,59.6665306122449,8.302132653061225,0.0,30.2,85.0
2128,2020-06-23,35.63224489795918,61.65765306122449,9.87341836734694,0.0,30.2,85.0
2128,2020-06-24,35.48484536082474,64.67989690721649,3.1937731958762887,0.0,30.2,85.0
2128,2020-06-25,35.557291666666664,64.8171875,3.6887395833333336,0.0,30.2,85.0
2128,2020-06-26,35.241743119266054,65.42724770642202,7.606853211009175,0.0,30.2,85.0
2128,2020-06-27,35.20510204081633,65.84061224489795,7.756418367346939,0.0,30.2,85.0
2128,2020-06-28,34.96351351351352,66.74567567567568,8.951594594594594,0.0,30.2,85.0
2128,2020-06-29,35.09351063829787,67.29521276595744,7.324808510638298,0.0,30.2,85.0
2128,2020-06-30,35.08762886597938,67.59237113402062,7.735783505154639,0.0,30.2,85.0
2128,2020-07-01,35.006067415730335,67.39629213483147,9.495943820224719,0.0,30.2,85.0
2128,2020-07-04,34.922448979591834,69.98346938775511,9.177102040816326,0.0,30.2,85.0
2128,2020-07-05,35.058350515463914,69.17711340206186,2.4004845360824745,0.0,30.2,85.0
2128,2020-07-06,34.83404255319149,68.69702127659575,6.638787234042554,0.0,30.2,85.0
2128,2020-07-07,34.92767676767677,68.83474747474747,1.2933737373737373,0.0,30.2,85.0
2128,2020-07-08,35.10241071428571,68.97901785714285,3.724366071428572,0.0,30.2,85.0
2128,2020-07-09,35.4475,69.085,10.112447916666666,0.0,30.2,85.0
2128,2020-07-10,35.46738738738739,69.43252252252252,8.23154954954955,0.0,30.2,85.0
2128,2020-07-11,35.33583333333333,69.49787037037036,2.910740740740741,0.0,30.2,85.0
2128,2020-07-12,35.592935779816514,71.31788990825687,2.107321100917431,0.0,30.2,85.0
2128,2020-07-13,35.37113636363636,71.22507575757575,4.939068181818182,0.0,30.2,85.0
2128,2020-07-14,35.263649635036494,70.15175182481751,4.228175182481752,0.0,30.2,85.0
2128,2020-07-15,35.23941747572815,67.31776699029126,3.8306796116504853,0.0,30.2,85.0
2128,2020-07-16,35.06181818181818,66.8740404040404,3.7034545454545453,0.0,30.2,85.0
2128,2020-07-17,35.132636363636365,66.81681818181819,5.776345454545455,0.0,30.2,85.0
2128,2020-07-18,35.34991228070175,66.67140350877193,9.913228070175439,0.0,30.2,85.0
2128,2020-07-19,35.1153125,68.73125,6.850281249999999,0.0,30.2,85.0
2128,2020-07-20,35.34451612903226,70.57322580645162,8.912516129032259,0.0,30.2,85.0
2128,2020-07-21,35.277070707070706,69.91010101010102,0.12667676767676764,0.0,30.2,85.0
2128,2020-07-22,35.15127450980392,69.74754901960785,-1.2138333333333333,0.0,30.2,85.0
2128,2020-07-23,35.09169811320755,70.18075471698113,-1.1788301886792454,0.0,30.2,85.0
2128,2020-07-24,35.09271186440677,69.70864406779661,-1.6411525423728814,0.0,30.2,85.0
2128,2020-07-25,35.07728155339806,68.53902912621359,-1.102650485436893,0.0,30.2,85.0
2128,2020-07-26,35.099636363636364,67.90409090909091,-3.373290909090909,0.0,30.2,85.0
2128,2020-07-27,35.174740740740745,68.02755555555555,-2.1643481481481484,0.0,30.2,85.0
2128,2020-07-28,35.304779411764706,68.81169117647059,3.1969999999999996,0.0,30.2,85.0
2128,2020-07-29,35.20776119402985,68.55671641791045,5.3347089552238804,0.0,30.2,85.0
2128,2020-07-30,35.063027522935776,68.94385321100917,5.637311926605505,0.0,30.2,85.0
2128,2020-07-31,35.15914893617021,68.62691489361703,3.7304893617021277,0.0,30.2,85.0
2128,2020-08-01,35.06770642201835,69.05990825688073,3.6539449541284403,0.0,30.2,85.0
2128,2020-08-02,35.03376811594203,69.28159420289856,1.8105797101449277,0.0,30.2,85.0
2128,2020-08-03,35.21191304347826,68.91486956521739,-5.871834782608695,0.0,30.2,85.0
2128,2020-08-04,34.82431372549019,67.26503267973855,-9.966359477124183,0.0,30.2,85.0
2128,2020-08-05,34.777901234567906,66.90234567901234,-10.0,0.0,30.2,85.0
2128,2020-08-06,34.64831325301205,64.69771084337349,-10.0,0.0,30.2,85.0
2128,2020-08-07,34.72560975609756,63.8479674796748,-9.976495934959349,0.0,30.2,85.0
2128,2020-08-08,34.75050724637681,64.72188405797102,-9.927123188405798,0.0,30.2,85.0
2128,2020-08-09,34.66585492227979,63.99326424870467,-9.983917098445596,0.0,30.2,85.0
2128,2020-08-10,34.7235446685879,63.76740634005764,-9.884406340057637,0.0,30.2,85.0
2128,2020-08-11,34.73932330827068,64.04518796992481,-8.164582706766918,0.0,30.2,85.0
2128,2020-08-12,34.7039,65.7302,-5.105300000000001,0.0,30.2,85.0
2128,2020-08-13,34.98422535211268,65.89169014084507,-6.665859154929578,0.0,30.2,85.0
2128,2020-08-14,34.66577586206897,66.04396551724139,-6.16376724137931,0.0,30.2,85.0
2128,2020-08-15,34.7894776119403,65.60350746268658,-4.4582313432835825,0.0,30.2,85.0
2128,2020-08-16,34.87718954248366,65.51202614379085,-4.885516339869281,0.0,30.2,85.0
2128,2020-08-17,34.76917910447761,66.11067164179104,-4.257805970149254,0.0,30.2,85.0
2128,2020-08-18,34.73862903225807,66.20806451612903,-6.537298387096774,0.0,30.2,85.0
2128,2020-08-19,34.72194968553459,65.37018867924529,-4.313899371069182,0.0,30.2,85.0
2128,2020-08-20,34.697051282051284,64.39865384615385,-4.347217948717949,0.0,30.2,85.0
2128,2020-08-21,34.791250000000005,64.1030625,-9.431962500000001,0.0,30.2,85.0
2128,2020-08-22,34.76673758865248,64.05709219858156,-9.37904964539007,0.0,30.2,85.0
2128,2020-08-23,34.61987012987013,64.87175324675324,-8.348701298701299,0.0,30.2,85.0
2128,2020-08-24,34.652875816993465,65.17490196078431,-7.537601307189542,0.0,30.2,85.0
2128,2020-08-25,34.62436464088398,65.16447513812155,-6.837436464088398,0.0,30.2,85.0
2128,2020-08-26,34.46335329341317,64.46,-4.443670658682635,0.0,30.2,85.0
2128,2020-08-27,34.31727272727273,62.93354545454545,-4.507181818181818,0.0,30.2,85.0
2128,2020-08-28,34.350390625,63.028046875,2.58234375,0.0,30.2,85.0
2128,2020-08-29,34.19583333333333,64.24493055555556,5.858444444444444,0.0,30.2,85.0
2128,2020-08-30,34.19576923076923,64.73253846153845,0.7051923076923077,0.0,30.2,85.0
2128,2020-08-31,34.17383838383839,63.506565656565655,0.18926262626262624,0.0,30.2,85.0
2128,2020-09-01,34.28118055555555,63.94020833333333,6.252173611111111,0.0,30.2,85.0
2128,2020-09-02,34.14368,64.89776,0.7504,0.0,30.2,85.0
2128,2020-09-03,34.26932038834952,64.26242718446602,-6.261766990291262,0.0,30.2,85.0
2128,2020-09-04,34.2681512605042,64.03512605042017,0.47317647058823536,0.0,30.2,85.0
2128,2020-09-05,34.212315789473685,64.11431578947368,4.123315789473684,0.0,30.2,85.0
2128,2020-09-06,33.937714285714286,64.95457142857143,7.544676190476191,0.0,30.2,85.0
2128,2020-09-07,33.69068965517241,65.6068103448276,10.424155172413792,0.0,30.2,85.0
2128,2020-09-08,33.925000000000004,66.10755102040817,7.568061224489796,0.0,30.2,85.0
2128,2020-09-09,33.68372340425532,66.52478723404255,3.7997446808510635,0.0,30.2,85.0
2128,2020-11-04,5.383114754098361,74.75098360655738,-0.06639344262295083,0.0,30.2,85.0
2128,2020-11-05,8.205416666666666,71.78770833333333,-2.8708229166666666,0.0,30.2,85.0
2129,2020-05-28,36.96,44.36,-0.883,0.0,61.2,85.0
2129,2020-05-31,30.329090909090908,52.13272727272727,-9.764,0.0,61.2,85.0
2129,2020-06-01,32.72857142857143,50.30714285714286,-7.457571428571429,0.0,61.2,85.0
2129,2020-06-03,31.53625,40.4625,-10.0,0.0,61.2,85.0
2129,2020-06-04,33.462857142857146,43.561190476190475,-9.888047619047619,0.0,61.2,85.0
2129,2020-06-05,33.17302325581395,45.39848837209302,-9.833697674418604,0.0,61.2,85.0
2129,2020-06-06,32.638453608247424,46.88690721649484,-9.879340206185567,0.0,61.2,85.0
2129,2020-06-07,34.52452830188679,51.32056603773585,-9.828160377358492,0.0,61.2,85.0
2129,2020-06-08,34.75767676767676,50.030808080808086,-9.691222222222223,0.0,61.2,85.0
2129,2020-06-09,34.843333333333334,49.20666666666666,-9.487058823529411,0.0,61.2,85.0
2129,2020-06-10,34.80091836734694,49.76816326530612,-9.744683673469389,0.0,61.2,85.0
2129,2020-06-11,34.805773195876284,50.86659793814433,-9.962412371134022,0.0,61.2,85.0
2129,2020-06-12,34.97030612244898,51.235,-9.614132653061224,0.0,61.2,85.0
2129,2020-06-13,34.738613861386135,50.61683168316832,-9.911534653465347,0.0,61.2,85.0
2129,2020-06-14,34.896039603960396,50.364356435643565,-9.824029702970297,0.0,61.2,85.0
2129,2020-06-15,35.02459183673469,49.74326530612245,-9.858428571428572,0.0,61.2,85.0
2129,2020-06-16,35.05050505050505,50.52262626262626,-9.496242424242425,0.0,61.2,85.0
2129,2020-06-17,35.139489795918365,51.83163265306123,-9.135061224489796,0.0,61.2,85.0
2129,2020-06-18,35.07711538461538,53.8025,-9.125865384615384,0.0,61.2,85.0
2129,2020-07-05,34.773783783783784,56.34918918918919,9.788756756756756,0.0,61.2,85.0
2129,2020-07-06,34.7156,55.2061,8.88984,0.0,61.2,85.0
2129,2020-07-07,34.87674157303371,56.72910112359551,7.057988764044943,0.0,61.2,85.0
2129,2020-07-08,34.64219512195122,60.326097560975604,3.6357560975609755,0.0,61.2,85.0
2129,2020-09-16,30.0705,59.4575,-9.48555,0.0,61.2,85.0
2129,2020-09-17,31.891650485436895,58.513689320388345,3.0142038834951457,0.0,61.2,85.0
2129,2020-09-18,33.869873417721514,52.22037974683544,11.529379746835444,0.0,61.2,85.0
2129,2020-09-19,33.39387096774194,47.84548387096774,10.726467741935485,0.0,61.2,85.0
2129,2020-09-20,31.826732673267326,48.66980198019802,9.639188118811882,0.0,61.2,85.0
2129,2020-09-21,29.9827,49.56100000000001,8.77936,0.0,61.2,85.0
2129,2020-09-22,27.72020618556701,49.03371134020619,5.394154639175257,0.0,61.2,85.0
2129,2020-09-23,28.730729166666666,45.851875,11.216510416666667,0.0,61.2,85.0
2129,2020-09-24,29.5372,45.532,12.73305,0.0,61.2,85.0
2129,2020-09-25,27.559299999999997,45.157700000000006,12.75885,0.0,61.2,85.0
2129,2020-09-26,28.83764705882353,46.83725490196078,9.973068627450981,0.0,61.2,85.0
2129,2020-09-27,26.678297872340426,50.36989361702128,10.333446808510638,0.0,61.2,85.0
2129,2020-09-28,27.610210526315786,52.689578947368425,8.041842105263159,0.0,61.2,85.0
2129,2020-09-29,28.654946236559137,54.69021505376344,6.8133333333333335,0.0,61.2,85.0
2129,2020-09-30,26.57292929292929,56.9429292929293,-2.5634747474747472,0.0,61.2,85.0
2129,2020-10-01,25.59972602739726,58.62178082191781,-2.2588356164383563,0.0,61.2,85.0
2129,2020-10-02,23.333333333333332,60.017500000000005,-2.789229166666667,0.0,61.2,85.0
2129,2020-10-03,20.355394736842104,61.291447368421046,-0.11347368421052635,0.0,61.2,85.0
2129,2020-10-04,19.65030612244898,62.464285714285715,2.472530612244898,0.0,61.2,85.0
2129,2020-10-05,20.36703296703297,63.745054945054946,2.552791208791209,0.0,61.2,85.0
2129,2020-10-06,22.75551020408163,66.12183673469387,-1.5675102040816324,0.0,61.2,85.0
2129,2020-10-07,21.298613861386137,68.13663366336634,-5.576564356435644,0.0,61.2,85.0
2129,2020-10-08,19.391313131313133,69.5939393939394,-3.3025151515151516,0.0,61.2,85.0
2129,2020-10-09,16.791914893617022,70.51340425531914,-2.0204999999999997,0.0,61.2,85.0
2129,2020-10-10,21.449673913043476,68.42815217391305,-3.0771413043478257,0.0,61.2,85.0
2129,2020-10-11,19.387234042553192,69.4459574468085,-2.287223404255319,0.0,61.2,85.0
2129,2020-10-12,16.397777777777776,70.22402777777778,-3.425138888888889,0.0,61.2,85.0
2129,2020-10-13,17.16483870967742,70.8178494623656,-4.886344086021506,0.0,61.2,85.0
2129,2020-10-14,19.484565217391303,70.20532608695653,-2.863967391304348,0.0,61.2,85.0
2129,2020-10-15,17.41703125,71.31234375,-4.13025,0.0,61.2,85.0
2129,2020-10-17,17.75195652173913,72.34086956521739,-1.2524347826086957,0.0,61.2,85.0
2129,2020-10-18,16.2181914893617,73.67021276595744,-4.388999999999999,0.0,61.2,85.0
2129,2020-10-19,19.254395604395604,72.74945054945054,-3.6352417582417584,0.0,61.2,85.0
2129,2020-11-05,11.280990990990992,68.52486486486487,2.314657657657657,0.0,61.2,85.0
2130,2020-05-26,34.96,40.96846153846154,-1.4393846153846153,1.14,36.2,82.72
2130,2020-05-27,33.50333333333333,51.40333333333333,-9.853666666666667,1.14,36.2,82.72
2130,2020-05-28,33.35,50.73,-7.957,1.14,36.2,82.72
2130,2020-05-29,32.308,52.93300000000001,-10.0,1.14,36.2,82.72
2130,2020-05-30,32.285,55.54,-10.0,1.14,36.2,82.72
2130,2020-05-31,26.255555555555556,72.36888888888888,-10.0,1.14,36.2,82.72
2130,2020-06-01,28.16125,69.22874999999999,-10.0,1.14,36.2,82.72
2130,2020-06-02,31.292666666666666,62.32333333333334,-9.942533333333333,1.14,36.2,82.72
2130,2020-06-03,29.15391304347826,66.42782608695651,-10.0,1.14,36.2,82.72
2130,2020-06-04,31.090810810810808,63.18864864864865,-10.0,1.14,36.2,82.72
2130,2020-06-05,29.491500000000002,63.8008,-9.82077,1.14,36.2,82.72
2130,2020-06-06,24.248979591836736,61.09183673469388,-10.0,1.14,36.2,82.72
2130,2020-06-07,27.595858585858583,64.8229292929293,-10.0,1.14,36.2,82.72
2130,2020-06-08,28.550306122448976,62.206326530612245,-9.997071428571429,1.14,36.2,82.72
2130,2020-06-09,30.43138888888889,58.20648148148148,-7.573166666666667,1.14,36.2,82.72
2130,2020-06-10,33.81686868686869,52.55121212121212,-7.2267373737373735,1.14,36.2,82.72
2130,2020-06-11,34.32843137254902,48.13833333333333,-7.123598039215686,1.14,36.2,82.72
2130,2020-06-12,34.70360824742268,49.359896907216495,-6.608360824742268,1.14,36.2,82.72
2130,2020-06-13,34.54477064220183,48.07449541284404,-7.58088990825688,1.14,36.2,82.72
2130,2020-06-14,34.43474226804124,45.97917525773195,-6.636484536082475,1.14,36.2,82.72
2130,2020-06-15,35.065999999999995,43.799523809523805,-8.621038095238095,1.14,36.2,82.72
2130,2020-06-16,35.13939393939394,45.715959595959596,-8.617161616161617,1.14,36.2,82.72
2130,2020-06-17,35.071666666666665,47.086176470588235,-6.2732254901960784,1.14,36.2,82.72
2130,2020-06-18,35.158019801980195,47.93613861386139,-3.821851485148515,1.14,36.2,82.72
2130,2020-06-19,35.17601941747573,48.80417475728155,-1.669980582524272,1.14,36.2,82.72
2130,2020-06-20,34.7965,49.4865,-3.57435,1.14,36.2,82.72
2130,2020-06-21,34.96295918367347,49.21836734693877,-0.6238163265306123,1.14,36.2,82.72
2130,2020-06-22,35.2953,50.2537,3.04223,1.14,36.2,82.72
2130,2020-06-23,35.49032608695652,53.27608695652174,3.9208913043478257,1.14,36.2,82.72
2130,2020-06-24,35.169895833333335,57.25208333333333,-2.076,1.14,36.2,82.72
2130,2020-06-25,35.22838383838384,59.955858585858586,-6.595555555555556,1.14,36.2,82.72
2130,2020-06-26,35.158910891089114,60.067623762376236,-3.8868613861386136,1.14,36.2,82.72
2130,2020-06-27,35.06347368421053,60.304947368421054,-2.086315789473684,1.14,36.2,82.72
2130,2020-06-28,34.9897,61.453,-3.43877,1.14,36.2,82.72
2130,2020-06-29,34.74656565656566,61.63787878787878,0.8476464646464646,1.14,36.2,82.72
2130,2020-06-30,34.74943820224719,61.14213483146067,-1.260752808988764,1.14,36.2,82.72
2130,2020-07-01,34.81896226415094,61.44933962264151,5.4067641509433955,1.14,36.2,82.72
2130,2020-07-02,34.78381443298969,62.69824742268041,7.847484536082474,1.14,36.2,82.72
2130,2020-07-03,34.900198019801984,62.3939603960396,7.703643564356436,1.14,36.2,82.72
2130,2020-07-04,34.99841584158416,61.65871287128713,6.947118811881188,1.14,36.2,82.72
2130,2020-07-05,34.946979166666665,60.110625,4.3031875,1.14,36.2,82.72
2130,2020-07-06,34.85941747572816,59.42504854368932,4.1067572815533975,1.14,36.2,82.72
2130,2020-07-07,35.22561224489796,58.3319387755102,3.230704081632653,1.14,36.2,82.72
2130,2020-07-08,35.37922330097087,58.98242718446602,-4.462592233009708,1.14,36.2,82.72
2130,2020-07-09,35.4879268292683,60.42091463414634,5.919896341463415,1.14,36.2,82.72
2130,2020-07-10,35.473,61.773199999999996,7.95365,1.14,36.2,82.72
2130,2020-07-11,35.10606060606061,62.17212121212121,2.804727272727273,1.14,36.2,82.72
2130,2020-07-12,35.292764705882355,62.996411764705876,4.8868647058823536,1.14,36.2,82.72
2130,2020-07-13,35.045508021390376,63.189251336898394,2.914631016042781,1.14,36.2,82.72
2130,2020-07-14,34.677058823529414,62.182941176470585,-0.687078431372549,1.14,36.2,82.72
2130,2020-07-15,34.81349462365591,58.34247311827957,-0.19828494623655915,1.14,36.2,82.72
2130,2020-07-16,34.799530201342286,57.12053691275168,3.263852348993289,1.14,36.2,82.72
2130,2020-07-17,34.737478260869565,57.01826086956522,3.717304347826087,1.14,36.2,82.72
2130,2020-07-18,35.01027972027972,57.70587412587413,2.6924195804195805,1.14,36.2,82.72
2130,2020-07-19,34.53469387755102,59.0654081632653,6.95515306122449,1.14,36.2,82.72
2130,2020-07-20,34.88584269662922,60.37702247191012,4.28338202247191,1.14,36.2,82.72
2130,2020-07-21,34.250449438202246,61.13573033707865,2.846775280898876,1.14,36.2,82.72
2130,2020-07-22,34.364903846153844,60.00307692307692,6.339567307692308,1.14,36.2,82.72
2130,2020-07-23,34.743469387755106,59.31948979591837,7.486775510204081,1.14,36.2,82.72
2130,2020-07-24,35.24947368421053,60.20481203007519,10.119285714285715,1.14,36.2,82.72
2130,2020-07-25,34.82186629526462,61.768356545961005,10.253016713091922,1.14,36.2,82.72
2130,2020-07-26,34.61256521739131,62.18647826086956,9.10595652173913,1.14,36.2,82.72
2130,2020-07-27,35.13535353535354,62.779696969696964,3.9771515151515153,1.14,36.2,82.72
2130,2020-07-28,35.09375,63.683173076923076,3.7467019230769227,1.14,36.2,82.72
2130,2020-07-29,34.87358490566038,63.20518867924528,4.8392641509433965,1.14,36.2,82.72
2130,2020-07-30,34.71906976744186,63.12395348837209,3.862209302325581,1.14,36.2,82.72
2130,2020-07-31,34.73133333333333,62.833999999999996,3.3299333333333334,1.14,36.2,82.72
2130,2020-08-01,34.80488888888889,62.181777777777775,10.657466666666666,1.14,36.2,82.72
2130,2020-08-02,34.69040404040404,61.9389898989899,8.137747474747476,1.14,36.2,82.72
2130,2020-08-03,34.984631578947365,62.08926315789474,4.300526315789474,1.14,36.2,82.72
2130,2020-08-04,34.959868421052626,61.342434210526314,1.0002894736842105,1.14,36.2,82.72
2130,2020-08-05,34.92285714285714,60.20887755102041,2.558051020408163,1.14,36.2,82.72
2130,2020-08-06,35.1415,60.20125,-2.37798125,1.14,36.2,82.72
2130,2020-08-08,34.839539473684205,59.76361842105263,-9.804684210526315,1.14,36.2,82.72
2130,2020-08-09,34.75236559139785,59.54043010752689,-9.889102150537635,1.14,36.2,82.72
2130,2020-08-10,34.7354609929078,59.92198581560284,-9.881021276595744,1.14,36.2,82.72
2130,2020-08-11,34.91888888888889,59.98686868686868,-9.820252525252526,1.14,36.2,82.72
2130,2020-08-12,34.783762376237625,60.762772277227725,-9.977881188118811,1.14,36.2,82.72
2130,2020-08-13,34.63466666666667,61.022666666666666,-10.0,1.14,36.2,82.72
2130,2020-08-14,34.63333333333333,59.96384615384615,-10.0,1.14,36.2,82.72
2130,2020-08-15,34.55004237288136,58.07,-10.0,1.14,36.2,82.72
2130,2020-08-16,34.49578947368421,57.55070175438596,-10.0,1.14,36.2,82.72
2130,2020-08-17,34.63846153846154,57.24923076923077,-9.960692307692309,1.14,36.2,82.72
2130,2020-08-18,34.49669117647059,57.681985294117645,-9.952014705882352,1.14,36.2,82.72
2130,2020-08-19,34.381241379310346,58.03186206896552,-9.857600000000001,1.14,36.2,82.72
2130,2020-08-20,34.4912030075188,57.90345864661654,-9.849932330827068,1.14,36.2,82.72
2130,2020-08-21,34.90037914691943,57.47388625592417,-9.917511848341231,1.14,36.2,82.72
2130,2020-08-22,34.6575,60.00222222222222,-9.918090277777777,1.14,36.2,82.72
2130,2020-08-23,34.40845070422535,61.43394366197184,-9.466112676056339,1.14,36.2,82.72
2130,2020-08-24,34.33572815533981,63.60776699029127,-9.528766990291262,1.14,36.2,82.72
2130,2020-08-25,34.38753731343284,64.5505223880597,-9.943402985074627,1.14,36.2,82.72
2130,2020-08-26,34.17029126213592,64.56854368932039,-9.011660194174757,1.14,36.2,82.72
2130,2020-08-27,34.00409395973154,62.835973154362414,-8.41551677852349,1.14,36.2,82.72
2130,2020-08-28,34.028725490196074,62.20539215686274,-8.024480392156862,1.14,36.2,82.72
2130,2020-08-29,33.28616883116883,61.02837662337663,-8.803506493506493,1.14,36.2,82.72
2130,2020-08-30,33.3427358490566,59.329339622641506,-9.14367924528302,1.14,36.2,82.72
2130,2020-08-31,33.89339920948617,59.58889328063241,-8.414035573122531,1.14,36.2,82.72
2130,2020-09-01,34.01674157303371,59.817528089887645,-5.660370786516854,1.14,36.2,82.72
2130,2020-09-02,33.37669172932331,60.79984962406015,-7.6481804511278195,1.14,36.2,82.72
2130,2020-09-03,33.81088888888889,61.181111111111115,-7.67462962962963,1.14,36.2,82.72
2130,2020-09-04,34.10448818897638,61.65496062992126,-8.260992125984252,1.14,36.2,82.72
2130,2020-09-05,33.74270408163265,61.69255102040816,-5.388377551020408,1.14,36.2,82.72
2130,2020-09-06,33.43209302325581,61.416744186046515,-3.990936046511628,1.14,36.2,82.72
2130,2020-09-07,32.12672131147541,61.15726775956284,0.7742896174863387,1.14,36.2,82.72
2130,2020-09-08,33.581896551724135,59.82551724137931,-5.018758620689655,1.14,36.2,82.72
2130,2020-09-09,31.61976377952756,61.128740157480316,-7.912448818897637,1.14,36.2,82.72
2130,2020-09-10,29.583839285714284,61.509732142857146,-9.319749999999999,1.14,36.2,82.72
2130,2020-09-11,32.88283018867924,58.49660377358491,-6.797792452830189,1.14,36.2,82.72
2130,2020-09-12,33.150070422535215,58.39098591549296,-4.0442323943661975,1.14,36.2,82.72
2130,2020-09-13,32.07288770053476,58.52930481283422,1.9620106951871659,1.14,36.2,82.72
2130,2020-09-14,32.804223826714804,59.21660649819495,-3.7122382671480145,1.14,36.2,82.72
2130,2020-09-15,31.172949308755758,60.33516129032258,-4.1608433179723505,1.14,36.2,82.72
2130,2020-09-16,31.868229166666666,60.272083333333335,-6.32621875,1.14,36.2,82.72
2130,2020-09-17,33.27792079207921,60.7170297029703,-1.9417623762376237,1.14,36.2,82.72
2130,2020-09-18,33.509899999999995,58.747600000000006,15.63333,1.14,36.2,82.72
2130,2020-09-19,34.298811881188115,55.5450495049505,13.309386138613862,1.14,36.2,82.72
2130,2020-09-20,33.776666666666664,54.3750505050505,9.579868686868688,1.14,36.2,82.72
2130,2020-09-21,31.885408163265307,53.38224489795918,5.104448979591837,1.14,36.2,82.72
2130,2020-09-22,27.834,53.527789473684216,10.608315789473684,1.14,36.2,82.72
2130,2020-09-23,27.849270833333335,51.59802083333333,8.900083333333333,1.14,36.2,82.72
2130,2020-09-24,28.91422680412371,49.835773195876286,8.562020618556701,1.14,36.2,82.72
2130,2020-09-25,29.088673469387757,48.571734693877545,7.035622448979591,1.14,36.2,82.72
2130,2020-09-26,30.13969387755102,47.09122448979591,7.536755102040816,1.14,36.2,82.72
2130,2020-09-27,31.201894736842103,46.06105263157895,9.161589473684211,1.14,36.2,82.72
2130,2020-09-28,30.20326530612245,47.135612244897956,6.321744897959183,1.14,36.2,82.72
2130,2020-09-29,29.731578947368423,48.62568421052631,2.2817473684210525,1.14,36.2,82.72
2130,2020-09-30,25.7866,50.595,-6.52268,1.14,36.2,82.72
2130,2020-10-01,24.581898734177216,52.11101265822786,-3.922,1.14,36.2,82.72
2130,2020-10-02,22.476979166666666,53.451145833333335,-4.634072916666667,1.14,36.2,82.72
2130,2020-10-03,22.558227848101264,54.3879746835443,-2.155481012658228,1.14,36.2,82.72
2130,2020-10-04,21.418282828282827,55.11939393939394,-1.7108282828282826,1.14,36.2,82.72
2130,2020-10-05,22.813434343434345,55.06818181818182,-4.322868686868687,1.14,36.2,82.72
2130,2020-10-06,24.5234375,55.028645833333336,-9.973020833333333,1.14,36.2,82.72
2130,2020-10-07,21.75125,56.451249999999995,-9.991635416666666,1.14,36.2,82.72
2130,2020-10-08,19.235185185185188,60.16462962962963,-9.87324074074074,1.14,36.2,82.72
2130,2020-10-09,17.86703296703297,62.364505494505494,-9.528604395604395,1.14,36.2,82.72
2130,2020-10-10,22.94813559322034,62.59576271186441,-9.89522033898305,1.14,36.2,82.72
2130,2020-10-11,20.434680851063828,65.14159574468084,-9.651276595744681,1.14,36.2,82.72
2130,2020-10-12,16.05918918918919,65.43472972972972,-8.98931081081081,1.14,36.2,82.72
2130,2020-10-13,14.033614457831325,64.94915662650602,-9.036000000000001,1.14,36.2,82.72
2130,2020-10-14,16.291149425287355,65.36126436781609,-9.345724137931034,1.14,36.2,82.72
2130,2020-10-15,18.471612903225804,67.8705376344086,-9.511172043010752,1.14,36.2,82.72
2130,2020-10-16,19.91621052631579,67.91673684210527,-9.886126315789474,1.14,36.2,82.72
2130,2020-10-17,16.2126,68.6237,-9.48916,1.14,36.2,82.72
2130,2020-10-18,14.691584158415841,70.48128712871286,-7.843782178217822,1.14,36.2,82.72
2130,2020-10-19,17.976989247311828,70.32537634408602,-9.711580645161291,1.14,36.2,82.72
2130,2020-11-02,27.8492,51.8962,-4.25448,1.14,36.2,82.72
2130,2020-11-03,22.98815789473684,66.62973684210526,-3.6136842105263156,1.14,36.2,82.72
2130,2020-11-05,9.59108108108108,72.38594594594595,-0.41905405405405405,1.14,36.2,82.72
2131,2020-05-26,20.75906353897303,39.19659401551533,-4.104519209456963,0.0,44.2,85.0
2131,2020-05-27,35.55222222222223,48.721111111111114,10.311777777777777,0.0,44.2,85.0
2131,2020-05-30,33.63,58.68,3.739,0.0,44.2,85.0
2131,2020-06-01,34.3868,59.32,-4.3956,0.0,44.2,85.0
2131,2020-06-02,36.374545454545455,55.95363636363636,2.7386363636363638,0.0,44.2,85.0
2131,2020-06-03,33.386,53.42,-9.9786,0.0,44.2,85.0
2131,2020-06-04,34.77470588235294,56.24470588235294,-8.623686274509804,0.0,44.2,85.0
2131,2020-06-05,34.69919540229885,58.19011494252874,-6.240183908045976,0.0,44.2,85.0
2131,2020-06-06,34.68656862745098,58.8785294117647,-7.380803921568627,0.0,44.2,85.0
2131,2020-06-07,34.8189898989899,57.80868686868687,-8.300131313131313,0.0,44.2,85.0
2131,2020-06-08,34.999494949494945,58.20545454545455,-7.431414141414142,0.0,44.2,85.0
2131,2020-06-09,35.233333333333334,58.80150537634409,-1.9110107526881723,0.0,44.2,85.0
2131,2020-06-10,35.12765306122449,62.41969387755102,-2.392591836734694,0.0,44.2,85.0
2131,2020-06-11,35.056000000000004,62.08505263157895,-4.749357894736843,0.0,44.2,85.0
2131,2020-06-12,35.165346534653466,70.15930693069308,5.631554455445545,0.0,44.2,85.0
2131,2020-06-13,34.954807692307696,76.95298076923076,21.966134615384615,0.0,44.2,85.0
2131,2020-06-14,35.050816326530615,79.62724489795919,23.152214285714283,0.0,44.2,85.0
2131,2020-06-15,35.38181818181818,69.02,20.328418181818183,0.0,44.2,85.0
2131,2020-06-17,35.52608695652174,60.02565217391304,11.730152173913043,0.0,44.2,85.0
2131,2020-06-18,35.51257731958763,60.42927835051547,10.306144329896908,0.0,44.2,85.0
2131,2020-06-19,35.53927835051547,62.479278350515465,10.232051546391753,0.0,44.2,85.0
2131,2020-06-20,35.24,64.23333333333333,13.412333333333331,0.0,44.2,85.0
2131,2020-06-21,35.25285714285714,64.18714285714286,12.237857142857141,0.0,44.2,85.0
2131,2020-06-22,35.3777,64.3591,7.78664,0.0,44.2,85.0
2131,2020-06-23,35.2776,64.63600000000001,12.37039,0.0,44.2,85.0
2131,2020-06-24,34.900625,66.33017857142858,8.966625,0.0,44.2,85.0
2131,2020-06-25,34.99761904761905,66.54314285714285,7.475638095238096,0.0,44.2,85.0
2131,2020-06-26,34.89846153846154,69.32875,19.78256730769231,0.0,44.2,85.0
2131,2020-06-27,34.76767441860465,66.61720930232558,10.010395348837209,0.0,44.2,85.0
2131,2020-06-28,34.91172413793103,64.47206896551724,11.254862068965519,0.0,44.2,85.0
2131,2020-06-29,34.79288888888889,63.611555555555555,11.212299999999999,0.0,44.2,85.0
2131,2020-06-30,34.82472727272727,62.38581818181818,10.403236363636363,0.0,44.2,85.0
2131,2020-07-01,34.82333333333333,62.703809523809525,11.668761904761904,0.0,44.2,85.0
2131,2020-07-05,35.020425531914896,62.65659574468086,12.714021276595744,0.0,44.2,85.0
2131,2020-07-06,35.078039215686275,61.52333333333333,11.344499999999998,0.0,44.2,85.0
2131,2020-07-07,35.08926470588236,60.25970588235294,11.386470588235294,0.0,44.2,85.0
2131,2020-07-15,35.01949152542373,64.00474576271186,11.873779661016949,0.0,44.2,85.0
2131,2020-07-16,34.95361111111111,63.61259259259259,12.616064814814816,0.0,44.2,85.0
2131,2020-07-17,34.91368421052632,64.02178947368421,13.412284210526314,0.0,44.2,85.0
2131,2020-07-18,35.220083333333335,64.23383333333334,16.1455375,0.0,44.2,85.0
2131,2020-07-19,34.98828804347826,66.83804347826087,17.450532608695653,0.0,44.2,85.0
2131,2020-07-20,35.376666666666665,68.22692307692307,17.314564102564102,0.0,44.2,85.0
2131,2020-08-04,34.857692307692304,66.88423076923077,13.020019230769233,0.0,44.2,85.0
2131,2020-08-05,34.82578431372549,66.33960784313726,12.494392156862746,0.0,44.2,85.0
2131,2020-08-06,35.137459016393436,64.84549180327869,0.9065245901639344,0.0,44.2,85.0
2131,2020-08-07,35.11329896907216,65.0748969072165,-4.477742268041237,0.0,44.2,85.0
2131,2020-08-08,35.045,65.05333333333333,-3.4570624999999997,0.0,44.2,85.0
2131,2020-08-19,34.425308641975306,62.871358024691354,-2.6250864197530865,0.0,44.2,85.0
2131,2020-08-20,34.36182098765432,62.394938271604936,-2.722138888888889,0.0,44.2,85.0
2131,2020-08-21,34.650441176470586,62.443823529411766,-4.413588235294118,0.0,44.2,85.0
2131,2020-08-22,34.68566666666667,62.75538888888889,-4.781544444444444,0.0,44.2,85.0
2131,2020-08-23,34.49744680851064,63.27106382978723,-2.0408297872340424,0.0,44.2,85.0
2131,2020-08-24,34.46546052631579,63.90506578947368,-1.3968223684210526,0.0,44.2,85.0
2131,2020-08-25,34.46463414634146,63.86158536585366,-4.4219939024390245,0.0,44.2,85.0
2131,2020-08-26,34.19143884892086,63.45992805755396,-3.481179856115108,0.0,44.2,85.0
2131,2020-08-27,34.02359223300971,61.61067961165048,-3.0971165048543687,0.0,44.2,85.0
2131,2020-08-28,34.10568181818182,61.46204545454545,-0.11408522727272725,0.0,44.2,85.0
2131,2020-08-29,33.335,62.090172413793105,-1.0881206896551725,0.0,44.2,85.0
2131,2020-08-30,33.61527027027027,60.644459459459455,-3.5175405405405407,0.0,44.2,85.0
2131,2020-08-31,33.79921686746988,59.926265060240965,-1.6323433734939758,0.0,44.2,85.0
2131,2020-09-01,34.04856410256411,61.22189743589744,2.2103384615384614,0.0,44.2,85.0
2131,2020-09-02,33.819673913043474,63.167391304347824,4.582065217391304,0.0,44.2,85.0
2131,2020-09-03,33.68968,63.695519999999995,-2.601464,0.0,44.2,85.0
2131,2020-09-04,34.05869565217392,64.73014492753623,-3.026463768115942,0.0,44.2,85.0
2131,2020-09-05,33.34181818181818,65.04933333333334,1.5362969696969697,0.0,44.2,85.0
2131,2020-09-06,32.21464566929134,65.63566929133857,2.4483149606299213,0.0,44.2,85.0
2131,2020-09-07,33.61074468085106,64.71308510638298,4.614202127659575,0.0,44.2,85.0
2131,2020-09-08,32.57070287539936,65.82015974440894,3.1779073482428117,0.0,44.2,85.0
2131,2020-09-09,30.733012048192773,67.42807228915662,4.8746265060240965,0.0,44.2,85.0
2131,2020-09-10,27.869659090909092,66.68056818181819,-1.7504204545454547,0.0,44.2,85.0
2131,2020-09-11,31.50422018348624,63.65908256880734,1.0255504587155964,0.0,44.2,85.0
2131,2020-09-12,32.629000000000005,62.86772222222223,7.474366666666667,0.0,44.2,85.0
2131,2020-09-13,32.06321070234114,64.70929765886288,9.060742474916387,0.0,44.2,85.0
2131,2020-09-14,30.552040816326528,67.16183673469388,2.053367346938775,0.0,44.2,85.0
2131,2020-09-15,27.94625,68.0325,6.8106875,0.0,44.2,85.0
2131,2020-09-16,29.241249999999997,66.0903125,3.016166666666667,0.0,44.2,85.0
2131,2020-09-17,32.29175257731959,64.02865979381443,3.382268041237113,0.0,44.2,85.0
2131,2020-09-18,33.29814432989691,56.656494845360825,16.13186597938144,0.0,44.2,85.0
2131,2020-09-19,33.90836363636364,49.33672727272727,13.894054545454546,0.0,44.2,85.0
2131,2020-09-20,33.7549,44.6443,10.39409,0.0,44.2,85.0
2131,2020-09-21,30.36134020618557,46.345360824742265,9.07298969072165,0.0,44.2,85.0
2131,2020-09-22,27.732333333333333,49.68688888888889,11.352688888888888,0.0,44.2,85.0
2131,2020-09-23,28.33375,50.4946875,13.377177083333335,0.0,44.2,85.0
2131,2020-09-24,28.267857142857142,51.56571428571428,14.225081632653062,0.0,44.2,85.0
2131,2020-09-25,27.939684210526316,51.04084210526316,12.006189473684211,0.0,44.2,85.0
2131,2020-09-26,28.31298969072165,49.87525773195876,12.300123711340207,0.0,44.2,85.0
2131,2020-09-27,29.4677,51.064899999999994,14.52237,0.0,44.2,85.0
2131,2020-09-28,29.352323232323233,52.5979797979798,13.743141414141414,0.0,44.2,85.0
2131,2020-09-29,28.98326530612245,53.9284693877551,11.268214285714286,0.0,44.2,85.0
2131,2020-09-30,26.51091836734694,55.71214285714286,3.410969387755102,0.0,44.2,85.0
2131,2020-10-01,24.62031746031746,56.82523809523809,5.535460317460317,0.0,44.2,85.0
2131,2020-10-02,22.22362745098039,58.27421568627451,2.642578431372549,0.0,44.2,85.0
2131,2020-10-03,19.988999999999997,58.52075,2.915125,0.0,44.2,85.0
2131,2020-10-04,19.63764705882353,59.10774509803921,3.3881372549019604,0.0,44.2,85.0
2131,2020-10-05,21.10457142857143,60.00695238095238,2.0540857142857143,0.0,44.2,85.0
2131,2020-10-06,21.122043010752687,60.25634408602151,-1.5781182795698923,0.0,44.2,85.0
2131,2020-10-07,19.571075268817204,60.9263440860215,-6.230473118279569,0.0,44.2,85.0
2131,2020-10-08,17.310454545454544,62.03181818181818,-3.4329204545454544,0.0,44.2,85.0
2131,2020-10-09,15.426395348837211,62.38976744186046,-0.7026976744186046,0.0,44.2,85.0
2131,2020-10-10,18.361011235955054,61.35786516853933,-3.2218314606741574,0.0,44.2,85.0
2131,2020-10-11,20.065217391304348,62.95891304347826,-0.7916413043478261,0.0,44.2,85.0
2131,2020-10-12,16.914305555555554,63.48416666666666,0.24383333333333335,0.0,44.2,85.0
2131,2020-10-13,15.612395833333332,64.2509375,-1.9334791666666666,0.0,44.2,85.0
2131,2020-10-14,16.081666666666667,64.63222222222223,-3.456455555555556,0.0,44.2,85.0
2131,2020-10-15,17.699418604651164,65.68593023255814,-1.8775581395348837,0.0,44.2,85.0
2131,2020-10-16,18.50111111111111,67.03777777777778,-7.147382716049383,0.0,44.2,85.0
2131,2020-10-17,16.884395604395603,67.9621978021978,-5.359142857142857,0.0,44.2,85.0
2131,2020-10-18,15.313195876288662,69.36072164948453,-1.9387731958762888,0.0,44.2,85.0
2131,2020-10-19,17.565384615384616,69.10934065934066,-3.6116703296703294,0.0,44.2,85.0
2131,2020-11-04,6.430588235294118,69.7129411764706,1.3657941176470587,0.0,44.2,85.0
2131,2020-11-05,8.252886597938144,68.49618556701031,1.1412783505154638,0.0,44.2,85.0
2132,2020-05-26,37.608333333333334,43.93083333333333,-2.3283333333333336,0.0,41.8,85.0
2132,2020-05-27,36.754999999999995,54.08125,-4.757625,0.0,41.8,85.0
2132,2020-05-28,35.6375,55.3875,-6.2357499999999995,0.0,41.8,85.0
2132,2020-05-29,31.87,60.24,-8.869,0.0,41.8,85.0
2132,2020-05-30,30.923333333333332,60.99333333333334,-8.999833333333333,0.0,41.8,85.0
2132,2020-05-31,24.66416666666667,73.57833333333333,-10.0,0.0,41.8,85.0
2132,2020-06-01,26.271666666666665,75.74166666666666,-10.0,0.0,41.8,85.0
2132,2020-06-02,32.30352941176471,65.50588235294117,-9.386000000000001,0.0,41.8,85.0
2132,2020-06-03,27.770999999999997,66.898,-9.8332,0.0,41.8,85.0
2132,2020-06-04,32.77804878048781,57.353902439024395,-10.0,0.0,41.8,85.0
2132,2020-06-05,29.239489795918367,63.00938775510204,-10.0,0.0,41.8,85.0
2132,2020-06-06,29.038247422680413,57.747113402061856,-10.0,0.0,41.8,85.0
2132,2020-06-07,28.25544554455446,60.751287128712875,-9.954227722772277,0.0,41.8,85.0
2132,2020-06-08,27.263644859813084,62.27214953271028,-9.923542056074766,0.0,41.8,85.0
2132,2020-06-09,29.917623762376238,59.09752475247525,-9.894168316831683,0.0,41.8,85.0
2132,2020-06-10,34.93464646464647,53.17545454545454,-9.962757575757575,0.0,41.8,85.0
2132,2020-06-11,35.101844660194175,50.88194174757282,-9.977320388349515,0.0,41.8,85.0
2132,2020-06-12,35.038380952380955,53.68076190476191,-9.98955238095238,0.0,41.8,85.0
2132,2020-06-13,34.86093457943925,59.872803738317764,-10.0,0.0,41.8,85.0
2132,2020-06-14,35.00198113207547,60.94688679245283,-10.0,0.0,41.8,85.0
2132,2020-06-15,35.205,60.19903846153846,-5.857875000000001,0.0,41.8,85.0
2132,2020-06-16,35.2012380952381,63.54047619047619,19.19147619047619,0.0,41.8,85.0
2132,2020-06-17,35.18628865979382,65.01979381443299,21.02887628865979,0.0,41.8,85.0
2132,2020-06-18,35.21757575757576,67.75474747474748,21.08233333333333,0.0,41.8,85.0
2132,2020-06-19,35.2625,69.10711538461538,21.40991346153846,0.0,41.8,85.0
2132,2020-06-20,35.25782178217822,68.23643564356436,21.45140594059406,0.0,41.8,85.0
2132,2020-06-21,35.298217821782174,68.54336633663367,22.097465346534655,0.0,41.8,85.0
2132,2020-06-22,35.32277227722772,68.32851485148515,22.63479207920792,0.0,41.8,85.0
2132,2020-06-23,35.24655555555556,71.36944444444444,22.2661,0.0,41.8,85.0
2132,2020-06-24,34.891041666666666,76.37947916666667,18.9896875,0.0,41.8,85.0
2132,2020-06-25,34.90888888888889,73.29868686868687,16.14947474747475,0.0,41.8,85.0
2132,2020-06-26,34.925588235294114,65.05872549019608,15.49078431372549,0.0,41.8,85.0
2132,2020-06-27,34.791836734693874,62.55122448979592,16.209357142857144,0.0,41.8,85.0
2132,2020-06-28,35.0065625,63.225,14.823749999999999,0.0,41.8,85.0
2132,2020-06-29,34.878556701030924,64.77123711340207,17.965917525773197,0.0,41.8,85.0
2132,2020-06-30,34.700315789473684,65.57189473684211,18.929042105263157,0.0,41.8,85.0
2132,2020-07-01,34.42227722772277,67.10257425742574,21.016039603960394,0.0,41.8,85.0
2132,2020-07-02,34.554693877551024,68.85265306122449,23.310806122448977,0.0,41.8,85.0
2132,2020-07-03,34.4775,66.5415,22.28672,0.0,41.8,85.0
2132,2020-07-04,34.442903225806454,63.39387096774194,21.913344086021507,0.0,41.8,85.0
2132,2020-07-05,34.70554347826087,60.87510869565217,20.87883695652174,0.0,41.8,85.0
2132,2020-07-06,34.840520833333336,59.638125,20.122208333333333,0.0,41.8,85.0
2132,2020-07-07,34.94806818181818,58.82670454545455,17.891079545454545,0.0,41.8,85.0
2132,2020-07-08,35.1312,62.9367,14.90335,0.0,41.8,85.0
2132,2020-07-09,34.93657534246575,66.28397260273974,19.009513698630137,0.0,41.8,85.0
2132,2020-07-10,34.86163265306123,67.7215306122449,19.779612244897958,0.0,41.8,85.0
2132,2020-07-11,34.73247422680413,68.059793814433,19.921298969072165,0.0,41.8,85.0
2132,2020-07-12,35.071603773584904,66.07783018867924,17.68406603773585,0.0,41.8,85.0
2132,2020-07-13,34.85606837606837,62.74786324786325,18.565606837606836,0.0,41.8,85.0
2132,2020-07-14,34.68516393442623,61.75254098360656,20.254327868852457,0.0,41.8,85.0
2132,2020-07-15,34.687701863354036,59.95689440993789,19.159683229813663,0.0,41.8,85.0
2132,2020-07-16,34.68776859504133,60.1605785123967,20.432619834710746,0.0,41.8,85.0
2132,2020-07-17,34.54152671755725,61.319465648854965,22.378473282442748,0.0,41.8,85.0
2132,2020-07-18,34.92158878504673,60.919719626168224,18.765869158878505,0.0,41.8,85.0
2132,2020-07-19,34.82869565217391,63.65852173913043,22.507452173913045,0.0,41.8,85.0
2132,2020-07-20,34.98521739130435,63.79686956521739,21.364704347826084,0.0,41.8,85.0
2132,2020-07-21,34.61923664122137,59.45312977099236,22.172709923664122,0.0,41.8,85.0
2132,2020-07-22,34.50414285714286,56.61328571428571,23.055314285714285,0.0,41.8,85.0
2132,2020-07-23,34.97467153284671,62.05693430656934,24.646014598540145,0.0,41.8,85.0
2132,2020-07-24,35.034375,60.09193749999999,24.34513125,0.0,41.8,85.0
2132,2020-07-25,34.95983870967742,60.039032258064516,26.152532258064518,0.0,41.8,85.0
2132,2020-07-26,34.82810650887574,62.48420118343195,25.242195266272187,0.0,41.8,85.0
2132,2020-07-27,35.13142857142857,62.02736842105263,22.77981954887218,0.0,41.8,85.0
2132,2020-07-28,35.1966935483871,61.97782258064516,14.92816935483871,0.0,41.8,85.0
2132,2020-07-29,35.03969696969697,61.8755303030303,1.1152424242424241,0.0,41.8,85.0
2132,2020-07-30,34.806179775280896,60.92876404494382,1.1006179775280898,0.0,41.8,85.0
2132,2020-07-31,34.93575471698113,59.211037735849054,-0.27249999999999996,0.0,41.8,85.0
2132,2020-08-01,34.87754385964912,58.73052631578947,1.3745877192982456,0.0,41.8,85.0
2132,2020-08-02,34.9377,58.6596,1.64492,0.0,41.8,85.0
2132,2020-08-03,34.9019587628866,59.40567010309279,-5.3579896907216495,0.0,41.8,85.0
2132,2020-08-04,34.88966480446928,58.40642458100559,-5.495413407821229,0.0,41.8,85.0
2132,2020-08-05,34.91362318840579,59.06282608695652,-6.034753623188406,0.0,41.8,85.0
2132,2020-08-06,34.38377659574468,57.06372340425532,-7.167585106382979,0.0,41.8,85.0
2132,2020-08-07,34.96787096774194,56.32670967741935,-9.717135483870967,0.0,41.8,85.0
2132,2020-08-08,34.940178571428575,56.50026785714285,-9.637375,0.0,41.8,85.0
2132,2020-08-09,34.96780487804878,56.383048780487805,-9.744646341463415,0.0,41.8,85.0
2132,2020-08-10,34.870216216216214,57.04432432432433,-9.961405405405404,0.0,41.8,85.0
2132,2020-08-11,35.068046875,57.209765625,-9.9772890625,0.0,41.8,85.0
2132,2020-08-12,34.894895104895106,58.48174825174825,-9.994300699300698,0.0,41.8,85.0
2132,2020-08-13,34.92184210526316,57.47149122807018,-9.9915350877193,0.0,41.8,85.0
2132,2020-08-14,34.79293233082707,56.332330827067665,-9.998488721804511,0.0,41.8,85.0
2132,2020-08-15,34.71244444444444,55.48362962962963,-9.999822222222223,0.0,41.8,85.0
2132,2020-08-16,34.75923611111111,55.254444444444445,-9.976888888888888,0.0,41.8,85.0
2132,2020-08-17,34.72060975609756,55.06298780487805,-9.97990243902439,0.0,41.8,85.0
2132,2020-08-18,34.62238095238095,54.951632653061225,-10.0,0.0,41.8,85.0
2132,2020-08-19,34.57107438016529,54.534876033057856,-10.0,0.0,41.8,85.0
2132,2020-08-20,34.55191780821918,53.872465753424656,-9.997979452054794,0.0,41.8,85.0
2132,2020-08-21,34.7614534883721,53.870755813953494,-9.95275581395349,0.0,41.8,85.0
2132,2020-08-22,34.219922480620156,55.89790697674419,-9.8924496124031,0.0,41.8,85.0
2132,2020-08-23,34.277910447761194,56.60059701492537,-9.860858208955223,0.0,41.8,85.0
2132,2020-08-24,34.34827160493827,56.781543209876546,-9.99453086419753,0.0,41.8,85.0
2132,2020-08-25,34.48231182795699,57.380376344086024,-9.987290322580645,0.0,41.8,85.0
2132,2020-08-26,33.51769230769231,57.34438461538462,-10.0,0.0,41.8,85.0
2132,2020-08-27,33.03090909090909,55.63702479338843,-9.907702479338845,0.0,41.8,85.0
2132,2020-08-28,33.37751937984496,55.14372093023256,-9.92286046511628,0.0,41.8,85.0
2132,2020-08-29,33.30014084507042,54.97176056338028,-9.983323943661972,0.0,41.8,85.0
2132,2020-08-30,33.36906474820144,55.164460431654675,-9.988021582733813,0.0,41.8,85.0
2132,2020-08-31,33.125684931506854,54.586780821917806,-9.981212328767123,0.0,41.8,85.0
2132,2020-09-01,33.778011695906436,54.551169590643276,-9.873929824561403,0.0,41.8,85.0
2132,2020-09-02,33.96535483870968,55.368,-9.735870967741935,0.0,41.8,85.0
2132,2020-09-03,33.79697986577181,56.011275167785236,-9.981080536912751,0.0,41.8,85.0
2132,2020-09-04,33.89351724137931,56.039034482758616,-9.965882758620689,0.0,41.8,85.0
2132,2020-09-05,33.4169109947644,55.07486910994764,-9.974842931937172,0.0,41.8,85.0
2132,2020-09-06,33.10278947368421,55.34821052631579,-9.741868421052631,0.0,41.8,85.0
2132,2020-09-07,33.44472906403941,55.105960591133005,-9.436842364532021,0.0,41.8,85.0
2132,2020-09-08,33.88121019108281,54.95751592356688,-9.94384076433121,0.0,41.8,85.0
2132,2020-09-09,33.44375,55.38881249999999,-9.669393750000001,0.0,41.8,85.0
2132,2020-09-10,32.661811594202895,55.334710144927534,-9.899427536231885,0.0,41.8,85.0
2132,2020-09-11,32.018712121212126,55.39878787878788,-9.452310606060605,0.0,41.8,85.0
2132,2020-09-12,32.18929078014184,55.21283687943263,-8.852078014184398,0.0,41.8,85.0
2132,2020-09-13,31.263238636363635,55.45704545454546,-6.5672215909090905,0.0,41.8,85.0
2132,2020-09-14,32.44423841059603,55.23258278145696,-9.582622516556292,0.0,41.8,85.0
2132,2020-09-15,29.280827586206897,57.237793103448276,-8.720779310344827,0.0,41.8,85.0
2132,2020-09-16,29.945520833333333,56.806875,-9.303260416666667,0.0,41.8,85.0
2132,2020-09-17,31.90641304347826,55.79152173913043,-4.894347826086956,0.0,41.8,85.0
2132,2020-09-18,34.14326530612245,52.51908163265306,10.73857142857143,0.0,41.8,85.0
2132,2020-09-19,34.78836734693878,48.53704081632653,9.588030612244898,0.0,41.8,85.0
2132,2020-09-20,34.26191919191919,48.225050505050504,6.105131313131313,0.0,41.8,85.0
2132,2020-09-21,32.78934065934066,48.36956043956044,2.544879120879121,0.0,41.8,85.0
2132,2020-09-22,31.8381,48.373599999999996,0.71161,0.0,41.8,85.0
2132,2020-09-23,33.8280412371134,47.52061855670103,1.5962371134020619,0.0,41.8,85.0
2132,2020-09-24,33.94020833333333,47.27760416666666,4.401604166666666,0.0,41.8,85.0
2132,2020-09-25,32.678247422680414,46.30474226804124,3.4259484536082474,0.0,41.8,85.0
2132,2020-09-26,32.259684210526316,45.68547368421053,1.107242105263158,0.0,41.8,85.0
2132,2020-09-27,34.7469387755102,45.79642857142857,2.406418367346939,0.0,41.8,85.0
2132,2020-09-28,34.20928571428571,46.56999999999999,1.706612244897959,0.0,41.8,85.0
2132,2020-09-29,32.74550561797753,48.02988764044944,-1.764067415730337,0.0,41.8,85.0
2132,2020-09-30,28.04557894736842,49.75378947368421,-7.390568421052632,0.0,41.8,85.0
2132,2020-10-01,26.202173913043477,51.12826086956522,-5.650739130434783,0.0,41.8,85.0
2132,2020-10-02,23.586947368421054,52.07052631578947,-7.581526315789474,0.0,41.8,85.0
2132,2020-10-03,22.983,53.00750000000001,-6.6154875,0.0,41.8,85.0
2132,2020-10-04,22.29556701030928,53.439484536082475,-6.400412371134021,0.0,41.8,85.0
2132,2020-10-05,24.013265306122452,53.51704081632653,-4.104448979591837,0.0,41.8,85.0
2132,2020-10-06,23.38284210526316,54.81273684210527,-1.1640105263157896,0.0,41.8,85.0
2132,2020-10-07,20.11,56.251720430107525,-4.087505376344086,0.0,41.8,85.0
2132,2020-10-08,16.252978723404254,58.34521276595744,-4.857957446808511,0.0,41.8,85.0
2132,2020-10-09,14.21774193548387,59.85999999999999,-1.2549569892473118,0.0,41.8,85.0
2132,2020-10-10,18.541182795698923,59.84849462365591,-1.629451612903226,0.0,41.8,85.0
2132,2020-10-11,18.92074468085106,62.49978723404255,-5.14486170212766,0.0,41.8,85.0
2132,2020-10-12,15.632624999999999,63.362375,-3.5202375000000004,0.0,41.8,85.0
2132,2020-10-13,14.930869565217392,64.60804347826087,-3.514510869565217,0.0,41.8,85.0
2132,2020-10-14,15.806938775510204,65.11316326530613,-3.0040714285714287,0.0,41.8,85.0
2132,2020-10-15,16.766551724137933,66.33229885057472,-2.5493218390804597,0.0,41.8,85.0
2132,2020-10-16,17.981428571428573,67.34154761904762,-5.437369047619048,0.0,41.8,85.0
2132,2020-10-17,15.65875,68.56385416666667,-5.018093749999999,0.0,41.8,85.0
2132,2020-10-18,14.35881188118812,69.91900990099009,-1.845089108910891,0.0,41.8,85.0
2132,2020-10-19,16.78875,69.32458333333334,-4.77509375,0.0,41.8,85.0
2132,2020-11-04,6.2335714285714285,70.80499999999999,-0.9005,0.0,41.8,85.0
2132,2020-11-05,8.548645833333333,69.775625,0.53978125,0.0,41.8,85.0
2193,2020-11-05,19.166666666666668,53.14555555555555,-8.199166666666667,0.0,25.0,85.0
2196,2020-05-26,36.29117647058824,52.83117647058823,-1.7878235294117648,0.0,53.4,85.0
2196,2020-05-27,36.13,63.04,-2.195,0.0,53.4,85.0
2196,2020-05-28,32.9725,63.5275,-5.62475,0.0,53.4,85.0
2196,2020-05-29,34.15,56.81,-0.808,0.0,53.4,85.0
2196,2020-05-30,32.89666666666667,54.01916666666667,-2.57125,0.0,53.4,85.0
2196,2020-05-31,30.540000000000003,56.42666666666667,-1.9138333333333335,0.0,53.4,85.0
2196,2020-06-01,31.713846153846152,60.51846153846154,-5.1852307692307695,0.0,53.4,85.0
2196,2020-06-02,32.98111111111111,52.492777777777775,-1.1902777777777778,0.0,53.4,85.0
2196,2020-06-03,30.506999999999998,51.464,-3.25295,0.0,53.4,85.0
2196,2020-06-04,33.64692307692308,45.64051282051282,-0.5306666666666666,0.0,53.4,85.0
2196,2020-06-05,32.06771739130435,46.95989130434783,0.193,0.0,53.4,85.0
2196,2020-06-06,30.72294736842105,48.107473684210525,-0.23842105263157898,0.0,53.4,85.0
2196,2020-06-07,30.931938775510204,51.949183673469385,-1.3511632653061225,0.0,53.4,85.0
2196,2020-06-08,30.21666666666667,50.23708333333334,-0.15217708333333332,0.0,53.4,85.0
2196,2020-06-09,31.63285714285714,46.047809523809526,3.506209523809524,0.0,53.4,85.0
2196,2020-06-10,34.288529411764706,47.089019607843134,4.722156862745098,0.0,53.4,85.0
2196,2020-06-11,34.33205882352941,46.148529411764706,0.023088235294117652,0.0,53.4,85.0
2196,2020-06-12,34.892399999999995,48.1026,-1.05312,0.0,53.4,85.0
2196,2020-06-13,34.81901960784314,47.86833333333333,-2.497735294117647,0.0,53.4,85.0
2196,2020-06-14,34.897800000000004,47.2175,-4.49927,0.0,53.4,85.0
2196,2020-06-15,35.10587628865979,46.764123711340204,0.544659793814433,0.0,53.4,85.0
2196,2020-06-16,35.10510204081633,47.22122448979592,3.468,0.0,53.4,85.0
2196,2020-06-17,35.142079207920794,48.10722772277228,6.806504950495049,0.0,53.4,85.0
2196,2020-06-18,35.295445544554454,49.9829702970297,8.190128712871287,0.0,53.4,85.0
2196,2020-06-19,35.376,51.7054,8.8731,0.0,53.4,85.0
2196,2020-06-20,35.31941176470588,53.78313725490196,9.205970588235294,0.0,53.4,85.0
2196,2020-06-21,35.2528125,54.5446875,9.892,0.0,53.4,85.0
2196,2020-06-22,35.457403846153845,55.70182692307692,8.750403846153846,0.0,53.4,85.0
2196,2020-06-23,35.4871,58.1734,1.14911,0.0,53.4,85.0
2196,2020-06-24,35.257282608695654,59.48326086956522,-5.316195652173913,0.0,53.4,85.0
2196,2020-06-25,35.04159090909091,58.75477272727273,-6.606647727272727,0.0,53.4,85.0
2196,2020-06-26,35.0159493670886,56.70417721518987,-3.561645569620253,0.0,53.4,85.0
2196,2020-06-27,35.009499999999996,56.3821,-3.70878,0.0,53.4,85.0
2196,2020-06-28,34.9887,57.0282,-3.61787,0.0,53.4,85.0
2196,2020-06-29,34.84621052631579,56.96642105263158,-0.4670105263157895,0.0,53.4,85.0
2196,2020-06-30,34.81211538461538,57.17846153846154,-2.2595096153846153,0.0,53.4,85.0
2196,2020-07-01,34.80666666666667,74.41980392156863,0.04875490196078424,0.0,53.4,85.0
2196,2020-07-02,34.74101123595506,82.46078651685393,23.353932584269664,0.0,53.4,85.0
2196,2020-07-03,34.758556701030926,69.87051546391753,28.16243298969072,0.0,53.4,85.0
2196,2020-07-04,34.72161290322581,61.800215053763445,20.069602150537634,0.0,53.4,85.0
2196,2020-07-05,34.846,59.537789473684214,3.768,0.0,53.4,85.0
2196,2020-07-06,34.939326923076926,57.73134615384616,2.9425192307692307,0.0,53.4,85.0
2196,2020-07-07,35.0419801980198,56.62950495049505,8.409613861386138,0.0,53.4,85.0
2196,2020-07-08,34.8,61.4638947368421,11.804463157894737,0.0,53.4,85.0
2196,2020-07-09,34.51268115942029,65.991884057971,15.068876811594203,0.0,53.4,85.0
2196,2020-07-10,34.61291666666667,68.62104166666667,16.62140625,0.0,53.4,85.0
2196,2020-07-11,34.79210526315789,68.81335526315789,16.21478947368421,0.0,53.4,85.0
2196,2020-07-12,34.941340206185565,68.65927835051546,10.831278350515465,0.0,53.4,85.0
2196,2020-07-13,34.634684684684686,67.7872072072072,10.251243243243243,0.0,53.4,85.0
2196,2020-07-14,34.513354037267085,66.8816149068323,11.057111801242236,0.0,53.4,85.0
2196,2020-07-15,34.65255172413793,64.66158620689656,11.15718620689655,0.0,53.4,85.0
2196,2020-07-16,34.74737288135593,63.17652542372881,12.912864406779661,0.0,53.4,85.0
2196,2020-07-17,34.76916030534351,62.6118320610687,11.626847328244274,0.0,53.4,85.0
2196,2020-07-18,34.98657657657658,62.244684684684685,14.023855855855855,0.0,53.4,85.0
2196,2020-07-19,34.92443298969072,63.71886597938145,15.771402061855671,0.0,53.4,85.0
2196,2020-07-20,35.02464912280702,64.99043859649123,16.227947368421052,0.0,53.4,85.0
2196,2020-07-21,34.629852941176466,64.43911764705882,14.720713235294118,0.0,53.4,85.0
2196,2020-07-22,34.623824884792626,62.86774193548387,15.042571428571428,0.0,53.4,85.0
2196,2020-07-23,34.9083,61.868900000000004,15.20783,0.0,53.4,85.0
2196,2020-07-24,34.943893805309735,64.59433628318584,10.14037168141593,0.0,53.4,85.0
2196,2020-07-25,34.56928571428572,65.64801587301586,7.8072380952380955,0.0,53.4,85.0
2196,2020-07-26,34.56449152542373,65.47262711864407,-0.38489830508474576,0.0,53.4,85.0
2196,2020-07-27,34.854910714285715,65.69223214285714,-8.236732142857143,0.0,53.4,85.0
2196,2020-07-28,34.87659793814433,66.17237113402062,-8.435257731958764,0.0,53.4,85.0
2196,2020-07-29,34.95544,65.13416000000001,-3.776,0.0,53.4,85.0
2196,2020-07-30,34.63393442622951,63.57967213114755,2.871295081967213,0.0,53.4,85.0
2196,2020-07-31,34.781522491349484,62.050000000000004,-0.24738062283737028,0.0,53.4,85.0
2196,2020-08-01,34.82,62.4574358974359,5.834974358974359,0.0,53.4,85.0
2196,2020-08-02,34.750759493670884,63.083164556962025,4.295759493670886,0.0,53.4,85.0
2196,2020-08-03,34.63744186046512,63.892558139534884,-2.829186046511628,0.0,53.4,85.0
2196,2020-08-04,34.70207920792079,62.225742574257424,-4.541108910891089,0.0,53.4,85.0
2196,2020-08-05,34.74932038834951,61.15708737864078,-5.822106796116505,0.0,53.4,85.0
2196,2020-08-06,34.90058394160584,60.52029197080292,-4.078080291970803,0.0,53.4,85.0
2196,2020-08-07,34.813631284916205,62.23379888268157,-5.370547486033519,0.0,53.4,85.0
2196,2020-08-08,34.95204819277109,62.91686746987952,4.434686746987952,0.0,53.4,85.0
2196,2020-08-09,34.97320895522388,63.250447761194025,8.488358208955225,0.0,53.4,85.0
2196,2020-08-10,34.93251207729468,63.20458937198068,11.446695652173913,0.0,53.4,85.0
2196,2020-08-11,35.110083333333336,63.52016666666667,11.953216666666666,0.0,53.4,85.0
2196,2020-08-12,34.997438016528925,64.33719008264463,11.941776859504131,0.0,53.4,85.0
2196,2020-08-13,34.88745901639344,62.759098360655734,17.19327049180328,0.0,53.4,85.0
2196,2020-08-14,34.88281553398058,60.603495145631065,13.471495145631069,0.0,53.4,85.0
2196,2020-08-15,34.68726495726496,58.376239316239314,9.974444444444444,0.0,53.4,85.0
2196,2020-08-16,34.66525714285714,57.104571428571425,11.478108571428573,0.0,53.4,85.0
2196,2020-08-17,34.692116788321165,56.459416058394154,10.699087591240877,0.0,53.4,85.0
2196,2020-08-18,34.48549019607843,55.50503267973856,9.796071895424836,0.0,53.4,85.0
2196,2020-08-19,34.390851063829786,54.35609929078014,8.930411347517731,0.0,53.4,85.0
2196,2020-08-20,34.36795811518324,52.52523560209424,8.419523560209424,0.0,53.4,85.0
2196,2020-08-21,34.55513227513227,52.055608465608465,5.63315873015873,0.0,53.4,85.0
2196,2020-08-22,34.765541401273886,54.5592356687898,0.41238853503184714,0.0,53.4,85.0
2196,2020-08-23,34.7690404040404,54.943939393939395,10.633080808080807,0.0,53.4,85.0
2196,2020-08-24,34.691126760563385,54.97753521126761,9.772084507042253,0.0,53.4,85.0
2196,2020-08-25,34.56707006369427,55.64350318471338,7.003127388535032,0.0,53.4,85.0
2196,2020-08-26,34.17327586206896,54.158362068965516,5.948827586206896,0.0,53.4,85.0
2196,2020-08-27,34.135636363636365,51.07890909090909,6.740081818181818,0.0,53.4,85.0
2196,2020-08-28,34.35619047619048,50.53857142857143,8.79474149659864,0.0,53.4,85.0
2196,2020-08-29,34.238905109489046,50.82496350364964,6.3183868613138685,0.0,53.4,85.0
2196,2020-08-30,34.06918918918919,52.79047297297297,0.5823108108108108,0.0,53.4,85.0
2196,2020-08-31,34.14548913043478,52.4958152173913,1.7998206521739133,0.0,53.4,85.0
2196,2020-09-01,34.7138596491228,52.22666666666667,8.683298245614035,0.0,53.4,85.0
2196,2020-09-02,34.41013157894737,53.9046052631579,1.6537368421052632,0.0,53.4,85.0
2196,2020-09-03,34.1529696969697,54.86115151515152,-2.038333333333333,0.0,53.4,85.0
2196,2020-09-04,34.56192546583851,54.92950310559006,1.456192546583851,0.0,53.4,85.0
2196,2020-09-05,34.11532019704433,53.49211822660099,4.4254827586206895,0.0,53.4,85.0
2196,2020-09-06,34.055,52.705600000000004,6.000593333333334,0.0,53.4,85.0
2196,2020-09-07,33.692486187845304,52.255856353591156,11.880850828729283,0.0,53.4,85.0
2196,2020-09-08,33.70376470588236,53.101470588235294,8.384735294117647,0.0,53.4,85.0
2196,2020-09-09,33.11094444444445,53.931555555555555,9.460555555555556,0.0,53.4,85.0
2196,2020-09-10,32.33016393442623,54.97918032786885,2.9123196721311477,0.0,53.4,85.0
2196,2020-09-11,32.272993197278915,56.10523809523809,4.85421768707483,0.0,53.4,85.0
2196,2020-09-12,32.614670658682634,54.872994011976054,10.145047904191616,0.0,53.4,85.0
2196,2020-09-13,32.06430656934307,54.84226277372263,8.490058394160583,0.0,53.4,85.0
2196,2020-09-14,31.496256983240222,56.57793296089386,0.09273184357541904,0.0,53.4,85.0
2196,2020-09-15,29.49407142857143,58.44707142857143,2.4450214285714287,0.0,53.4,85.0
2196,2020-09-16,30.176770833333332,59.00791666666667,-0.0710208333333333,0.0,53.4,85.0
2196,2020-09-17,31.049032258064514,58.192580645161286,2.8374193548387097,0.0,53.4,85.0
2196,2020-09-18,34.26244680851064,49.912446808510644,15.317127659574467,0.0,53.4,85.0
2196,2020-09-19,34.92722772277228,43.876633663366334,12.885326732673267,0.0,53.4,85.0
2196,2020-09-20,34.82466019417476,42.6326213592233,10.598417475728155,0.0,53.4,85.0
2196,2020-09-21,32.15821052631579,42.9661052631579,8.049305263157894,0.0,53.4,85.0
2196,2020-09-22,29.190416666666668,45.346562500000005,7.74403125,0.0,53.4,85.0
2196,2020-09-23,31.704895833333335,46.01864583333333,9.776614583333334,0.0,53.4,85.0
2196,2020-09-24,32.42787878787879,46.803939393939395,8.93489898989899,0.0,53.4,85.0
2196,2020-09-25,31.28029411764706,46.399313725490195,8.32256862745098,0.0,53.4,85.0
2196,2020-09-26,31.6148,46.5282,6.16488,0.0,53.4,85.0
2196,2020-09-27,32.29,48.29646464646465,3.5608787878787878,0.0,53.4,85.0
2196,2020-09-28,31.190900000000003,50.813100000000006,2.55887,0.0,53.4,85.0
2196,2020-09-29,29.486632653061225,53.53224489795918,-0.8766326530612245,0.0,53.4,85.0
2196,2020-09-30,25.6583,54.9585,-8.1811,0.0,53.4,85.0
2196,2020-10-01,24.05054794520548,56.171643835616436,-8.739602739726028,0.0,53.4,85.0
2196,2020-10-02,22.233854166666664,57.870625,-8.19475,0.0,53.4,85.0
2196,2020-10-03,22.019259259259258,59.11,-4.5284814814814816,0.0,53.4,85.0
2196,2020-10-04,21.24776699029126,60.37864077669903,-4.594466019417476,0.0,53.4,85.0
2196,2020-10-05,22.317830188679245,61.16688679245283,-4.274292452830188,0.0,53.4,85.0
2196,2020-10-06,23.98829268292683,62.96073170731707,-5.517658536585365,0.0,53.4,85.0
2196,2020-10-07,19.89298969072165,65.38711340206186,-8.516484536082475,0.0,53.4,85.0
2196,2020-10-08,17.44079207920792,67.80673267326732,-7.310108910891089,0.0,53.4,85.0
2196,2020-10-09,15.636428571428572,69.9995918367347,-5.450173469387755,0.0,53.4,85.0
2196,2020-10-10,19.80136842105263,71.34463157894737,-5.534715789473684,0.0,53.4,85.0
2196,2020-10-11,18.170105263157897,74.6678947368421,-5.012957894736842,0.0,53.4,85.0
2196,2020-10-12,15.17594936708861,74.78658227848102,-4.691810126582279,0.0,53.4,85.0
2196,2020-10-13,14.800120481927712,75.13493975903614,-5.610349397590362,0.0,53.4,85.0
2196,2020-10-14,16.061411764705884,75.26341176470589,-6.731411764705882,0.0,53.4,85.0
2196,2020-10-15,17.187611940298506,76.60149253731343,-6.260432835820896,0.0,53.4,85.0
2196,2020-10-16,17.444285714285712,78.04369047619048,-8.230619047619047,0.0,53.4,85.0
2196,2020-10-17,15.912268041237114,79.30144329896908,-6.701711340206186,0.0,53.4,85.0
2196,2020-10-18,13.19556701030928,80.83752577319588,-5.631041237113402,0.0,53.4,85.0
2196,2020-10-19,15.894787234042552,80.26936170212765,-5.939255319148936,0.0,53.4,85.0
2196,2020-11-05,10.224,78.31816666666667,-1.4734,0.0,53.4,85.0
2202,2020-05-26,31.343205128205128,42.17769230769231,1.2633589743589744,0.0,25.0,85.0
2202,2020-05-27,36.02,60.39,-0.519,0.0,25.0,85.0
2202,2020-05-28,34.735,66.58333333333333,-7.675,0.0,25.0,85.0
2202,2020-05-29,32.215,62.03,-2.4385,0.0,25.0,85.0
2202,2020-05-30,33.52333333333333,57.669999999999995,-4.441999999999999,0.0,25.0,85.0
2202,2020-05-31,28.116000000000003,71.09200000000001,-3.3623999999999996,0.0,25.0,85.0
2202,2020-06-01,31.386666666666667,63.145,-8.854166666666666,0.0,25.0,85.0
2202,2020-06-02,35.77142857142857,59.49928571428571,-7.491642857142857,0.0,25.0,85.0
2202,2020-06-03,27.805238095238092,68.7104761904762,-6.88,0.0,25.0,85.0
2202,2020-06-04,33.72127659574468,61.52531914893617,-1.603255319148936,0.0,25.0,85.0
2202,2020-06-05,31.880736842105264,63.70357894736842,-2.3752105263157897,0.0,25.0,85.0
2202,2020-06-06,30.562736842105263,64.73936842105263,-7.696810526315789,0.0,25.0,85.0
2202,2020-06-07,30.698191489361704,64.38606382978723,-9.162191489361701,0.0,25.0,85.0
2202,2020-06-08,31.131666666666664,62.371764705882356,-9.147039215686275,0.0,25.0,85.0
2202,2020-06-09,31.36294117647059,60.757745098039216,-6.982274509803922,0.0,25.0,85.0
2202,2020-06-10,32.1606862745098,55.85558823529412,-7.729852941176471,0.0,25.0,85.0
2202,2020-06-11,32.89846938775511,52.90255102040816,-9.966938775510204,0.0,25.0,85.0
2202,2020-06-12,33.20432692307692,50.28807692307692,-8.566634615384615,0.0,25.0,85.0
2202,2020-06-13,32.62309278350516,47.156185567010304,-6.324329896907217,0.0,25.0,85.0
2202,2020-06-14,33.073365384615386,46.24692307692308,-5.4709903846153844,0.0,25.0,85.0
2202,2020-06-15,33.508217821782175,45.207326732673266,-5.12850495049505,0.0,25.0,85.0
2202,2020-06-16,33.662,44.77227272727273,-3.730390909090909,0.0,25.0,85.0
2202,2020-06-17,34.001799999999996,44.5019,-2.8212599999999997,0.0,25.0,85.0
2202,2020-06-18,34.434270833333336,45.2603125,-3.5957291666666666,0.0,25.0,85.0
2202,2020-06-19,34.528,46.109899999999996,-4.48967,0.0,25.0,85.0
2202,2020-06-20,34.264848484848486,46.95363636363636,-5.187979797979798,0.0,25.0,85.0
2202,2020-06-21,34.397,47.8134,-3.80687,0.0,25.0,85.0
2202,2020-06-22,34.59278350515464,49.54731958762887,-6.122845360824742,0.0,25.0,85.0
2202,2020-06-23,34.38908163265306,53.597755102040814,-9.991561224489796,0.0,25.0,85.0
2202,2020-06-24,34.068000000000005,55.1584,-9.92512,0.0,25.0,85.0
2202,2020-06-25,33.94637254901961,54.46696078431373,-9.99835294117647,0.0,25.0,85.0
2202,2020-06-26,34.034271844660196,52.7973786407767,-9.980417475728155,0.0,25.0,85.0
2202,2020-06-27,33.61787037037037,52.312777777777775,-9.945194444444443,0.0,25.0,85.0
2202,2020-06-28,33.853265306122445,52.990102040816325,-9.954897959183674,0.0,25.0,85.0
2202,2020-06-29,33.27848484848485,53.89282828282828,-9.972424242424243,0.0,25.0,85.0
2202,2020-06-30,32.81071428571428,54.27346938775511,-9.97157142857143,0.0,25.0,85.0
2202,2020-07-01,33.230624999999996,55.11729166666667,-9.6330625,0.0,25.0,85.0
2202,2020-07-02,33.378181818181815,56.82828282828283,-9.243343434343435,0.0,25.0,85.0
2202,2020-07-03,33.15231578947368,58.25715789473684,-9.382442105263157,0.0,25.0,85.0
2202,2020-07-04,33.344081632653065,58.79397959183674,-7.9009387755102045,0.0,25.0,85.0
2202,2020-07-05,33.536352941176474,59.885176470588235,-9.28690588235294,0.0,25.0,85.0
2202,2020-07-06,33.899081632653065,58.55051020408163,-9.234306122448979,0.0,25.0,85.0
2202,2020-07-07,34.328842105263156,56.95589473684211,-5.588936842105262,0.0,25.0,85.0
2202,2020-07-08,34.7436170212766,58.72659574468085,-1.9378617021276594,0.0,25.0,85.0
2202,2020-07-09,34.773043478260874,59.77615942028986,-3.0135652173913043,0.0,25.0,85.0
2202,2020-07-10,34.99188888888889,61.403000000000006,0.254,0.0,25.0,85.0
2202,2020-07-11,34.89659574468085,62.09085106382979,1.5340957446808512,0.0,25.0,85.0
2202,2020-07-12,35.117431192660554,62.518256880733944,-1.9784128440366973,0.0,25.0,85.0
2202,2020-07-13,34.875744680851064,61.93851063829787,0.16313475177304967,0.0,25.0,85.0
2202,2020-07-14,34.558598726114646,61.914140127388535,1.4464777070063695,0.0,25.0,85.0
2202,2020-07-15,34.71193370165746,60.45353591160221,4.191359116022099,0.0,25.0,85.0
2202,2020-07-16,34.63241935483871,60.63,5.2694838709677425,0.0,25.0,85.0
2202,2020-07-17,34.46108695652174,61.5104347826087,5.669304347826087,0.0,25.0,85.0
2202,2020-07-18,34.750283018867925,61.225754716981136,6.457509433962264,0.0,25.0,85.0
2202,2020-07-19,34.639896907216496,63.353092783505154,8.06401030927835,0.0,25.0,85.0
2202,2020-07-20,35.00509090909091,63.8861212121212,7.2260484848484845,0.0,25.0,85.0
2202,2020-07-21,34.41801242236025,63.25248447204969,4.508260869565218,0.0,25.0,85.0
2202,2020-07-22,34.49229357798165,63.50091743119266,7.611091743119267,0.0,25.0,85.0
2202,2020-07-23,34.548611111111114,64.18981481481481,5.180083333333333,0.0,25.0,85.0
2202,2020-07-24,34.69864197530865,61.77098765432098,-3.1475802469135803,0.0,25.0,85.0
2202,2020-07-25,34.60107594936709,60.29335443037975,3.3245253164556963,0.0,25.0,85.0
2202,2020-07-26,34.69205020920502,62.34878661087866,0.7336527196652719,0.0,25.0,85.0
2202,2020-07-27,34.99887417218543,64.19294701986755,-5.7561490066225165,0.0,25.0,85.0
2202,2020-07-28,34.73375,63.21941666666667,-7.26555,0.0,25.0,85.0
2202,2020-07-29,34.81198412698413,61.53174603174603,-2.7083730158730157,0.0,25.0,85.0
2202,2020-07-30,34.49346153846154,61.65615384615385,3.058705128205128,0.0,25.0,85.0
2202,2020-07-31,34.42296703296703,62.16197802197802,3.7803956043956046,0.0,25.0,85.0
2202,2020-08-01,33.9754,62.580600000000004,4.29842,0.0,25.0,85.0
2202,2020-08-02,33.992588235294114,62.97176470588236,4.110364705882353,0.0,25.0,85.0
2202,2020-08-03,34.42305263157895,63.02147368421053,2.1822526315789474,0.0,25.0,85.0
2202,2020-08-04,34.22675496688741,60.156026490066225,-0.3303311258278146,0.0,25.0,85.0
2202,2020-08-05,34.40267605633803,58.730915492957756,-1.3410774647887322,0.0,25.0,85.0
2202,2020-08-06,34.28137724550898,56.76502994011976,-2.3982934131736524,0.0,25.0,85.0
2202,2020-08-07,34.8950303030303,57.38333333333333,-2.3337636363636367,0.0,25.0,85.0
2202,2020-08-08,34.84103448275862,57.48405172413793,-1.7792586206896552,0.0,25.0,85.0
2202,2020-08-09,34.870148514851486,57.135990099009895,-2.8262524752475247,0.0,25.0,85.0
2202,2020-08-10,34.92607594936709,57.58462025316456,-6.096303797468354,0.0,25.0,85.0
2202,2020-08-11,35.08447368421053,58.63859649122807,-6.161263157894737,0.0,25.0,85.0
2202,2020-08-12,34.84671052631579,59.718355263157896,-6.010131578947369,0.0,25.0,85.0
2202,2020-08-13,34.684896551724144,58.263448275862075,-6.0450620689655175,0.0,25.0,85.0
2202,2020-08-14,34.41408759124087,55.74153284671533,-3.258153284671533,0.0,25.0,85.0
2202,2020-08-15,34.409122807017546,54.427280701754384,-2.0203070175438596,0.0,25.0,85.0
2202,2020-08-16,34.495,54.73933333333333,0.9060333333333334,0.0,25.0,85.0
2202,2020-08-17,34.3625974025974,56.43584415584416,2.6222662337662337,0.0,25.0,85.0
2202,2020-08-18,34.5495,58.590142857142865,0.3440785714285714,0.0,25.0,85.0
2202,2020-08-19,34.412093023255814,56.725503875969,1.0007364341085272,0.0,25.0,85.0
2202,2020-08-20,34.41538961038961,54.65616883116883,1.6706233766233767,0.0,25.0,85.0
2202,2020-08-21,34.328993710691826,54.26849056603774,1.0354339622641509,0.0,25.0,85.0
2203,2020-05-26,40.077999999999996,42.072,15.4042,0.0,50.6,85.0
2203,2020-05-27,35.89,47.95,19.778,0.0,50.6,85.0
2203,2020-05-28,35.93666666666667,44.98777777777778,7.010222222222222,0.0,50.6,85.0
2203,2020-05-29,36.26285714285714,43.95142857142857,5.461571428571429,0.0,50.6,85.0
2203,2020-05-30,34.3925,47.015,-9.1,0.0,50.6,85.0
2203,2020-05-31,29.5075,48.832499999999996,-9.3885,0.0,50.6,85.0
2203,2020-06-01,30.19214285714286,49.026428571428575,-8.662357142857143,0.0,50.6,85.0
2203,2020-06-02,33.47652173913043,47.805217391304346,-7.665608695652174,0.0,50.6,85.0
2203,2020-06-03,33.182307692307695,47.78230769230769,5.634230769230769,0.0,50.6,85.0
2203,2020-06-04,35.24595238095238,48.63452380952381,5.782452380952381,0.0,50.6,85.0
2203,2020-06-05,35.42742268041237,50.72010309278351,4.719505154639175,0.0,50.6,85.0
2203,2020-06-06,35.12595959595959,54.727171717171714,2.992212121212121,0.0,50.6,85.0
2203,2020-06-07,35.20305263157895,50.84631578947368,1.551736842105263,0.0,50.6,85.0
2203,2020-06-08,35.32632653061224,51.32714285714286,3.724581632653061,0.0,50.6,85.0
2203,2020-06-09,35.51510416666667,52.17947916666666,4.713697916666667,0.0,50.6,85.0
2203,2020-06-10,35.552,53.491899999999994,9.127839999999999,0.0,50.6,85.0
2203,2020-06-11,35.455,57.81788461538462,9.667076923076923,0.0,50.6,85.0
2203,2020-06-12,35.39932692307693,61.44240384615385,8.830692307692306,0.0,50.6,85.0
2203,2020-06-13,35.176732673267324,60.69970297029703,7.484871287128713,0.0,50.6,85.0
2203,2020-06-14,35.129705882352944,65.08088235294117,7.1812450980392155,0.0,50.6,85.0
2203,2020-06-15,35.20214285714286,67.78489795918368,7.745306122448979,0.0,50.6,85.0
2203,2020-06-16,35.26990476190476,69.89685714285714,9.292980952380953,0.0,50.6,85.0
2203,2020-06-17,35.333267326732674,69.34514851485149,9.975,0.0,50.6,85.0
2203,2020-06-18,35.297924528301884,66.16103773584905,9.818150943396226,0.0,50.6,85.0
2203,2020-06-19,35.295300000000005,62.405,9.71129,0.0,50.6,85.0
2203,2020-06-20,35.14319587628866,66.05494845360825,7.973639175257731,0.0,50.6,85.0
2203,2020-06-21,35.210103092783505,60.673608247422685,8.890927835051546,0.0,50.6,85.0
2203,2020-06-22,35.23401960784314,61.02754901960785,9.168941176470588,0.0,50.6,85.0
2203,2020-06-23,35.5669387755102,62.374591836734695,10.820336734693878,0.0,50.6,85.0
2203,2020-06-24,35.572626262626265,70.71535353535353,12.824747474747475,0.0,50.6,85.0
2203,2020-06-25,35.39649484536083,72.54896907216495,10.775793814432989,0.0,50.6,85.0
2203,2020-06-26,35.190588235294115,70.20882352941176,10.44999019607843,0.0,50.6,85.0
2203,2020-06-27,35.121818181818185,68.0190909090909,10.450045454545455,0.0,50.6,85.0
2203,2020-06-28,35.23365384615385,65.72115384615384,11.951807692307693,0.0,50.6,85.0
2203,2020-06-29,35.09271739130435,66.13608695652174,11.865141304347826,0.0,50.6,85.0
2203,2020-06-30,35.0788,66.2666,11.2588,0.0,50.6,85.0
2203,2020-07-01,35.077200000000005,66.5028,12.863119999999999,0.0,50.6,85.0
2203,2020-07-03,35.320238095238096,66.47880952380953,13.617333333333333,0.0,50.6,85.0
2203,2020-07-04,35.26510204081632,65.47357142857143,12.965255102040816,0.0,50.6,85.0
2203,2020-07-05,35.240721649484534,63.17350515463917,10.712731958762886,0.0,50.6,85.0
2203,2020-07-06,35.294387755102036,61.52357142857143,10.037051020408162,0.0,50.6,85.0
2203,2020-07-07,35.217835051546395,61.48474226804123,10.178824742268041,0.0,50.6,85.0
2203,2020-07-08,35.37759259259259,62.75814814814815,11.92374074074074,0.0,50.6,85.0
2203,2020-07-09,35.55243781094527,64.89442786069652,13.955542288557213,0.0,50.6,85.0
2203,2020-07-10,35.70896739130435,65.39380434782608,12.480777173913044,0.0,50.6,85.0
2203,2020-07-11,35.566500000000005,65.27312500000001,10.854537500000001,0.0,50.6,85.0
2203,2020-07-12,35.611224489795916,65.50989795918368,10.462816326530612,0.0,50.6,85.0
2203,2020-07-13,35.46961165048543,65.11660194174758,10.12309708737864,0.0,50.6,85.0
2203,2020-07-14,35.218686868686866,63.28020202020202,7.082989898989899,0.0,50.6,85.0
2203,2020-07-15,35.34869565217391,60.28717391304348,9.188304347826087,0.0,50.6,85.0
2203,2020-07-16,35.285714285714285,60.1904081632653,9.599816326530613,0.0,50.6,85.0
2203,2020-07-17,35.233363636363634,61.20172727272727,10.353018181818182,0.0,50.6,85.0
2203,2020-07-18,35.315858585858585,61.08929292929293,9.583959595959596,0.0,50.6,85.0
2203,2020-07-19,35.3711377245509,64.92502994011976,11.171736526946107,0.0,50.6,85.0
2203,2020-07-20,35.45989898989899,66.40212121212122,10.292565656565657,0.0,50.6,85.0
2203,2020-07-21,35.58355140186916,67.65168224299065,14.755196261682244,0.0,50.6,85.0
2203,2020-07-22,35.326039603960396,69.87891089108912,15.08440594059406,0.0,50.6,85.0
2203,2020-07-23,35.31361111111111,73.13481481481482,15.449944444444444,0.0,50.6,85.0
2203,2020-07-24,35.315046728971964,72.24775700934579,14.817682242990655,0.0,50.6,85.0
2203,2020-07-25,35.2513,69.83109999999999,13.71987,0.0,50.6,85.0
2203,2020-07-26,35.36896551724138,68.01086206896552,14.22726724137931,0.0,50.6,85.0
2203,2020-07-27,35.41759259259259,67.94,14.067842592592593,0.0,50.6,85.0
2203,2020-07-28,35.203806451612905,67.68225806451613,11.531341935483871,0.0,50.6,85.0
2203,2020-07-29,35.20595041322314,67.3303305785124,12.439834710743803,0.0,50.6,85.0
2203,2020-07-30,35.19959459459459,66.98506756756757,11.777317567567566,0.0,50.6,85.0
2203,2020-07-31,35.24378378378378,66.7448108108108,12.140945945945944,0.0,50.6,85.0
2203,2020-08-01,35.23177419354838,66.34451612903226,12.468096774193548,0.0,50.6,85.0
2203,2020-08-02,35.24236842105263,65.94855263157895,13.06567105263158,0.0,50.6,85.0
2203,2020-08-03,35.26207920792079,64.91653465346535,6.808554455445544,0.0,50.6,85.0
2203,2020-08-04,34.75704761904762,63.04152380952381,-9.436114285714286,0.0,50.6,85.0
2203,2020-08-05,34.90342857142857,62.481199999999994,-7.843228571428572,0.0,50.6,85.0
2203,2020-08-06,34.7541095890411,60.93876712328767,-5.653315068493151,0.0,50.6,85.0
2203,2020-08-07,34.9131847133758,59.50694267515924,-6.7998598726114645,0.0,50.6,85.0
2203,2020-08-08,34.96447916666667,59.565,-6.8937083333333335,0.0,50.6,85.0
2203,2020-08-09,34.892160000000004,59.89072,-8.236216,0.0,50.6,85.0
2203,2020-08-10,34.86314685314686,60.28559440559441,-7.715097902097902,0.0,50.6,85.0
2203,2020-08-11,35.16267716535433,60.644803149606304,-7.119094488188976,0.0,50.6,85.0
2203,2020-08-12,34.900944881889764,62.30307086614173,-4.022133858267717,0.0,50.6,85.0
2203,2020-08-13,34.96762711864407,61.73449152542373,-5.311347457627119,0.0,50.6,85.0
2203,2020-08-14,34.77035398230089,61.10044247787611,-6.018964601769912,0.0,50.6,85.0
2203,2020-08-15,34.76302752293578,60.31211009174312,-4.202009174311927,0.0,50.6,85.0
2203,2020-08-16,34.883750000000006,59.66470588235294,-7.066161764705883,0.0,50.6,85.0
2203,2020-08-17,34.75335195530727,59.79055865921788,-8.73173184357542,0.0,50.6,85.0
2203,2020-08-18,34.54864864864865,59.215999999999994,-8.32445945945946,0.0,50.6,85.0
2203,2020-08-19,34.47959770114942,57.12931034482759,-5.87980459770115,0.0,50.6,85.0
2203,2020-08-20,34.79634482758621,55.587172413793105,-5.782524137931034,0.0,50.6,85.0
2203,2020-08-21,35.08561224489796,57.31015306122448,-9.840857142857143,0.0,50.6,85.0
2203,2020-08-22,34.907476635514016,58.32635514018692,-9.22596261682243,0.0,50.6,85.0
2203,2020-08-23,34.9009375,58.90109375,-5.547796875,0.0,50.6,85.0
2203,2020-08-24,34.68050505050505,59.035353535353536,-5.0152626262626265,0.0,50.6,85.0
2203,2020-08-25,34.54277419354839,59.13096774193548,-1.1563483870967743,0.0,50.6,85.0
2203,2020-08-26,34.162340425531916,57.659007092198586,3.6791843971631204,0.0,50.6,85.0
2203,2020-08-27,34.263987730061345,55.15730061349693,5.983030674846626,0.0,50.6,85.0
2203,2020-08-28,34.404545454545456,55.34672727272728,5.723245454545455,0.0,50.6,85.0
2203,2020-08-29,34.02129310344827,56.778965517241375,6.9279741379310344,0.0,50.6,85.0
2203,2020-08-30,33.546962962962965,57.99792592592593,4.7095925925925926,0.0,50.6,85.0
2203,2020-08-31,34.02919642857143,57.15526785714286,2.986651785714286,0.0,50.6,85.0
2203,2020-09-01,34.11323529411764,57.53435294117647,5.4357,0.0,50.6,85.0
2203,2020-09-02,33.93964285714286,58.553714285714285,0.013492857142857115,0.0,50.6,85.0
2203,2020-09-03,33.95375,58.19321428571429,-4.952866071428572,0.0,50.6,85.0
2203,2020-09-04,34.2501724137931,57.61422413793103,0.22255172413793106,0.0,50.6,85.0
2203,2020-09-05,34.130360360360356,57.06558558558558,3.7425315315315313,0.0,50.6,85.0
2203,2020-09-06,33.98945945945946,57.101441441441445,4.374027027027027,0.0,50.6,85.0
2203,2020-09-07,33.65531914893617,57.89882978723404,2.4523510638297874,0.0,50.6,85.0
2203,2020-09-08,34.17540540540541,58.34108108108108,0.20117567567567565,0.0,50.6,85.0
2203,2020-09-09,33.04858333333333,58.53608333333333,-2.414325,0.0,50.6,85.0
2203,2020-09-10,30.889237288135593,58.36508474576271,-3.3648898305084747,0.0,50.6,85.0
2203,2020-09-11,30.948333333333338,57.65611111111111,-5.491888888888889,0.0,50.6,85.0
2204,2020-05-26,34.854285714285716,51.14714285714285,0.9135714285714285,0.0,40.8,85.0
2204,2020-05-28,33.595,57.67,16.363,0.0,40.8,85.0
2204,2020-05-30,31.82,56.53,16.837,0.0,40.8,85.0
2204,2020-06-01,28.85,72.34,16.177,0.0,40.8,85.0
2204,2020-06-02,24.871666666666666,70.42,13.636000000000001,0.0,40.8,85.0
2204,2020-06-03,31.32,57.53,16.97,0.0,40.8,85.0
2204,2020-06-04,34.13305555555556,54.20944444444444,18.777416666666667,0.0,40.8,85.0
2204,2020-06-05,32.50488888888889,52.98177777777777,18.48978888888889,0.0,40.8,85.0
2204,2020-06-06,30.810515463917525,51.997731958762884,18.29676288659794,0.0,40.8,85.0
2204,2020-06-07,31.343617021276597,58.46191489361702,17.974063829787234,0.0,40.8,85.0
2204,2020-06-08,31.109019607843138,53.80088235294117,16.976950980392157,0.0,40.8,85.0
2204,2020-06-09,32.292178217821785,51.60336633663366,11.462128712871287,0.0,40.8,85.0
2204,2020-06-10,34.36046728971963,54.35364485981309,-0.3383738317757009,0.0,40.8,85.0
2204,2020-06-11,34.677211538461535,53.567596153846154,-2.8046923076923074,0.0,40.8,85.0
2204,2020-06-12,34.840673076923075,53.739134615384614,0.30046153846153845,0.0,40.8,85.0
2204,2020-06-13,34.88509803921569,53.89696078431373,2.4610392156862746,0.0,40.8,85.0
2204,2020-06-14,35.07813725490196,54.70049019607843,3.1628529411764705,0.0,40.8,85.0
2204,2020-06-15,35.31476190476191,54.902857142857144,6.43812380952381,0.0,40.8,85.0
2204,2020-06-16,35.36125,54.06346153846154,6.950701923076924,0.0,40.8,85.0
2204,2020-06-17,35.42339622641509,56.344811320754715,8.09283962264151,0.0,40.8,85.0
2204,2020-06-18,35.4571,58.50770000000001,10.12605,0.0,40.8,85.0
2204,2020-06-19,35.582844036697246,60.575688073394495,13.949688073394496,0.0,40.8,85.0
2204,2020-06-20,35.47274509803921,61.25627450980392,14.240745098039216,0.0,40.8,85.0
2204,2020-06-21,35.49940594059406,64.50138613861387,16.104059405940593,0.0,40.8,85.0
2204,2020-06-22,35.57821782178218,65.37207920792079,19.056138613861386,0.0,40.8,85.0
2204,2020-06-23,35.50875,65.0584375,21.571749999999998,0.0,40.8,85.0
2204,2020-06-24,35.258877551020404,66.74540816326531,16.4820306122449,0.0,40.8,85.0
2204,2020-06-25,35.33549019607843,63.91696078431372,17.10255882352941,0.0,40.8,85.0
2204,2020-06-26,35.24904761904762,64.35742857142857,15.509942857142859,0.0,40.8,85.0
2204,2020-06-27,35.105490196078435,64.26862745098039,15.579088235294117,0.0,40.8,85.0
2204,2020-06-28,35.045392156862746,67.11254901960784,11.9465,0.0,40.8,85.0
2204,2020-06-29,34.928979591836736,71.08091836734694,14.114397959183673,0.0,40.8,85.0
2204,2020-06-30,34.88364583333333,72.72052083333334,12.625989583333334,0.0,40.8,85.0
2204,2020-07-01,34.86659574468085,69.54191489361702,16.23712765957447,0.0,40.8,85.0
2204,2020-07-02,34.827083333333334,69.36802083333333,17.69092708333333,0.0,40.8,85.0
2204,2020-07-03,34.8459793814433,69.51979381443299,16.091474226804124,0.0,40.8,85.0
2204,2020-07-04,34.87009708737864,65.81941747572816,16.02560194174757,0.0,40.8,85.0
2204,2020-07-05,34.92918367346939,64.95377551020408,14.150673469387756,0.0,40.8,85.0
2204,2020-07-06,34.904526315789475,68.13178947368422,14.156326315789475,0.0,40.8,85.0
2204,2020-07-07,35.00163265306122,67.58602040816326,12.336530612244898,0.0,40.8,85.0
2204,2020-07-08,34.944848484848485,72.15868686868687,8.70178787878788,0.0,40.8,85.0
2204,2020-07-09,34.743484848484854,72.4889393939394,15.97535606060606,0.0,40.8,85.0
2204,2020-07-10,34.8456,70.9792,20.28927,0.0,40.8,85.0
2204,2020-07-11,34.660526315789475,70.11231578947368,18.352789473684208,0.0,40.8,85.0
2204,2020-07-12,34.97723214285714,68.62839285714286,15.071142857142858,0.0,40.8,85.0
2204,2020-07-13,35.04405797101449,67.40717391304348,17.67755072463768,0.0,40.8,85.0
2204,2020-07-14,34.97143540669856,65.76287081339713,15.97832057416268,0.0,40.8,85.0
2204,2020-07-15,35.02118881118881,64.03426573426573,12.650982517482518,0.0,40.8,85.0
2204,2020-07-16,35.02247933884298,66.08801652892562,18.060363636363636,0.0,40.8,85.0
2204,2020-07-17,34.918608695652175,64.46504347826087,17.81060869565217,0.0,40.8,85.0
2204,2020-07-18,35.14246153846154,62.36707692307692,15.271738461538462,0.0,40.8,85.0
2204,2020-07-19,34.93190476190476,68.92119047619047,22.16484523809524,0.0,40.8,85.0
2204,2020-07-20,35.03951612903226,68.95322580645161,19.751274193548387,0.0,40.8,85.0
2204,2020-07-21,34.90925925925926,67.80807407407407,18.566385185185187,0.0,40.8,85.0
2204,2020-07-22,34.91592105263158,67.46519736842104,18.850703947368423,0.0,40.8,85.0
2204,2020-07-23,35.54151515151515,68.30848484848484,13.924484848484848,0.0,40.8,85.0
2204,2020-07-24,35.03111111111111,67.32212121212122,16.047959595959597,0.0,40.8,85.0
2204,2020-07-25,34.725,69.05857142857143,18.536964285714284,0.0,40.8,85.0
2204,2020-07-26,34.602871287128714,66.79316831683168,16.373782178217823,0.0,40.8,85.0
2204,2020-07-27,35.05869230769231,65.43653846153846,12.986676923076923,0.0,40.8,85.0
2204,2020-07-28,35.006,64.271,11.549642857142857,0.0,40.8,85.0
2204,2020-07-29,35.35476190476191,67.06904761904762,13.51344761904762,0.0,40.8,85.0
2204,2020-07-30,34.730229885057476,66.66655172413793,19.206,0.0,40.8,85.0
2204,2020-07-31,34.66354166666667,66.82916666666667,19.27453125,0.0,40.8,85.0
2204,2020-08-01,34.463626373626376,68.65461538461538,21.26952747252747,0.0,40.8,85.0
2204,2020-08-02,34.47277777777778,67.61288888888889,19.759788888888888,0.0,40.8,85.0
2204,2020-08-03,34.5101030927835,65.56515463917526,15.694123711340206,0.0,40.8,85.0
2204,2020-08-04,34.83246231155779,60.34718592964824,9.70667336683417,0.0,40.8,85.0
2204,2020-08-05,34.96626666666666,61.20313333333333,3.95276,0.0,40.8,85.0
2204,2020-08-06,34.797627118644066,58.42983050847458,5.465186440677966,0.0,40.8,85.0
2204,2020-08-07,34.97730769230769,61.229551282051276,7.214602564102565,0.0,40.8,85.0
2204,2020-08-08,34.926043956043955,60.722967032967034,12.065054945054946,0.0,40.8,85.0
2204,2020-08-09,34.95297142857142,62.33839999999999,14.434102857142856,0.0,40.8,85.0
2204,2020-08-10,34.900689655172414,63.52206896551724,17.079891625615762,0.0,40.8,85.0
2204,2020-08-11,34.99718446601942,65.08038834951456,17.69273786407767,0.0,40.8,85.0
2204,2020-08-12,34.80784,66.04872,18.26264,0.0,40.8,85.0
2204,2020-08-13,34.79732876712329,64.07465753424657,13.954143835616438,0.0,40.8,85.0
2204,2020-08-14,34.69785046728972,61.6785046728972,11.238803738317756,0.0,40.8,85.0
2204,2020-08-15,34.46574468085107,60.73723404255319,8.537787234042554,0.0,40.8,85.0
2204,2020-08-16,34.801904761904765,61.99809523809524,16.489142857142856,0.0,40.8,85.0
2204,2020-08-17,34.6687619047619,61.569809523809525,13.554123809523809,0.0,40.8,85.0
2204,2020-08-18,34.52792452830189,60.16933962264151,9.525962264150943,0.0,40.8,85.0
2204,2020-08-19,34.5653125,59.887708333333336,6.6539062499999995,0.0,40.8,85.0
2204,2020-08-20,34.60650485436893,60.25,8.792708737864078,0.0,40.8,85.0
2204,2020-08-21,34.83470588235294,61.90873949579832,12.077025210084033,0.0,40.8,85.0
2204,2020-08-22,34.923354430379746,65.27215189873418,11.368,0.0,40.8,85.0
2204,2020-08-23,34.70134920634921,65.13230158730158,16.455285714285715,0.0,40.8,85.0
2204,2020-08-24,34.56583333333333,63.71993333333333,18.24266,0.0,40.8,85.0
2204,2020-08-25,34.6273595505618,61.26196629213483,12.73185393258427,0.0,40.8,85.0
2204,2020-08-26,34.404087591240874,56.78744525547445,7.053452554744525,0.0,40.8,85.0
2204,2020-08-27,34.297599999999996,56.77328,10.529832,0.0,40.8,85.0
2204,2020-08-28,34.406488549618324,59.5906106870229,14.728045801526719,0.0,40.8,85.0
2204,2020-08-29,33.97493670886076,56.765443037974684,11.876943037974684,0.0,40.8,85.0
2204,2020-08-30,33.866335877862596,54.86206106870229,6.1099465648854965,0.0,40.8,85.0
2204,2020-08-31,34.119800000000005,57.11993333333333,10.264373333333333,0.0,40.8,85.0
2204,2020-09-01,34.4010625,60.746375,14.4968125,0.0,40.8,85.0
2204,2020-09-02,33.83701657458563,59.279281767955794,16.02465193370166,0.0,40.8,85.0
2204,2020-09-03,33.802313432835824,59.37417910447761,8.181559701492537,0.0,40.8,85.0
2204,2020-09-04,34.3447972972973,58.10351351351351,11.782520270270272,0.0,40.8,85.0
2204,2020-09-05,34.17785714285714,58.68994897959183,10.955173469387756,0.0,40.8,85.0
2204,2020-09-06,34.14606382978723,60.01207446808511,12.098877659574468,0.0,40.8,85.0
2204,2020-09-07,33.939468085106384,60.534893617021275,14.46448404255319,0.0,40.8,85.0
2204,2020-09-08,33.89993421052632,59.512828947368426,13.559809210526316,0.0,40.8,85.0
2204,2020-09-09,33.71123529411765,56.826882352941176,9.904217647058823,0.0,40.8,85.0
2204,2020-09-10,32.64888888888889,55.6182905982906,4.116991452991453,0.0,40.8,85.0
2204,2020-09-11,33.116692913385826,57.227244094488185,8.949795275590551,0.0,40.8,85.0
2204,2020-09-12,33.89161764705882,58.31823529411764,-1.3874485294117647,0.0,40.8,85.0
2204,2020-09-13,33.195410958904105,61.711780821917806,-9.995116438356165,0.0,40.8,85.0
2204,2020-09-14,32.98166666666667,61.70490196078431,-7.381955882352941,0.0,40.8,85.0
2204,2020-09-15,32.69123188405797,61.993478260869566,-9.814927536231885,0.0,40.8,85.0
2204,2020-09-16,31.82041237113402,62.19752577319588,-9.973515463917526,0.0,40.8,85.0
2204,2020-09-17,32.55231578947368,60.77294736842106,-6.834842105263157,0.0,40.8,85.0
2204,2020-09-18,33.715463917525774,58.46484536082475,2.849680412371134,0.0,40.8,85.0
2204,2020-09-19,34.370312500000004,49.0415625,1.25009375,0.0,40.8,85.0
2204,2020-09-20,34.4019,45.614200000000004,3.05254,0.0,40.8,85.0
2204,2020-09-21,33.29959183673469,46.05622448979592,5.4139591836734695,0.0,40.8,85.0
2204,2020-09-22,31.262291666666666,47.579791666666665,10.63003125,0.0,40.8,85.0
2204,2020-09-23,32.17424242424242,46.61434343434343,9.946989898989898,0.0,40.8,85.0
2204,2020-09-24,33.677083333333336,45.70677083333334,10.451135416666666,0.0,40.8,85.0
2204,2020-09-25,33.327171717171716,44.42515151515152,12.06420202020202,0.0,40.8,85.0
2204,2020-09-26,32.34111111111111,44.53656565656566,10.874171717171716,0.0,40.8,85.0
2204,2020-09-27,33.29639175257732,46.17123711340206,10.338494845360824,0.0,40.8,85.0
2204,2020-09-28,32.42947916666667,48.7759375,9.375114583333334,0.0,40.8,85.0
2204,2020-09-29,30.610744680851063,51.3836170212766,1.590712765957447,0.0,40.8,85.0
2204,2020-09-30,26.4315625,53.21208333333333,-8.214989583333333,0.0,40.8,85.0
2204,2020-10-01,22.83207792207792,55.16974025974026,-5.019467532467533,0.0,40.8,85.0
2204,2020-10-02,20.666237623762377,57.63683168316832,-5.9687326732673265,0.0,40.8,85.0
2204,2020-10-03,18.892597402597403,59.649740259740256,-4.052051948051948,0.0,40.8,85.0
2204,2020-10-04,18.996020408163265,61.47081632653062,-2.2227551020408165,0.0,40.8,85.0
2204,2020-10-05,21.89131313131313,62.85929292929293,-2.7574040404040403,0.0,40.8,85.0
2204,2020-10-06,21.251875000000002,64.02989583333333,-5.098010416666667,0.0,40.8,85.0
2204,2020-10-07,18.738118811881186,64.11475247524753,-9.603950495049505,0.0,40.8,85.0
2204,2020-10-08,16.908144329896906,65.94577319587628,-7.1353402061855675,0.0,40.8,85.0
2204,2020-10-09,16.123595505617978,68.12303370786516,-4.520168539325843,0.0,40.8,85.0
2204,2020-10-10,19.338510638297873,69.24361702127659,-8.207755319148935,0.0,40.8,85.0
2204,2020-10-11,18.988020833333334,72.29541666666667,-8.118635416666667,0.0,40.8,85.0
2204,2020-10-12,16.381829268292684,73.03451219512195,-5.582414634146342,0.0,40.8,85.0
2204,2020-10-13,14.72956043956044,74.53373626373626,-8.41231868131868,0.0,40.8,85.0
2204,2020-10-14,15.921,74.8974,-7.398759999999999,0.0,40.8,85.0
2204,2020-10-15,15.965909090909092,76.52397727272727,-6.9206590909090915,0.0,40.8,85.0
2204,2020-10-16,16.9475,78.04114583333333,-9.76425,0.0,40.8,85.0
2204,2020-10-17,14.361836734693878,78.87785714285714,-8.665795918367348,0.0,40.8,85.0
2204,2020-10-18,13.985684210526317,79.55905263157895,-4.23921052631579,0.0,40.8,85.0
2204,2020-10-19,16.237368421052633,80.15644736842106,-8.490776315789473,0.0,40.8,85.0
2204,2020-11-05,13.635504587155964,70.70816513761469,2.100422018348624,0.0,40.8,85.0
2208,2020-11-03,19.17879518072289,66.85698795180723,0.9569277108433735,0.0,25.0,85.0
2208,2020-11-04,23.176875,77.63208333333334,-2.1564270833333334,0.0,25.0,85.0
2208,2020-11-05,23.569230769230767,80.86153846153846,-2.8888461538461536,0.0,25.0,85.0
2209,2020-05-26,37.452,47.281,3.1126,0.0,25.0,85.0
2209,2020-05-27,36.30571428571428,52.74857142857143,-8.360857142857142,0.0,25.0,85.0
2209,2020-05-28,34.89,55.9525,-9.40475,0.0,25.0,85.0
2209,2020-05-29,35.97,55.75,-10.0,0.0,25.0,85.0
2209,2020-05-30,33.51272727272727,57.35727272727272,-10.0,0.0,25.0,85.0
2209,2020-05-31,31.32,58.92285714285715,-10.0,0.0,25.0,85.0
2209,2020-06-01,30.8375,59.93,-10.0,0.0,25.0,85.0
2209,2020-06-02,35.39,56.00333333333333,-10.0,0.0,25.0,85.0
2209,2020-06-03,33.496,56.935,-8.582699999999999,0.0,25.0,85.0
2209,2020-06-04,35.296410256410255,53.8248717948718,3.565179487179487,0.0,25.0,85.0
2209,2020-06-05,35.24786516853933,53.43370786516854,1.9751460674157304,0.0,25.0,85.0
2209,2020-06-06,34.94260416666667,54.22541666666667,1.0808333333333333,0.0,25.0,85.0
2209,2020-06-07,34.9895918367347,53.60530612244898,0.9190408163265307,0.0,25.0,85.0
2209,2020-06-08,35.08233009708738,53.67135922330097,-1.2575533980582523,0.0,25.0,85.0
2209,2020-06-09,35.311632653061224,54.13306122448979,3.3686836734693877,0.0,25.0,85.0
2209,2020-06-10,35.306355140186916,55.58093457943925,-3.3183644859813084,0.0,25.0,85.0
2209,2020-06-11,35.4783,55.9173,-1.21519,0.0,25.0,85.0
2209,2020-06-12,35.37875,55.955865384615386,-1.6832115384615385,0.0,25.0,85.0
2209,2020-06-13,35.01897959183674,55.08897959183674,-2.609826530612245,0.0,25.0,85.0
2209,2020-06-14,35.105490196078435,54.23019607843137,-1.2104509803921568,0.0,25.0,85.0
2209,2020-06-15,35.317352941176466,53.77245098039216,0.38372549019607843,0.0,25.0,85.0
2209,2020-06-16,35.26342857142857,54.147333333333336,6.0517047619047615,0.0,25.0,85.0
2209,2020-06-17,35.26098039215686,55.12862745098039,6.85013725490196,0.0,25.0,85.0
2209,2020-06-18,35.3346,56.202600000000004,9.28746,0.0,25.0,85.0
2209,2020-06-19,35.35970297029703,57.541485148514845,9.983722772277227,0.0,25.0,85.0
2209,2020-06-20,35.259417475728156,58.60757281553398,7.465126213592233,0.0,25.0,85.0
2209,2020-06-21,35.213814432989686,59.1779381443299,8.460835051546391,0.0,25.0,85.0
2209,2020-06-22,35.57848484848485,60.402121212121216,11.623393939393939,0.0,25.0,85.0
2209,2020-06-23,35.58443396226415,62.35990566037736,8.890622641509433,0.0,25.0,85.0
2209,2020-06-24,35.5915,64.1755,-4.63516,0.0,25.0,85.0
2209,2020-06-25,35.43009615384615,63.97923076923077,-9.881990384615385,0.0,25.0,85.0
2209,2020-06-26,35.20981981981982,63.5945045045045,-9.726936936936937,0.0,25.0,85.0
2209,2020-06-27,35.087599999999995,64.7908,-9.15688,0.0,25.0,85.0
2209,2020-06-28,34.979183673469386,79.81867346938776,-9.550846938775509,0.0,25.0,85.0
2209,2020-06-29,34.85188679245283,82.44103773584905,-9.437415094339622,0.0,25.0,85.0
2209,2020-06-30,34.78764705882353,82.61274509803921,-1.7560980392156864,0.0,25.0,85.0
2209,2020-07-01,34.8635,84.1891,20.54112,0.0,25.0,85.0
2209,2020-07-02,34.8421978021978,84.86373626373627,24.21731868131868,0.0,25.0,85.0
2209,2020-07-03,34.77175257731959,86.14855670103093,24.182886597938143,0.0,25.0,85.0
2209,2020-07-04,34.799789473684214,86.62757894736843,24.483136842105264,0.0,25.0,85.0
2209,2020-07-05,34.79042105263158,87.33294736842105,21.66782105263158,0.0,25.0,85.0
2209,2020-07-06,34.965257731958765,76.2481443298969,19.650896907216495,0.0,25.0,85.0
2209,2020-07-07,35.419270833333336,67.24416666666666,9.9934375,0.0,25.0,85.0
2209,2020-07-08,35.64315789473684,65.876,15.154126315789474,0.0,25.0,85.0
2209,2020-07-09,35.51157480314961,66.50724409448819,14.88411811023622,0.0,25.0,85.0
2209,2020-07-10,35.40613861386139,67.78336633663366,13.777495049504951,0.0,25.0,85.0
2209,2020-07-11,35.40309090909091,67.66709090909092,12.262281818181819,0.0,25.0,85.0
2209,2020-07-12,35.65893203883495,67.26504854368932,12.465883495145633,0.0,25.0,85.0
2209,2020-07-13,35.39465517241379,68.12844827586207,11.710215517241378,0.0,25.0,85.0
2209,2020-07-14,35.18771653543307,68.24842519685039,10.399417322834644,0.0,25.0,85.0
2209,2020-07-15,35.202430939226524,66.8842541436464,9.377386740331492,0.0,25.0,85.0
2209,2020-07-16,35.06268518518519,66.44564814814815,9.778935185185185,0.0,25.0,85.0
2209,2020-07-17,35.09116438356165,66.3073287671233,8.913164383561643,0.0,25.0,85.0
2209,2020-07-18,35.33850393700787,66.16929133858268,9.336314960629922,0.0,25.0,85.0
2209,2020-07-19,35.1783495145631,67.41233009708738,9.880893203883495,0.0,25.0,85.0
2209,2020-07-20,35.278,68.462,9.128730434782609,0.0,25.0,85.0
2209,2020-07-21,35.09975,68.58358333333334,2.4881083333333334,0.0,25.0,85.0
2209,2020-07-22,35.08029197080292,67.77700729927008,6.658021897810219,0.0,25.0,85.0
2209,2020-07-23,35.245999999999995,67.7775,7.218112499999999,0.0,25.0,85.0
2209,2020-07-24,35.23281437125748,68.12712574850299,9.404149700598802,0.0,25.0,85.0
2209,2020-07-25,35.1526618705036,68.51345323741008,9.987892086330936,0.0,25.0,85.0
2209,2020-07-26,35.05098591549296,69.09823943661972,8.09674647887324,0.0,25.0,85.0
2209,2020-07-27,35.382444444444445,69.05725925925925,5.670637037037037,0.0,25.0,85.0
2209,2020-07-28,35.24439655172414,69.23724137931035,4.030534482758621,0.0,25.0,85.0
2209,2020-07-29,35.25551401869159,69.20719626168224,9.71573831775701,0.0,25.0,85.0
2209,2020-07-30,34.86516853932584,69.5147191011236,9.628876404494383,0.0,25.0,85.0
2209,2020-07-31,35.013837209302324,69.58755813953488,9.468255813953489,0.0,25.0,85.0
2209,2020-08-01,35.00438775510204,69.9458163265306,10.552948979591838,0.0,25.0,85.0
2209,2020-08-02,34.93989690721649,70.02505154639175,9.830680412371134,0.0,25.0,85.0
2209,2020-08-03,35.03759493670886,69.82151898734176,8.52201265822785,0.0,25.0,85.0
2209,2020-08-04,35.0040490797546,68.96073619631902,7.6784539877300615,0.0,25.0,85.0
2209,2020-08-05,35.144965517241374,67.71772413793103,6.766034482758621,0.0,25.0,85.0
2209,2020-08-06,35.02953488372093,66.17023255813955,2.809831395348837,0.0,25.0,85.0
2209,2020-08-07,35.388820224719105,65.08191011235955,1.9738033707865168,0.0,25.0,85.0
2209,2020-08-08,35.38166666666667,65.04473684210527,7.954692982456141,0.0,25.0,85.0
2209,2020-08-09,35.368304093567254,64.91315789473684,2.6626959064327487,0.0,25.0,85.0
2209,2020-08-10,35.24837662337662,65.71084415584416,0.17419480519480515,0.0,25.0,85.0
2209,2020-08-11,35.36383458646617,66.70278195488721,6.91536090225564,0.0,25.0,85.0
2209,2020-08-12,35.29744186046511,68.18062015503875,5.2542403100775195,0.0,25.0,85.0
2209,2020-08-13,35.22551020408163,67.38408163265306,3.0154795918367348,0.0,25.0,85.0
2209,2020-11-04,20.406436781609198,33.798505747126434,-1.6169770114942528,0.0,25.0,85.0
2209,2020-11-05,22.4959375,33.314166666666665,-9.695822916666666,0.0,25.0,85.0
2210,2020-05-26,35.38090909090909,46.82090909090909,-0.4006363636363636,0.34,25.0,84.32
2210,2020-05-27,36.44,50.64833333333333,15.402333333333333,0.34,25.0,84.32
2210,2020-05-28,35.00666666666667,48.03666666666667,-6.546666666666667,0.34,25.0,84.32
2210,2020-05-29,33.9,51.74,-8.831,0.34,25.0,84.32
2210,2020-05-30,32.985,53.3275,-8.70625,0.34,25.0,84.32
2210,2020-05-31,30.332,60.712,-8.836400000000001,0.34,25.0,84.32
2210,2020-06-01,31.77,65.035,-9.880833333333333,0.34,25.0,84.32
2210,2020-06-02,33.21,64.664,-9.75295,0.34,25.0,84.32
2210,2020-06-03,30.965555555555554,75.30000000000001,8.309888888888889,0.34,25.0,84.32
2210,2020-06-04,34.51512195121951,74.77731707317074,20.39351219512195,0.34,25.0,84.32
2210,2020-06-05,34.63030303030303,76.77222222222223,18.329141414141414,0.34,25.0,84.32
2210,2020-06-06,34.70704081632653,77.69102040816327,15.273683673469387,0.34,25.0,84.32
2210,2020-06-07,34.83375,77.67614583333334,12.968489583333332,0.34,25.0,84.32
2210,2020-06-08,34.864000000000004,76.5956,15.31554,0.34,25.0,84.32
2210,2020-06-09,34.846320754716984,73.02358490566037,13.977811320754716,0.34,25.0,84.32
2210,2020-06-10,34.8476,75.6343,16.47943,0.34,25.0,84.32
2210,2020-06-11,34.920918367346935,65.8273469387755,15.918795918367346,0.34,25.0,84.32
2210,2020-06-12,34.963168316831684,54.47663366336634,17.26478217821782,0.34,25.0,84.32
2210,2020-06-13,34.8723,54.4777,17.48677,0.34,25.0,84.32
2210,2020-06-14,35.006509433962265,55.40292452830189,19.594122641509433,0.34,25.0,84.32
2210,2020-06-15,35.17372549019608,55.115196078431374,20.96173529411765,0.34,25.0,84.32
2210,2020-06-16,35.243465346534656,54.65544554455445,22.723861386138616,0.34,25.0,84.32
2210,2020-06-17,35.33792079207921,55.62643564356436,23.436257425742575,0.34,25.0,84.32
2210,2020-06-18,35.35530612244898,56.83816326530613,22.600704081632653,0.34,25.0,84.32
2210,2020-06-19,35.393846153846155,57.59365384615384,24.244865384615384,0.34,25.0,84.32
2210,2020-06-20,35.37009708737864,59.781941747572816,24.299747572815534,0.34,25.0,84.32
2210,2020-06-21,35.34040404040404,61.700101010101015,25.061858585858584,0.34,25.0,84.32
2210,2020-06-22,35.41020833333334,62.07385416666667,25.86865625,0.34,25.0,84.32
2210,2020-06-23,35.217894736842105,63.311473684210526,25.419115789473683,0.34,25.0,84.32
2210,2020-06-24,35.07010526315789,65.40947368421052,23.62258947368421,0.34,25.0,84.32
2210,2020-06-25,34.86989583333334,63.857395833333335,23.53809375,0.34,25.0,84.32
2210,2020-06-26,34.88813725490196,63.213431372549024,20.55700980392157,0.34,25.0,84.32
2210,2020-06-27,34.89479591836735,62.78255102040816,14.392244897959184,0.34,25.0,84.32
2210,2020-06-28,34.93908163265306,62.42479591836735,14.152438775510205,0.34,25.0,84.32
2210,2020-06-29,34.8232,62.8942,14.59478,0.34,25.0,84.32
2210,2020-06-30,34.65969387755102,63.33816326530613,14.383214285714287,0.34,25.0,84.32
2210,2020-07-01,34.8918556701031,63.399484536082475,16.216474226804124,0.34,25.0,84.32
2210,2020-07-02,34.94430107526882,63.870215053763445,16.860817204301075,0.34,25.0,84.32
2210,2020-07-03,34.90948453608247,62.74556701030927,16.07160824742268,0.34,25.0,84.32
2210,2020-07-04,34.94339805825243,60.522330097087384,15.739194174757282,0.34,25.0,84.32
2210,2020-07-05,35.02860215053763,58.57494623655914,14.46563440860215,0.34,25.0,84.32
2210,2020-07-06,34.963592233009706,57.494660194174756,13.784621359223301,0.34,25.0,84.32
2210,2020-07-07,35.08556701030928,56.528144329896904,14.784443298969071,0.34,25.0,84.32
2210,2020-07-08,35.218387096774194,58.546236559139786,17.98478494623656,0.34,25.0,84.32
2210,2020-07-09,35.03084507042254,61.00746478873239,18.99360563380282,0.34,25.0,84.32
2210,2020-07-10,35.249347826086954,62.82032608695653,19.827380434782608,0.34,25.0,84.32
2210,2020-07-11,34.942903225806454,63.90516129032258,17.388956989247312,0.34,25.0,84.32
2210,2020-07-12,35.26252427184466,64.38747572815534,19.271058252427185,0.34,25.0,84.32
2210,2020-07-13,34.947401574803145,63.95267716535433,16.191787401574803,0.34,25.0,84.32
2210,2020-07-14,34.85238095238095,61.77753968253968,15.04597619047619,0.34,25.0,84.32
2210,2020-07-15,34.88489510489511,58.92076923076923,14.133202797202797,0.34,25.0,84.32
2210,2020-07-16,34.83720720720721,58.03756756756757,15.601522522522522,0.34,25.0,84.32
2210,2020-07-17,34.80166666666666,58.05625,14.873291666666667,0.34,25.0,84.32
2210,2020-07-18,34.77890756302521,57.998067226890754,14.139714285714286,0.34,25.0,84.32
2210,2020-07-19,35.047435897435896,59.86435897435898,15.970923076923077,0.34,25.0,84.32
2210,2020-07-20,34.92991304347826,61.61669565217392,15.349069565217391,0.34,25.0,84.32
2210,2020-07-21,34.76358208955224,60.872835820895524,14.894201492537315,0.34,25.0,84.32
2210,2020-07-22,34.72382857142857,59.89434285714286,17.03945142857143,0.34,25.0,84.32
2210,2020-07-23,34.79205298013245,60.592649006622516,17.204132450331127,0.34,25.0,84.32
2210,2020-07-24,34.64805031446541,61.25088050314465,17.658088050314465,0.34,25.0,84.32
2210,2020-07-25,34.6273381294964,60.9305035971223,17.323381294964026,0.34,25.0,84.32
2210,2020-07-26,34.80393442622951,60.997213114754096,16.417770491803278,0.34,25.0,84.32
2210,2020-07-27,34.906976744186046,61.15426356589147,13.895054263565891,0.34,25.0,84.32
2210,2020-07-28,34.73313868613138,61.535182481751825,12.62183211678832,0.34,25.0,84.32
2210,2020-07-29,34.66233870967742,61.89032258064516,13.675806451612903,0.34,25.0,84.32
2210,2020-07-30,34.44487804878049,62.12658536585366,13.74581707317073,0.34,25.0,84.32
2210,2020-07-31,34.22556962025317,62.07886075949368,13.58601265822785,0.34,25.0,84.32
2210,2020-08-01,34.39317757009346,61.79177570093458,14.015448598130842,0.34,25.0,84.32
2210,2020-08-02,34.34056818181818,62.08068181818182,13.140034090909092,0.34,25.0,84.32
2210,2020-08-03,34.533902439024395,61.67512195121951,10.923987804878047,0.34,25.0,84.32
2210,2020-08-04,34.50812080536913,60.2044966442953,10.854362416107382,0.34,25.0,84.32
2210,2020-08-05,34.651875000000004,59.27368750000001,10.117675,0.34,25.0,84.32
2210,2020-08-06,34.66886524822695,58.13475177304964,11.812439716312058,0.34,25.0,84.32
2210,2020-08-07,34.71728323699422,57.70520231213873,12.671462427745665,0.34,25.0,84.32
2210,2020-08-08,34.776730769230774,57.00990384615385,13.586076923076924,0.34,25.0,84.32
2210,2020-08-09,34.84664893617021,56.756648936170215,13.410281914893616,0.34,25.0,84.32
2210,2020-08-10,34.8494708994709,57.416296296296295,13.788216931216931,0.34,25.0,84.32
2210,2020-08-11,34.99648148148148,58.53296296296297,14.74525925925926,0.34,25.0,84.32
2210,2020-08-12,34.97423611111111,61.51131944444444,15.807326388888889,0.34,25.0,84.32
2210,2020-08-13,34.89551020408163,61.87897959183674,12.799428571428573,0.34,25.0,84.32
2210,2020-11-04,20.330470588235293,32.6304705882353,0.7451882352941177,0.34,25.0,84.32
2210,2020-11-05,22.2771875,32.29302083333334,-9.503979166666666,0.34,25.0,84.32
2211,2020-05-26,36.284,47.907,1.8785,0.0,48.2,85.0
2211,2020-05-27,36.205,54.102999999999994,0.9776999999999999,0.0,48.2,85.0
2211,2020-05-29,35.97,53.48666666666666,2.1003333333333334,0.0,48.2,85.0
2211,2020-05-30,33.89666666666667,55.72666666666667,-5.604,0.0,48.2,85.0
2211,2020-05-31,31.964,56.803999999999995,-9.9242,0.0,48.2,85.0
2211,2020-06-01,32.577777777777776,59.51222222222222,-9.908666666666667,0.0,48.2,85.0
2211,2020-06-02,34.561875,57.8225,-8.9855,0.0,48.2,85.0
2211,2020-06-03,33.394375,52.200625,-8.7605625,0.0,48.2,85.0
2211,2020-06-04,34.16307692307693,54.91230769230769,-9.61223076923077,0.0,48.2,85.0
2211,2020-06-05,33.58127659574468,69.39340425531915,-9.56422340425532,0.0,48.2,85.0
2211,2020-06-06,33.945841584158416,80.74247524752475,-9.967970297029703,0.0,48.2,85.0
2211,2020-06-07,33.93434343434343,81.69838383838385,10.845565656565658,0.0,48.2,85.0
2211,2020-06-08,34.16868686868687,81.76747474747474,21.43030303030303,0.0,48.2,85.0
2211,2020-06-09,34.690729166666664,73.12458333333333,16.64771875,0.0,48.2,85.0
2211,2020-06-10,35.090594059405944,61.73019801980198,16.087603960396038,0.0,48.2,85.0
2211,2020-06-11,35.116,59.5212,13.093810000000001,0.0,48.2,85.0
2211,2020-06-12,35.124859813084115,57.35626168224299,12.52577570093458,0.0,48.2,85.0
2211,2020-06-13,34.93663551401869,56.8411214953271,13.602869158878505,0.0,48.2,85.0
2211,2020-06-14,35.03787878787879,57.37313131313131,16.178040404040402,0.0,48.2,85.0
2211,2020-06-15,35.161386138613864,56.89445544554456,18.312188118811882,0.0,48.2,85.0
2211,2020-06-16,35.247358490566036,55.79037735849057,18.5255,0.0,48.2,85.0
2211,2020-06-17,35.2240404040404,59.466262626262626,24.74836363636364,0.0,48.2,85.0
2211,2020-06-18,35.26882352941177,60.81539215686274,18.975686274509805,0.0,48.2,85.0
2211,2020-06-19,35.28,58.825445544554455,8.842663366336634,0.0,48.2,85.0
2211,2020-06-20,35.20471153846154,58.40807692307692,8.21889423076923,0.0,48.2,85.0
2211,2020-06-21,35.250495049504956,57.00009900990099,8.63579207920792,0.0,48.2,85.0
2211,2020-06-22,35.47556701030928,58.11298969072165,6.139701030927836,0.0,48.2,85.0
2211,2020-06-23,35.24778947368421,58.79231578947369,9.006157894736843,0.0,48.2,85.0
2211,2020-06-24,34.861414141414144,61.59262626262626,7.590282828282828,0.0,48.2,85.0
2211,2020-06-25,34.91444444444445,59.70424242424243,-7.600545454545454,0.0,48.2,85.0
2211,2020-06-26,34.98309278350516,57.18443298969073,-1.8262886597938144,0.0,48.2,85.0
2211,2020-06-27,34.99696969696969,58.27222222222222,2.4884141414141414,0.0,48.2,85.0
2211,2020-06-28,35.08216494845361,59.49340206185567,0.172701030927835,0.0,48.2,85.0
2211,2020-06-29,34.9778,60.6819,-1.46692,0.0,48.2,85.0
2211,2020-06-30,34.8520202020202,60.774848484848484,2.0841212121212123,0.0,48.2,85.0
2211,2020-07-01,34.9559793814433,62.368556701030926,10.618567010309278,0.0,48.2,85.0
2211,2020-07-02,34.97838709677419,63.67204301075269,14.970236559139785,0.0,48.2,85.0
2211,2020-07-03,35.034059405940596,63.75871287128713,12.964603960396039,0.0,48.2,85.0
2211,2020-07-04,35.034838709677416,62.33688172043011,13.811,0.0,48.2,85.0
2211,2020-07-05,35.072755102040816,59.879081632653055,12.082836734693878,0.0,48.2,85.0
2211,2020-07-06,35.0459,58.2633,11.74721,0.0,48.2,85.0
2211,2020-07-07,35.19684782608696,57.33336956521739,12.406152173913043,0.0,48.2,85.0
2211,2020-07-08,35.45515789473684,59.32936842105263,15.39281052631579,0.0,48.2,85.0
2211,2020-07-09,35.22993197278912,61.466734693877555,17.338489795918367,0.0,48.2,85.0
2211,2020-07-10,35.30612903225806,64.12817204301075,18.793064516129032,0.0,48.2,85.0
2211,2020-07-11,35.07104347826087,64.33147826086956,15.053904347826087,0.0,48.2,85.0
2211,2020-07-12,35.306695652173914,63.63495652173913,12.891104347826088,0.0,48.2,85.0
2211,2020-07-13,35.120198019801975,62.671188118811884,10.994089108910892,0.0,48.2,85.0
2211,2020-07-14,34.99489655172414,61.861862068965515,11.202227586206897,0.0,48.2,85.0
2211,2020-07-15,35.025,59.21434210526316,11.048855263157895,0.0,48.2,85.0
2211,2020-07-16,35.06896,58.128080000000004,11.036832,0.0,48.2,85.0
2211,2020-07-17,34.89677419354839,57.70338709677419,9.410362903225806,0.0,48.2,85.0
2211,2020-07-18,35.12594339622641,57.641132075471695,8.413632075471698,0.0,48.2,85.0
2211,2020-07-19,34.97436363636364,60.88372727272727,12.885990909090909,0.0,48.2,85.0
2211,2020-07-20,35.06262711864407,62.807288135593225,10.668237288135593,0.0,48.2,85.0
2211,2020-07-21,34.75106870229008,62.775877862595415,6.266099236641222,0.0,48.2,85.0
2211,2020-07-22,34.79223140495868,62.21735537190083,12.401371900826447,0.0,48.2,85.0
2211,2020-07-23,34.99474820143885,62.922374100719416,11.985812949640287,0.0,48.2,85.0
2211,2020-07-24,35.039224137931036,62.839137931034486,12.673620689655172,0.0,48.2,85.0
2211,2020-07-25,34.99778481012658,63.08367088607594,15.573607594936709,0.0,48.2,85.0
2211,2020-07-26,34.83709219858156,63.70390070921986,13.888914893617022,0.0,48.2,85.0
2211,2020-07-27,35.07126984126984,63.2118253968254,9.942396825396825,0.0,48.2,85.0
2211,2020-07-28,34.94886956521739,62.39104347826087,8.940269565217392,0.0,48.2,85.0
2211,2020-07-29,34.98873015873016,62.03333333333333,12.61284126984127,0.0,48.2,85.0
2211,2020-07-30,34.918313253012045,62.232409638554216,13.256289156626504,0.0,48.2,85.0
2211,2020-07-31,34.99441176470588,61.90514705882353,12.688014705882352,0.0,48.2,85.0
2211,2020-08-01,34.90681818181818,62.35890909090909,13.640818181818181,0.0,48.2,85.0
2211,2020-08-02,34.829690721649484,62.88762886597939,11.752762886597939,0.0,48.2,85.0
2211,2020-08-03,34.786534653465345,62.57089108910891,0.8412673267326733,0.0,48.2,85.0
2211,2020-08-04,34.841796407185626,60.26497005988024,-1.4411137724550898,0.0,48.2,85.0
2211,2020-08-05,34.8381954887218,59.26954887218045,5.307052631578947,0.0,48.2,85.0
2211,2020-08-06,34.7921935483871,57.24025806451613,-3.342761290322581,0.0,48.2,85.0
2211,2020-08-07,35.058617021276596,55.810531914893616,-5.835941489361701,0.0,48.2,85.0
2211,2020-08-08,35.060495867768594,57.59446280991736,-7.518404958677686,0.0,48.2,85.0
2211,2020-08-09,34.97714285714286,58.375,-8.390506493506493,0.0,48.2,85.0
2211,2020-08-10,34.808277777777775,59.33388888888889,-9.468083333333334,0.0,48.2,85.0
2211,2020-08-11,34.959722222222226,60.19324074074074,-8.647907407407407,0.0,48.2,85.0
2211,2020-08-12,34.84616541353383,61.78481203007518,-9.226616541353383,0.0,48.2,85.0
2211,2020-08-13,34.77788617886179,61.14756097560975,-9.596943089430894,0.0,48.2,85.0
2211,2020-08-14,34.79107142857143,58.160357142857144,-9.670366071428571,0.0,48.2,85.0
2211,2020-08-15,34.783545454545454,56.39309090909091,-9.660463636363637,0.0,48.2,85.0
2211,2020-08-16,34.77059259259259,56.160148148148146,-9.668037037037037,0.0,48.2,85.0
2211,2020-08-17,34.687763157894736,56.043223684210524,-9.439302631578947,0.0,48.2,85.0
2211,2020-08-18,34.456771653543306,55.80023622047244,-9.487015748031496,0.0,48.2,85.0
2211,2020-08-19,34.40837606837607,54.689230769230775,-8.931495726495726,0.0,48.2,85.0
2211,2020-08-20,34.42316176470588,53.5510294117647,-7.638566176470588,0.0,48.2,85.0
2211,2020-08-21,34.60553191489362,53.859734042553185,-8.020441489361703,0.0,48.2,85.0
2211,2020-08-22,34.76441379310345,55.02358620689655,-9.80064827586207,0.0,48.2,85.0
2211,2020-08-23,34.55797687861271,55.947861271676295,-9.249109826589596,0.0,48.2,85.0
2211,2020-08-24,34.498333333333335,56.42798611111111,-9.146034722222222,0.0,48.2,85.0
2211,2020-08-25,34.30954802259887,57.22254237288135,-9.733129943502824,0.0,48.2,85.0
2211,2020-08-26,33.96840909090909,54.121515151515155,-7.0388636363636365,0.0,48.2,85.0
2211,2020-08-27,34.20456140350878,51.14421052631579,-4.861438596491228,0.0,48.2,85.0
2211,2020-08-28,34.214887218045114,52.01345864661654,-3.6022406015037594,0.0,48.2,85.0
2211,2020-08-29,34.07360759493671,51.75974683544304,-2.9354556962025318,0.0,48.2,85.0
2211,2020-08-30,33.76263473053892,54.198862275449095,-8.73574251497006,0.0,48.2,85.0
2211,2020-08-31,34.10005780346821,53.059248554913296,-6.943953757225434,0.0,48.2,85.0
2211,2020-09-01,34.38011235955056,54.18977528089888,-3.9716292134831463,0.0,48.2,85.0
2211,2020-09-02,34.11234042553192,54.527092198581556,-7.3185744680851075,0.0,48.2,85.0
2211,2020-09-03,33.99070422535211,54.222535211267605,-8.962161971830986,0.0,48.2,85.0
2211,2020-09-04,34.186603773584906,53.861698113207545,-9.774283018867925,0.0,48.2,85.0
2211,2020-09-05,34.09774566473988,51.95375722543353,-9.443693641618497,0.0,48.2,85.0
2211,2020-09-06,34.07684210526316,51.76168421052631,-9.11681052631579,0.0,48.2,85.0
2211,2020-09-07,34.13945945945946,52.83345945945946,-8.452848648648649,0.0,48.2,85.0
2211,2020-09-08,34.07079268292683,53.51573170731707,-9.21075,0.0,48.2,85.0
2211,2020-09-09,33.92905063291139,52.735189873417724,-8.690170886075949,0.0,48.2,85.0
2211,2020-09-10,33.417423312883436,53.890306748466266,-7.3591349693251535,0.0,48.2,85.0
2211,2020-09-11,32.80824,54.74168,-7.621560000000001,0.0,48.2,85.0
2211,2020-09-12,33.21517045454545,53.67238636363636,-5.718693181818182,0.0,48.2,85.0
2211,2020-09-13,33.03041666666667,55.03755952380952,-4.300232142857142,0.0,48.2,85.0
2211,2020-09-14,30.699942528735633,54.80247126436781,-8.246057471264368,0.0,48.2,85.0
2211,2020-09-15,30.467124183006536,50.83326797385621,-4.437993464052288,0.0,48.2,85.0
2211,2020-09-16,31.27292929292929,49.087575757575756,-7.946868686868687,0.0,48.2,85.0
2211,2020-09-17,31.976161616161615,49.80808080808081,0.4166060606060606,0.0,48.2,85.0
2211,2020-09-18,33.83712765957447,45.812340425531914,15.728851063829786,0.0,48.2,85.0
2211,2020-09-19,34.4782,40.1077,4.75452,0.0,48.2,85.0
2211,2020-09-20,32.76070707070707,37.711616161616156,-2.6170505050505053,0.0,48.2,85.0
2211,2020-09-21,31.82868686868687,37.90272727272727,4.043060606060607,0.0,48.2,85.0
2211,2020-09-22,32.40571428571428,39.11775510204082,11.647377551020409,0.0,48.2,85.0
2211,2020-09-23,34.15145833333333,40.0296875,11.8075,0.0,48.2,85.0
2211,2020-09-24,34.19947916666667,42.196979166666665,9.683239583333334,0.0,48.2,85.0
2211,2020-09-25,34.00237113402062,43.619484536082474,7.120144329896907,0.0,48.2,85.0
2211,2020-09-26,34.295436893203885,44.05650485436893,-2.3594563106796116,0.0,48.2,85.0
2211,2020-09-27,34.583600000000004,44.837799999999994,-0.33681,0.0,48.2,85.0
2211,2020-09-28,34.0429,46.0613,-5.251119999999999,0.0,48.2,85.0
2211,2020-09-29,33.19271739130435,47.57010869565217,-9.48408695652174,0.0,48.2,85.0
2211,2020-09-30,28.29204081632653,49.12428571428572,-9.905857142857142,0.0,48.2,85.0
2211,2020-10-01,25.638857142857145,49.61342857142857,-8.060442857142856,0.0,48.2,85.0
2211,2020-10-02,24.894583333333333,50.763749999999995,-7.868614583333333,0.0,48.2,85.0
2211,2020-10-03,23.889866666666666,51.42933333333333,-6.828906666666667,0.0,48.2,85.0
2211,2020-10-04,23.548383838383838,52.11585858585859,-5.033353535353536,0.0,48.2,85.0
2211,2020-10-05,26.214895833333333,53.33656250000001,-4.8021875,0.0,48.2,85.0
2211,2020-10-06,25.77712765957447,52.713191489361705,0.09384042553191488,0.0,48.2,85.0
2211,2020-10-07,20.688144329896907,52.202577319587625,-5.841649484536083,0.0,48.2,85.0
2211,2020-10-08,17.12436170212766,53.57148936170213,-4.234329787234042,0.0,48.2,85.0
2211,2020-10-09,17.904333333333334,53.94877777777778,-0.2966,0.0,48.2,85.0
2211,2020-10-10,21.933595505617976,53.114494382022464,-0.03198876404494388,0.0,48.2,85.0
2211,2020-10-11,21.35864583333333,54.51052083333334,-1.4446041666666665,0.0,48.2,85.0
2211,2020-10-12,18.589220779220778,54.80532467532468,0.469,0.0,48.2,85.0
2211,2020-10-13,17.83477272727273,55.49090909090909,-2.2867954545454547,0.0,48.2,85.0
2211,2020-10-14,19.006666666666664,55.84225806451613,-1.9354623655913978,0.0,48.2,85.0
2211,2020-10-15,19.225348837209303,57.16837209302325,-1.3076395348837209,0.0,48.2,85.0
2211,2020-10-16,19.672555555555554,57.98755555555556,-5.934033333333333,0.0,48.2,85.0
2211,2020-10-17,18.603437500000002,58.76135416666667,-4.38690625,0.0,48.2,85.0
2211,2020-10-18,17.0103125,60.4553125,-0.8840104166666666,0.0,48.2,85.0
2211,2020-10-19,19.212500000000002,59.976979166666666,-5.078572916666666,0.0,48.2,85.0
2211,2020-11-04,6.614761904761904,65.1547619047619,0.40054761904761904,0.0,48.2,85.0
2211,2020-11-05,9.104583333333332,64.56916666666667,2.2369583333333334,0.0,48.2,85.0
2212,2020-05-26,36.62181818181818,44.097272727272724,-3.7382727272727276,0.0,50.8,85.0
2212,2020-05-27,37.07142857142857,55.1,-6.066714285714285,0.0,50.8,85.0
2212,2020-05-28,33.48,53.19,-9.465,0.0,50.8,85.0
2212,2020-05-29,35.620000000000005,50.295,-7.154999999999999,0.0,50.8,85.0
2212,2020-05-30,34.174285714285716,51.06,-8.421285714285714,0.0,50.8,85.0
2212,2020-05-31,33.465714285714284,49.284285714285716,-9.854142857142858,0.0,50.8,85.0
2212,2020-06-01,32.155,52.01625,-9.573625,0.0,50.8,85.0
2212,2020-06-02,34.94529411764706,50.248823529411766,-9.63270588235294,0.0,50.8,85.0
2212,2020-06-03,33.79818181818182,47.61409090909091,-9.135636363636364,0.0,50.8,85.0
2212,2020-06-04,34.832857142857144,47.92357142857143,-6.817809523809524,0.0,50.8,85.0
2212,2020-06-05,35.183296703296705,48.49373626373627,-1.7181978021978022,0.0,50.8,85.0
2212,2020-06-06,35.064166666666665,49.6521875,-0.9841041666666667,0.0,50.8,85.0
2212,2020-06-07,35.106,49.9161,-1.2411,0.0,50.8,85.0
2212,2020-06-08,35.21578431372549,50.12137254901961,-2.0485686274509805,0.0,50.8,85.0
2212,2020-06-09,35.585922330097084,49.23883495145631,1.7506601941747575,0.0,50.8,85.0
2212,2020-06-10,35.337745098039214,49.00450980392157,1.5531372549019606,0.0,50.8,85.0
2212,2020-06-11,35.20897196261682,49.63289719626169,0.28854205607476635,0.0,50.8,85.0
2212,2020-06-12,35.21317307692308,50.47653846153847,0.9490576923076923,0.0,50.8,85.0
2212,2020-06-13,35.034285714285716,51.12533333333333,-2.4336761904761905,0.0,50.8,85.0
2212,2020-06-14,35.211,51.66027272727273,-2.2130727272727273,0.0,50.8,85.0
2212,2020-06-15,35.310188679245286,51.66792452830189,0.6256132075471698,0.0,50.8,85.0
2212,2020-06-16,35.376599999999996,51.6925,2.28963,0.0,50.8,85.0
2212,2020-06-17,35.396391752577316,51.777525773195876,4.920360824742268,0.0,50.8,85.0
2212,2020-06-18,35.46911764705882,53.51225490196079,7.792921568627452,0.0,50.8,85.0
2212,2020-06-19,35.504400000000004,55.208099999999995,8.0911,0.0,50.8,85.0
2212,2020-06-20,35.33917525773196,56.0880412371134,6.9184329896907215,0.0,50.8,85.0
2212,2020-06-21,35.46123711340206,55.340721649484536,6.583639175257733,0.0,50.8,85.0
2212,2020-06-22,35.56178217821782,55.822376237623764,10.73910891089109,0.0,50.8,85.0
2212,2020-06-23,35.51323529411765,56.91833333333334,12.840754901960786,0.0,50.8,85.0
2212,2020-06-24,34.95824742268041,59.30824742268041,-2.3980412371134023,0.0,50.8,85.0
2212,2020-06-25,35.08990291262136,58.5973786407767,-9.674854368932039,0.0,50.8,85.0
2212,2020-06-26,34.9534,56.5716,-2.31575,0.0,50.8,85.0
2212,2020-06-27,34.88388349514563,56.325922330097086,-0.8552330097087378,0.0,50.8,85.0
2212,2020-06-28,34.949793814432994,56.60381443298969,2.306340206185567,0.0,50.8,85.0
2212,2020-06-29,34.879285714285714,57.25071428571428,7.51884693877551,0.0,50.8,85.0
2212,2020-06-30,34.83010204081633,57.95612244897959,4.895826530612245,0.0,50.8,85.0
2212,2020-07-01,34.987802197802196,58.41384615384615,9.800923076923077,0.0,50.8,85.0
2212,2020-07-02,35.06582278481012,60.41341772151898,12.550215189873418,0.0,50.8,85.0
2212,2020-07-03,34.962886597938144,60.213814432989686,11.417907216494847,0.0,50.8,85.0
2212,2020-07-04,34.98988888888889,58.74133333333334,11.796655555555557,0.0,50.8,85.0
2212,2020-07-05,35.058977272727276,56.47693181818182,10.353488636363636,0.0,50.8,85.0
2212,2020-07-06,35.0752,55.0587,10.39173,0.0,50.8,85.0
2212,2020-07-07,35.1815306122449,54.39857142857143,11.39007142857143,0.0,50.8,85.0
2212,2020-07-08,35.44074468085106,56.51255319148937,13.142914893617021,0.0,50.8,85.0
2212,2020-07-09,35.47716216216216,59.50918918918919,15.957979729729729,0.0,50.8,85.0
2212,2020-07-10,35.36848484848485,62.945757575757575,15.957848484848485,0.0,50.8,85.0
2212,2020-07-11,35.06314285714286,64.13495238095238,14.024647619047618,0.0,50.8,85.0
2212,2020-07-12,35.28180952380953,63.05304761904762,12.45295238095238,0.0,50.8,85.0
2212,2020-07-13,35.04380530973451,61.95424778761062,12.945247787610619,0.0,50.8,85.0
2212,2020-07-14,34.91389705882353,61.230661764705886,12.90091911764706,0.0,50.8,85.0
2212,2020-07-15,35.02,59.05764285714285,12.029814285714286,0.0,50.8,85.0
2212,2020-07-16,35.022907801418434,58.14815602836879,13.248177304964539,0.0,50.8,85.0
2212,2020-07-17,34.94055118110236,57.9848031496063,13.046377952755906,0.0,50.8,85.0
2212,2020-07-18,35.201875,57.424375,13.587892857142858,0.0,50.8,85.0
2212,2020-07-19,35.13607476635514,60.297757009345794,15.237897196261681,0.0,50.8,85.0
2212,2020-07-20,35.257083333333334,61.98275,15.506508333333333,0.0,50.8,85.0
2212,2020-07-21,34.890642201834865,61.19642201834862,13.348229357798166,0.0,50.8,85.0
2212,2020-07-22,34.867384615384616,59.413000000000004,14.118338461538462,0.0,50.8,85.0
2212,2020-07-23,35.07478260869565,61.166000000000004,15.847865217391304,0.0,50.8,85.0
2212,2020-07-24,35.30614583333333,62.268229166666664,15.61171875,0.0,50.8,85.0
2212,2020-07-25,35.24106557377049,62.55024590163934,16.610729508196723,0.0,50.8,85.0
2212,2020-07-26,34.89754545454546,63.62827272727272,14.117554545454546,0.0,50.8,85.0
2212,2020-07-27,35.142834645669296,62.63692913385827,12.054708661417324,0.0,50.8,85.0
2212,2020-07-28,35.16983870967742,61.2858064516129,11.462709677419355,0.0,50.8,85.0
2212,2020-07-29,35.33966386554622,59.71495798319328,12.16526050420168,0.0,50.8,85.0
2212,2020-07-30,34.80439024390244,59.5179268292683,12.430573170731707,0.0,50.8,85.0
2212,2020-07-31,34.927058823529414,58.779411764705884,11.939191176470588,0.0,50.8,85.0
2212,2020-08-01,34.87259615384615,59.61759615384615,12.297865384615385,0.0,50.8,85.0
2212,2020-08-02,34.84956989247312,60.118064516129024,11.98436559139785,0.0,50.8,85.0
2212,2020-08-03,34.87378378378378,59.78743243243244,6.569689189189189,0.0,50.8,85.0
2212,2020-08-04,34.86776470588235,57.80635294117647,4.396517647058824,0.0,50.8,85.0
2212,2020-08-05,34.8990506329114,56.127848101265826,2.4317594936708864,0.0,50.8,85.0
2212,2020-08-06,34.58435294117647,54.355823529411765,-1.4958058823529412,0.0,50.8,85.0
2212,2020-08-07,34.60717105263158,53.88763157894737,1.2491184210526316,0.0,50.8,85.0
2212,2020-08-08,34.58467889908257,55.4105504587156,1.9838899082568808,0.0,50.8,85.0
2212,2020-08-09,34.67111764705882,57.21982352941177,1.2726588235294118,0.0,50.8,85.0
2212,2020-08-10,34.69077844311377,57.257425149700595,5.256461077844311,0.0,50.8,85.0
2212,2020-08-11,34.94435897435897,57.082478632478626,8.408589743589744,0.0,50.8,85.0
2212,2020-08-12,34.75644628099173,58.8797520661157,7.086917355371901,0.0,50.8,85.0
2212,2020-08-13,34.72243902439024,57.85886178861789,6.704154471544715,0.0,50.8,85.0
2212,2020-08-14,34.49943396226415,55.786886792452826,5.6721886792452825,0.0,50.8,85.0
2212,2020-08-15,34.465528455284556,54.54520325203252,3.8837073170731706,0.0,50.8,85.0
2212,2020-08-16,34.55056603773585,54.1540251572327,6.643660377358491,0.0,50.8,85.0
2212,2020-08-17,34.59315789473685,54.83278195488722,7.253112781954887,0.0,50.8,85.0
2212,2020-08-18,34.23804195804196,54.72937062937063,4.24186013986014,0.0,50.8,85.0
2212,2020-08-19,34.11412213740458,53.48343511450381,2.4546106870229005,0.0,50.8,85.0
2212,2020-08-20,34.114000000000004,51.98781818181818,5.029545454545454,0.0,50.8,85.0
2212,2020-08-21,34.53061797752809,52.26932584269663,7.641207865168539,0.0,50.8,85.0
2212,2020-08-22,34.837435897435896,61.207863247863244,3.651871794871795,0.0,50.8,85.0
2212,2020-08-23,34.580326797385624,66.94006535947712,5.879823529411764,0.0,50.8,85.0
2212,2020-08-24,34.506330935251796,75.5326618705036,21.329309352517985,0.0,50.8,85.0
2212,2020-08-25,34.51064102564102,74.32333333333334,10.249134615384616,0.0,50.8,85.0
2212,2020-08-26,34.100672268907566,58.74176470588235,-0.8677983193277311,0.0,50.8,85.0
2212,2020-08-27,34.02436363636364,56.202363636363636,0.14492727272727274,0.0,50.8,85.0
2212,2020-08-28,34.098888888888894,56.78140740740741,4.369985185185185,0.0,50.8,85.0
2212,2020-08-29,33.93785714285715,54.40941558441558,3.1429675324675324,0.0,50.8,85.0
2212,2020-08-30,33.608134328358204,56.25402985074627,-1.3693283582089553,0.0,50.8,85.0
2212,2020-08-31,33.676857142857145,56.56214285714285,1.0648642857142856,0.0,50.8,85.0
2212,2020-09-01,34.332857142857144,57.13013605442176,9.092074829931974,0.0,50.8,85.0
2212,2020-09-02,34.17951219512195,57.91548780487805,10.701274390243903,0.0,50.8,85.0
2212,2020-09-03,33.58383116883117,55.94136363636363,1.7091493506493507,0.0,50.8,85.0
2212,2020-09-04,33.96281879194631,55.32832214765101,3.7057449664429525,0.0,50.8,85.0
2212,2020-09-05,33.8089696969697,55.267212121212125,1.4675575757575756,0.0,50.8,85.0
2212,2020-09-06,33.66368983957219,54.858770053475936,5.045251336898396,0.0,50.8,85.0
2212,2020-09-07,33.250548780487804,55.55481707317073,11.675481707317074,0.0,50.8,85.0
2212,2020-09-08,33.886242038216565,58.14019108280255,9.472687898089172,0.0,50.8,85.0
2212,2020-09-09,33.374923076923075,56.591307692307694,8.229861538461538,0.0,50.8,85.0
2212,2020-09-10,32.077236842105265,57.34256578947368,-0.9095197368421052,0.0,50.8,85.0
2212,2020-09-11,31.962248062015505,56.424418604651166,-5.456852713178295,0.0,50.8,85.0
2212,2020-09-12,32.28939130434783,56.02921739130434,-6.049808695652174,0.0,50.8,85.0
2212,2020-09-13,31.746506849315068,57.564315068493144,-4.910828767123288,0.0,50.8,85.0
2212,2020-09-14,30.976740740740738,59.884,-7.792281481481482,0.0,50.8,85.0
2212,2020-09-15,27.48067484662577,61.080736196319016,-6.115460122699387,0.0,50.8,85.0
2212,2020-09-16,28.597864077669904,59.61864077669903,-6.184300970873786,0.0,50.8,85.0
2212,2020-09-17,30.219191919191918,58.42767676767677,1.4407373737373736,0.0,50.8,85.0
2212,2020-09-18,34.43096774193548,53.07956989247312,19.46066666666667,0.0,50.8,85.0
2212,2020-09-19,34.75778947368421,47.751578947368415,11.912326315789475,0.0,50.8,85.0
2212,2020-09-20,32.23990291262136,46.61058252427185,5.439203883495146,0.0,50.8,85.0
2212,2020-09-21,31.65957894736842,45.696,7.066526315789474,0.0,50.8,85.0
2212,2020-09-22,26.36315789473684,46.55326315789474,10.841484210526316,0.0,50.8,85.0
2212,2020-09-23,29.685670103092782,43.826907216494845,11.915195876288658,0.0,50.8,85.0
2212,2020-09-24,30.97418367346939,43.16102040816326,10.94141836734694,0.0,50.8,85.0
2212,2020-09-25,30.808061224489798,42.210306122448976,8.59815306122449,0.0,50.8,85.0
2212,2020-09-26,30.739175257731958,41.96113402061856,8.151711340206186,0.0,50.8,85.0
2212,2020-09-27,29.756063829787237,43.56340425531915,6.863829787234043,0.0,50.8,85.0
2212,2020-09-28,28.101584158415843,45.705940594059406,3.823990099009901,0.0,50.8,85.0
2212,2020-09-29,28.07577777777778,47.76233333333333,-2.598911111111111,0.0,50.8,85.0
2212,2020-09-30,24.934059405940594,49.3929702970297,-8.766069306930694,0.0,50.8,85.0
2212,2020-10-01,22.1171875,50.18171875,-6.506046875,0.0,50.8,85.0
2212,2020-10-02,19.350510204081633,51.848469387755095,-5.5668163265306125,0.0,50.8,85.0
2212,2020-10-03,18.7408,52.80146666666667,-2.78984,0.0,50.8,85.0
2212,2020-10-04,18.794166666666666,54.15270833333333,-1.91290625,0.0,50.8,85.0
2212,2020-10-05,19.39826530612245,55.47418367346939,-4.427132653061224,0.0,50.8,85.0
2212,2020-10-06,19.017127659574466,57.842127659574466,-8.076063829787234,0.0,50.8,85.0
2212,2020-10-07,18.155051546391753,59.69917525773196,-9.555659793814433,0.0,50.8,85.0
2212,2020-10-08,15.85505376344086,61.97537634408602,-8.920763440860215,0.0,50.8,85.0
2212,2020-10-09,14.558958333333335,63.81072916666667,-6.836375,0.0,50.8,85.0
2212,2020-10-10,18.105116279069765,63.275813953488374,-7.452651162790698,0.0,50.8,85.0
2212,2020-10-11,17.504574468085107,65.61414893617021,-8.819585106382979,0.0,50.8,85.0
2212,2020-10-12,14.263636363636364,67.0312121212121,-8.087287878787878,0.0,50.8,85.0
2212,2020-10-13,13.224943820224718,67.82,-8.856898876404495,0.0,50.8,85.0
2212,2020-10-14,14.335876288659794,68.24350515463918,-9.10558762886598,0.0,50.8,85.0
2212,2020-10-15,15.018888888888888,70.2983950617284,-8.451641975308641,0.0,50.8,85.0
2212,2020-10-16,16.85967032967033,71.3898901098901,-9.09567032967033,0.0,50.8,85.0
2212,2020-10-17,14.526428571428571,73.02989795918367,-9.623285714285714,0.0,50.8,85.0
2212,2020-10-18,12.689898989898989,73.67212121212121,-8.259454545454545,0.0,50.8,85.0
2212,2020-10-19,15.549148936170212,73.83510638297872,-8.544531914893618,0.0,50.8,85.0
2212,2020-11-04,6.357441860465117,76.07906976744187,-8.356581395348837,0.0,50.8,85.0
2212,2020-11-05,8.677604166666667,75.36697916666667,-1.5032604166666668,0.0,50.8,85.0
2213,2020-05-26,37.873000000000005,39.977,12.989099999999999,0.0,25.0,85.0
2213,2020-05-27,35.79,46.75,10.1855,0.0,25.0,85.0
2213,2020-05-30,34.89714285714286,69.12142857142858,26.664285714285715,0.0,25.0,85.0
2213,2020-05-31,33.943333333333335,75.47333333333334,26.1905,0.0,25.0,85.0
2213,2020-06-01,34.43714285714286,67.66571428571429,20.801,0.0,25.0,85.0
2213,2020-06-02,34.99826086956522,54.208260869565216,22.871260869565216,0.0,25.0,85.0
2213,2020-06-03,33.464166666666664,50.59,25.388166666666667,0.0,25.0,85.0
2213,2020-06-04,35.36405405405405,52.66567567567568,21.901162162162162,0.0,25.0,85.0
2213,2020-06-05,35.37616161616162,55.42848484848485,22.879737373737374,0.0,25.0,85.0
2213,2020-06-06,35.17845360824742,57.27835051546392,20.42258762886598,0.0,25.0,85.0
2213,2020-06-07,35.268299999999996,59.31,16.577550000000002,0.0,25.0,85.0
2213,2020-06-08,35.19838383838384,59.85484848484849,17.76082828282828,0.0,25.0,85.0
2213,2020-06-09,35.534838709677416,57.47193548387097,13.358537634408602,0.0,25.0,85.0
2213,2020-06-10,35.68494949494949,59.93414141414142,15.144434343434343,0.0,25.0,85.0
2213,2020-06-11,35.556285714285714,60.342,12.408009523809524,0.0,25.0,85.0
2213,2020-06-12,35.454537037037035,60.451388888888886,11.176361111111111,0.0,25.0,85.0
2213,2020-06-13,35.221869158878505,61.01700934579439,12.042457943925232,0.0,25.0,85.0
2213,2020-06-14,35.27811320754717,63.25915094339623,14.60245283018868,0.0,25.0,85.0
2213,2020-06-15,35.26821782178218,64.82,16.396663366336636,0.0,25.0,85.0
2213,2020-06-16,35.234899999999996,63.94520000000001,16.0503,0.0,25.0,85.0
2213,2020-06-17,35.2510101010101,62.99676767676768,17.407030303030304,0.0,25.0,85.0
2213,2020-06-18,35.38819047619047,59.912,17.91695238095238,0.0,25.0,85.0
2213,2020-06-19,35.42339622641509,59.80641509433962,16.57441509433962,0.0,25.0,85.0
2213,2020-06-20,35.376,61.18438095238095,16.21257142857143,0.0,25.0,85.0
2213,2020-06-21,35.225918367346935,62.196938775510205,18.243173469387756,0.0,25.0,85.0
2213,2020-06-22,35.488958333333336,62.201458333333335,20.048197916666666,0.0,25.0,85.0
2213,2020-06-23,35.360618556701034,63.814020618556704,16.01765979381443,0.0,25.0,85.0
2213,2020-06-24,34.9711320754717,68.28943396226416,11.402094339622643,0.0,25.0,85.0
2213,2020-06-25,35.13081632653061,64.41918367346939,8.264765306122449,0.0,25.0,85.0
2213,2020-06-26,35.00247524752475,59.77970297029703,8.486683168316832,0.0,25.0,85.0
2213,2020-06-27,34.85116504854369,60.57961165048543,8.874543689320388,0.0,25.0,85.0
2213,2020-06-28,34.94747474747475,60.51868686868687,6.289888888888888,0.0,25.0,85.0
2213,2020-06-29,34.840594059405944,59.95574257425742,9.263049504950494,0.0,25.0,85.0
2213,2020-06-30,34.8638,60.5343,10.30583,0.0,25.0,85.0
2213,2020-07-01,34.79526315789474,62.612,12.482715789473684,0.0,25.0,85.0
2213,2020-07-02,34.54469879518072,64.87807228915663,16.366144578313254,0.0,25.0,85.0
2213,2020-07-03,34.65908163265306,64.21795918367347,15.64180612244898,0.0,25.0,85.0
2213,2020-07-04,34.708365384615384,62.761923076923075,15.630163461538462,0.0,25.0,85.0
2213,2020-07-05,34.86731182795699,61.947741935483876,14.515967741935484,0.0,25.0,85.0
2213,2020-07-06,35.16020833333334,60.718333333333334,13.59534375,0.0,25.0,85.0
2213,2020-07-07,35.37479166666667,61.174791666666664,17.44175,0.0,25.0,85.0
2213,2020-07-08,35.650808080808076,62.9120202020202,21.698070707070706,0.0,25.0,85.0
2213,2020-07-09,35.5185294117647,65.926,24.602082352941178,0.0,25.0,85.0
2213,2020-07-10,35.391041666666666,66.69395833333333,26.887229166666668,0.0,25.0,85.0
2213,2020-07-11,35.28,66.65278350515463,25.093845360824744,0.0,25.0,85.0
2213,2020-07-12,35.28920792079208,65.75663366336634,23.315970297029704,0.0,25.0,85.0
2213,2020-07-13,35.099150943396225,64.89349056603774,22.02702830188679,0.0,25.0,85.0
2213,2020-07-14,34.93870689655172,65.28655172413792,20.9201724137931,0.0,25.0,85.0
2213,2020-07-15,34.93558823529412,62.61653594771242,15.465137254901961,0.0,25.0,85.0
2213,2020-07-16,35.012061855670105,63.100618556701036,17.66541237113402,0.0,25.0,85.0
2213,2020-07-17,34.99908045977011,63.675057471264374,16.976850574712646,0.0,25.0,85.0
2213,2020-07-18,35.01536363636364,64.20936363636363,16.40561818181818,0.0,25.0,85.0
2213,2020-07-19,34.93726315789473,67.91242105263159,19.24902105263158,0.0,25.0,85.0
2213,2020-07-20,34.99489130434783,67.87228260869566,18.85686956521739,0.0,25.0,85.0
2213,2020-07-21,34.83392857142857,65.74178571428573,15.324250000000001,0.0,25.0,85.0
2213,2020-07-22,34.66459016393443,63.84836065573771,20.286073770491804,0.0,25.0,85.0
2213,2020-07-23,34.80596899224806,66.65527131782946,20.158581395348836,0.0,25.0,85.0
2213,2020-07-24,34.639934640522874,67.23496732026145,21.099130718954246,0.0,25.0,85.0
2213,2020-07-25,34.49121212121212,65.69533333333334,22.052648484848483,0.0,25.0,85.0
2213,2020-07-26,34.560857142857145,68.38980952380953,22.03130476190476,0.0,25.0,85.0
2213,2020-07-27,34.93857142857143,68.10678571428572,19.383857142857142,0.0,25.0,85.0
2213,2020-07-28,34.83763636363636,66.44369696969697,18.02018181818182,0.0,25.0,85.0
2213,2020-07-29,34.80712121212122,66.73141414141413,20.1289797979798,0.0,25.0,85.0
2213,2020-07-30,34.77884297520661,67.66462809917356,21.158727272727273,0.0,25.0,85.0
2213,2020-07-31,34.75045871559633,66.12110091743119,20.959743119266054,0.0,25.0,85.0
2213,2020-08-01,34.59017094017094,67.08435897435898,21.062752136752138,0.0,25.0,85.0
2213,2020-08-02,34.6535,67.507,22.1186875,0.0,25.0,85.0
2213,2020-08-03,34.78235294117648,66.76697478991596,16.912487394957985,0.0,25.0,85.0
2213,2020-08-04,34.78216049382716,65.33123456790123,14.041864197530865,0.0,25.0,85.0
2213,2020-08-05,34.85388535031847,66.1264331210191,12.635764331210192,0.0,25.0,85.0
2213,2020-08-06,34.80856209150327,62.05281045751634,11.427764705882353,0.0,25.0,85.0
2213,2020-08-07,34.978854166666665,64.70114583333334,12.29953125,0.0,25.0,85.0
2213,2020-11-04,20.322666666666667,26.567333333333334,-8.717588888888889,0.0,25.0,85.0
2213,2020-11-05,22.065104166666668,29.020520833333332,-8.147822916666668,0.0,25.0,85.0
2214,2020-05-27,34.305,61.06,6.8549999999999995,0.0,6.2,85.0
2214,2020-05-28,30.994999999999997,62.95,1.4755,0.0,6.2,85.0
2214,2020-05-29,35.35294117647059,55.58941176470588,-9.000588235294117,0.0,6.2,85.0
2214,2020-05-30,32.54857142857143,54.31095238095238,1.723666666666667,0.0,6.2,85.0
2214,2020-06-08,34.195499999999996,44.52175,12.17235,0.0,6.2,85.0
2214,2020-06-09,31.87804347826087,47.60130434782609,12.010608695652172,0.0,6.2,85.0
2214,2020-06-10,31.14708333333333,50.669999999999995,1.87634375,0.0,6.2,85.0
2214,2020-06-11,31.546605504587156,48.97045871559633,-5.441403669724771,0.0,6.2,85.0
2214,2020-06-12,31.8275,46.541442307692314,-7.337125,0.0,6.2,85.0
2214,2020-06-13,31.954128440366972,45.95715596330275,-8.189119266055046,0.0,6.2,85.0
2214,2020-06-14,31.89700934579439,44.86728971962617,-7.564383177570093,0.0,6.2,85.0
2214,2020-06-15,32.96970297029703,43.31009900990099,-5.573445544554455,0.0,6.2,85.0
2214,2020-06-16,33.7949,41.595200000000006,-4.63629,0.0,6.2,85.0
2214,2020-06-17,34.3378,40.9944,-4.54171,0.0,6.2,85.0
2214,2020-06-18,34.346354166666664,43.664791666666666,-2.969572916666667,0.0,6.2,85.0
2214,2020-06-19,32.88115384615384,50.33076923076923,-4.263288461538462,0.0,6.2,85.0
2214,2020-06-20,31.8126213592233,52.22796116504854,-6.052844660194174,0.0,6.2,85.0
2214,2020-06-21,32.46583333333333,49.39364583333333,-5.680302083333333,0.0,6.2,85.0
2214,2020-06-22,31.793434343434345,56.497373737373735,-4.919141414141414,0.0,6.2,85.0
2214,2020-06-23,33.12039603960396,60.263564356435644,-5.11560396039604,0.0,6.2,85.0
2214,2020-06-24,34.64576923076923,59.293365384615385,0.23085576923076917,0.0,6.2,85.0
2214,2020-06-25,34.81019230769231,56.14298076923077,5.986048076923077,0.0,6.2,85.0
2214,2020-06-26,34.82339622641509,52.888867924528306,6.3635,0.0,6.2,85.0
2214,2020-06-27,34.89443181818182,51.72318181818182,7.544068181818182,0.0,6.2,85.0
2214,2020-06-28,35.06047619047619,51.853809523809524,8.179555555555556,0.0,6.2,85.0
2214,2020-06-29,34.74044444444444,50.976,8.206077777777779,0.0,6.2,85.0
2214,2020-06-30,34.734489795918364,50.263673469387754,7.971959183673469,0.0,6.2,85.0
2214,2020-07-01,34.88049019607843,51.14176470588235,9.175950980392157,0.0,6.2,85.0
2214,2020-07-02,34.30805970149254,53.87597014925373,9.488014925373134,0.0,6.2,85.0
2214,2020-07-03,34.5190625,54.29135416666667,7.859239583333333,0.0,6.2,85.0
2214,2020-07-04,34.492886597938146,53.802577319587634,9.521731958762887,0.0,6.2,85.0
2214,2020-07-05,34.38,52.485,8.435500000000001,0.0,6.2,85.0
2214,2020-07-06,34.607,50.7676,4.76358,0.0,6.2,85.0
2214,2020-07-07,34.61105263157895,50.544736842105266,5.302915789473684,0.0,6.2,85.0
2214,2020-07-08,34.88061538461538,50.67092307692308,2.7993384615384613,0.0,6.2,85.0
2214,2020-07-09,35.32,52.776626506024094,7.1454096385542165,0.0,6.2,85.0
2214,2020-07-10,34.99226415094339,55.41547169811321,10.587943396226414,0.0,6.2,85.0
2214,2020-07-11,33.97373737373737,62.174343434343434,2.817939393939394,0.0,6.2,85.0
2214,2020-07-12,34.422527173913046,64.4514945652174,6.404423913043479,0.0,6.2,85.0
2214,2020-07-13,34.15637254901961,61.613088235294114,2.670995098039216,0.0,6.2,85.0
2214,2020-07-14,33.7824,57.0304,3.145872,0.0,6.2,85.0
2214,2020-07-15,33.87752380952381,54.66876190476191,3.124342857142857,0.0,6.2,85.0
2214,2020-07-16,34.14280701754386,53.713157894736845,1.7241315789473683,0.0,6.2,85.0
2214,2020-07-17,34.01653543307087,54.11448818897638,2.1169133858267717,0.0,6.2,85.0
2214,2020-07-18,34.27315789473684,56.828947368421055,2.1037543859649124,0.0,6.2,85.0
2214,2020-07-19,34.57495145631068,59.100776699029126,4.648368932038835,0.0,6.2,85.0
2214,2020-07-20,34.6133,60.068900000000006,3.9640199999999997,0.0,6.2,85.0
2214,2020-07-25,34.543880597014926,55.14970149253732,9.977626865671642,0.0,6.2,85.0
2214,2020-07-26,34.5298969072165,54.74061855670103,9.23878350515464,0.0,6.2,85.0
2214,2020-07-27,34.68202127659575,57.89904255319149,7.5350638297872345,0.0,6.2,85.0
2214,2020-07-28,34.76269230769231,59.026538461538465,9.678903846153846,0.0,6.2,85.0
2214,2020-08-01,34.901785714285715,53.549285714285716,11.55975,0.0,6.2,85.0
2214,2020-08-02,34.67701030927835,53.54164948453608,11.333381443298968,0.0,6.2,85.0
2214,2020-08-07,33.080000000000005,57.623333333333335,-10.0,0.0,6.2,85.0
2214,2020-08-08,32.70457142857143,59.37533333333333,-9.987580952380952,0.0,6.2,85.0
2214,2020-08-09,32.937340425531914,59.245319148936176,-9.979946808510638,0.0,6.2,85.0
2214,2020-08-10,33.27457875457875,59.1389010989011,-10.0,0.0,6.2,85.0
2214,2020-08-11,33.401650485436896,59.6231715210356,-10.0,0.0,6.2,85.0
2214,2020-08-12,33.17505154639175,60.063092783505155,-9.999154639175257,0.0,6.2,85.0
2214,2020-08-13,32.522444444444446,59.10755555555556,-10.0,0.0,6.2,85.0
2214,2020-08-18,32.455882352941174,55.61882352941176,-10.0,0.0,6.2,85.0
2214,2020-08-19,31.848221574344024,56.99454810495627,-10.0,0.0,6.2,85.0
2214,2020-08-20,31.02759493670886,56.738734177215186,-10.0,0.0,6.2,85.0
2214,2020-08-22,33.33809523809524,57.982142857142854,-9.962261904761906,0.0,6.2,85.0
2214,2020-08-23,31.9994952681388,57.63813880126183,-10.0,0.0,6.2,85.0
2214,2020-08-24,32.188620689655174,56.65741379310345,-10.0,0.0,6.2,85.0
2214,2020-08-25,33.195,57.64810810810811,-10.0,0.0,6.2,85.0
2214,2020-08-26,32.16733009708738,57.73834951456311,-9.968466019417475,0.0,6.2,85.0
2214,2020-08-27,31.13180555555555,57.74319444444445,-10.0,0.0,6.2,85.0
2214,2020-08-28,30.976285714285716,56.71557142857143,-9.990757142857142,0.0,6.2,85.0
2214,2020-08-29,30.416,55.48664,-10.0,0.0,6.2,85.0
2214,2020-09-04,32.1796875,54.81671875,-9.62821875,0.0,6.2,85.0
2214,2020-09-05,30.28686274509804,55.62117647058823,-9.232921568627452,0.0,6.2,85.0
2214,2020-09-06,29.023829787234046,56.03212765957447,-9.077382978723405,0.0,6.2,85.0
2214,2020-09-07,29.920454545454547,54.63530303030303,-8.955257575757576,0.0,6.2,85.0
2214,2020-09-08,31.761891891891892,53.45972972972973,-10.0,0.0,6.2,85.0
2214,2020-09-09,30.285867346938772,54.16602040816327,-9.991928571428572,0.0,6.2,85.0
2214,2020-11-04,3.953888888888889,69.93537037037038,8.515462962962962,0.0,6.2,85.0
2214,2020-11-05,8.0553125,66.649375,1.3020625000000001,0.0,6.2,85.0
2215,2020-05-26,36.78,44.556,10.116200000000001,0.0,53.6,85.0
2215,2020-05-27,34.792500000000004,52.72,9.85175,0.0,53.6,85.0
2215,2020-05-28,35.075,50.79,3.3535,0.0,53.6,85.0
2215,2020-05-29,34.913333333333334,49.44333333333333,-7.326333333333333,0.0,53.6,85.0
2215,2020-05-30,35.16125,48.0275,-9.656625,0.0,53.6,85.0
2215,2020-05-31,33.52428571428572,51.00428571428571,-10.0,0.0,53.6,85.0
2215,2020-06-01,32.65,51.150000000000006,-9.902999999999999,0.0,53.6,85.0
2215,2020-06-02,34.08941176470588,51.71411764705882,-9.548705882352941,0.0,53.6,85.0
2215,2020-06-03,33.735,47.81666666666666,1.5395,0.0,53.6,85.0
2215,2020-06-04,34.75558823529412,47.93529411764706,8.559117647058823,0.0,53.6,85.0
2215,2020-06-05,34.92357142857143,48.707142857142856,8.861102040816327,0.0,53.6,85.0
2215,2020-06-06,34.82336633663366,50.4409900990099,7.788851485148514,0.0,53.6,85.0
2215,2020-06-07,34.80808080808081,51.468282828282824,8.836636363636364,0.0,53.6,85.0
2215,2020-06-08,34.9352688172043,52.42043010752688,9.506677419354839,0.0,53.6,85.0
2215,2020-06-09,34.94591397849462,53.736989247311826,12.849440860215054,0.0,53.6,85.0
2215,2020-06-10,35.07445544554455,54.49039603960396,9.142316831683168,0.0,53.6,85.0
2215,2020-06-11,35.12442105263158,56.143157894736845,8.102599999999999,0.0,53.6,85.0
2215,2020-06-12,35.04644230769231,56.41192307692308,6.479519230769231,0.0,53.6,85.0
2215,2020-06-13,34.87449541284404,55.10990825688073,6.523495412844037,0.0,53.6,85.0
2215,2020-06-14,34.99407407407408,55.912592592592596,6.3144629629629625,0.0,53.6,85.0
2215,2020-06-15,35.035816326530615,56.59734693877551,5.523775510204082,0.0,53.6,85.0
2215,2020-06-16,35.170679611650485,56.38213592233009,7.21390291262136,0.0,53.6,85.0
2215,2020-06-17,35.187448979591835,55.65642857142857,9.173479591836735,0.0,53.6,85.0
2215,2020-06-18,35.1687,55.4403,12.20861,0.0,53.6,85.0
2215,2020-06-19,35.083333333333336,54.73288888888889,13.124211111111112,0.0,53.6,85.0
2215,2020-06-20,35.072886597938144,55.521237113402066,14.45598969072165,0.0,53.6,85.0
2215,2020-06-21,34.98638888888889,57.12763888888888,14.046777777777779,0.0,53.6,85.0
2215,2020-06-22,35.0192,57.987899999999996,12.38249,0.0,53.6,85.0
2215,2020-06-23,35.2025,58.630192307692305,10.753769230769231,0.0,53.6,85.0
2215,2020-06-24,34.64142857142857,61.504387755102044,13.39111224489796,0.0,53.6,85.0
2215,2020-06-25,34.8410101010101,60.81969696969696,10.84861616161616,0.0,53.6,85.0
2215,2020-06-26,34.520686274509806,60.48774509803921,13.496950980392157,0.0,53.6,85.0
2215,2020-06-27,34.375454545454545,60.39454545454546,14.888727272727273,0.0,53.6,85.0
2215,2020-07-05,34.69715789473684,62.47157894736842,12.555136842105263,0.0,53.6,85.0
2215,2020-07-06,34.92442307692308,61.525000000000006,9.344153846153846,0.0,53.6,85.0
2215,2020-07-07,34.84822784810126,60.66848101265823,12.807582278481012,0.0,53.6,85.0
2215,2020-07-08,34.88378640776699,61.613786407766995,14.668941747572816,0.0,53.6,85.0
2215,2020-07-09,35.25174757281553,63.70543689320388,15.430893203883496,0.0,53.6,85.0
2215,2020-07-10,35.313541666666666,67.95947916666667,11.790104166666666,0.0,53.6,85.0
2215,2020-07-11,34.83711538461539,67.40038461538462,2.4618653846153844,0.0,53.6,85.0
2215,2020-07-12,34.99777777777778,66.05061728395061,0.9705061728395062,0.0,53.6,85.0
2215,2020-07-13,34.760847457627115,62.00372881355932,5.842423728813559,0.0,53.6,85.0
2215,2020-07-14,34.88796992481203,59.33135338345865,10.651135338345865,0.0,53.6,85.0
2215,2020-07-15,34.630462962962966,55.41583333333333,9.930527777777778,0.0,53.6,85.0
2215,2020-07-16,34.52311926605505,54.1554128440367,8.901211009174311,0.0,53.6,85.0
2215,2020-07-17,34.571666666666665,54.58535087719299,7.085815789473684,0.0,53.6,85.0
2215,2020-07-18,34.49171171171171,55.5545945945946,6.699297297297297,0.0,53.6,85.0
2215,2020-07-19,34.719484536082476,57.95701030927835,9.129340206185567,0.0,53.6,85.0
2215,2020-07-20,34.95725663716814,60.761238938053104,10.77846017699115,0.0,53.6,85.0
2215,2020-07-21,34.89680412371134,60.247113402061856,11.31618556701031,0.0,53.6,85.0
2215,2020-07-22,34.87859813084113,59.65785046728972,11.24970093457944,0.0,53.6,85.0
2215,2020-07-23,34.86102040816326,61.3380612244898,11.46195918367347,0.0,53.6,85.0
2215,2020-07-24,34.90977777777778,62.76922222222222,11.679077777777778,0.0,53.6,85.0
2215,2020-07-25,34.97232142857143,63.13625,11.333166666666667,0.0,53.6,85.0
2215,2020-07-26,34.971372549019605,63.50862745098039,8.451647058823529,0.0,53.6,85.0
2215,2020-07-27,35.11796116504854,62.6190291262136,6.400165048543689,0.0,53.6,85.0
2215,2020-07-28,35.16265780730897,62.98551495016611,5.477209302325582,0.0,53.6,85.0
2215,2020-07-29,35.057786259541984,63.539007633587794,10.155618320610687,0.0,53.6,85.0
2215,2020-07-30,35.00381818181818,63.69081818181818,10.713509090909092,0.0,53.6,85.0
2215,2020-07-31,34.99931372549019,63.17326797385621,12.338849673202615,0.0,53.6,85.0
2215,2020-08-01,34.915,62.97846153846154,14.305188034188035,0.0,53.6,85.0
2215,2020-08-02,34.98271126760564,63.337429577464796,11.032521126760562,0.0,53.6,85.0
2215,2020-08-03,35.19690265486726,62.63008849557522,-6.114575221238938,0.0,53.6,85.0
2215,2020-08-04,34.69684542586751,61.39820189274448,-3.7340662460567824,0.0,53.6,85.0
2215,2020-08-05,34.572920353982305,59.84681415929203,-1.1919646017699115,0.0,53.6,85.0
2215,2020-08-06,34.57642335766423,56.816715328467154,-4.211919708029197,0.0,53.6,85.0
2215,2020-08-07,34.69811688311688,55.513441558441556,-3.4152727272727272,0.0,53.6,85.0
2215,2020-08-08,34.72780303030303,55.48681818181819,-2.252863636363636,0.0,53.6,85.0
2215,2020-08-09,34.70296052631579,55.806513157894734,-6.102131578947368,0.0,53.6,85.0
2215,2020-08-10,34.82425373134328,56.3615671641791,-6.299044776119403,0.0,53.6,85.0
2215,2020-08-11,35.007217391304344,57.3395652173913,-6.287017391304349,0.0,53.6,85.0
2215,2020-08-12,34.68270491803278,59.1922131147541,-6.196368852459016,0.0,53.6,85.0
2215,2020-08-13,34.6633076923077,58.54615384615385,-5.1763615384615385,0.0,53.6,85.0
2215,2020-08-14,34.57402173913044,57.9475,-8.337663043478262,0.0,53.6,85.0
2215,2020-08-15,34.500546875,57.341875,-8.5321484375,0.0,53.6,85.0
2215,2020-08-16,34.61743421052632,57.125460526315784,-7.439190789473685,0.0,53.6,85.0
2215,2020-08-17,34.46895833333333,57.844843749999995,-6.064916666666666,0.0,53.6,85.0
2215,2020-08-18,34.24690647482014,58.24230215827338,-7.082007194244604,0.0,53.6,85.0
2215,2020-08-19,34.000126582278476,57.438987341772155,-4.276424050632911,0.0,53.6,85.0
2215,2020-08-20,34.04304,56.30912,-1.2476880000000001,0.0,53.6,85.0
2215,2020-08-21,34.55447916666667,56.7771875,-3.733552083333333,0.0,53.6,85.0
2215,2020-08-22,34.4788775510204,57.146734693877555,3.786704081632653,0.0,53.6,85.0
2215,2020-08-23,34.36425149700599,58.44194610778443,5.37590119760479,0.0,53.6,85.0
2215,2020-08-24,34.4268,59.3324,5.43952,0.0,53.6,85.0
2215,2020-08-25,34.15615384615385,59.42423076923077,3.0718653846153847,0.0,53.6,85.0
2215,2020-08-26,33.85,58.615602409638555,5.976638554216867,0.0,53.6,85.0
2215,2020-08-27,33.97056338028169,57.359084507042255,5.635176056338029,0.0,53.6,85.0
2215,2020-08-28,34.05442307692307,57.551249999999996,2.480923076923077,0.0,53.6,85.0
2215,2020-08-29,33.71276119402985,58.27716417910448,2.423634328358209,0.0,53.6,85.0
2215,2020-08-30,32.872989690721646,58.30154639175258,-1.4788969072164948,0.0,53.6,85.0
2215,2020-08-31,33.012989690721646,57.48494845360825,0.5079278350515465,0.0,53.6,85.0
2215,2020-09-01,33.84509615384615,57.410961538461535,4.116096153846154,0.0,53.6,85.0
2215,2020-09-02,33.27279569892473,58.24387096774194,-0.48108602150537644,0.0,53.6,85.0
2215,2020-09-03,32.89458333333334,58.21427083333333,-0.793,0.0,53.6,85.0
2215,2020-09-04,32.899655172413794,57.9983908045977,2.686551724137931,0.0,53.6,85.0
2215,2020-09-05,32.65561224489796,58.118979591836734,4.287551020408164,0.0,53.6,85.0
2215,2020-09-06,32.835813953488376,58.1339534883721,5.447186046511628,0.0,53.6,85.0
2215,2020-09-07,34.39771428571429,57.20514285714286,6.369542857142857,0.0,53.6,85.0
2215,2020-09-08,33.046868686868685,58.04969696969697,3.694090909090909,0.0,53.6,85.0
2215,2020-09-09,31.576493506493506,58.614285714285714,3.1518311688311687,0.0,53.6,85.0
2215,2020-11-04,3.3057142857142856,78.61047619047619,-10.0,0.0,53.6,85.0
2215,2020-11-05,8.96640350877193,72.405,-4.900350877192983,0.0,53.6,85.0
2216,2020-05-27,34.965,61.26,-8.0165,0.0,37.0,85.0
2216,2020-05-29,34.9875,63.69,-8.162625,0.0,37.0,85.0
2216,2020-05-30,33.49166666666667,61.48,-8.8245,0.0,37.0,85.0
2216,2020-05-31,32.163333333333334,58.52,-7.766000000000001,0.0,37.0,85.0
2216,2020-06-01,32.765,58.396,-7.101000000000001,0.0,37.0,85.0
2216,2020-06-02,34.007333333333335,55.518,-5.186066666666666,0.0,37.0,85.0
2216,2020-06-03,31.626666666666665,51.36666666666667,-0.039333333333333366,0.0,37.0,85.0
2216,2020-06-04,34.2525,46.216388888888886,-3.3721666666666668,0.0,37.0,85.0
2216,2020-06-05,34.572990654205604,47.23654205607477,-1.466392523364486,0.0,37.0,85.0
2216,2020-06-06,33.808316831683165,48.85079207920792,-2.6179900990099005,0.0,37.0,85.0
2216,2020-06-07,34.651875,50.0034375,-4.877572916666667,0.0,37.0,85.0
2216,2020-06-08,34.867916666666666,51.99,-3.6631666666666667,0.0,37.0,85.0
2216,2020-06-09,34.92181818181818,53.57939393939394,-4.0410404040404035,0.0,37.0,85.0
2216,2020-06-10,35.05735294117647,53.90431372549019,-3.755578431372549,0.0,37.0,85.0
2216,2020-06-11,35.18191919191919,54.4959595959596,-8.763868686868687,0.0,37.0,85.0
2216,2020-06-12,35.18646464646465,54.626060606060605,-9.635060606060605,0.0,37.0,85.0
2216,2020-06-13,35.05079207920792,53.878613861386135,-9.531663366336634,0.0,37.0,85.0
2216,2020-06-14,35.141999999999996,54.95980952380952,-9.108123809523809,0.0,37.0,85.0
2216,2020-06-15,35.34666666666667,56.268137254901966,-9.013588235294117,0.0,37.0,85.0
2216,2020-06-16,35.45201834862385,56.84532110091743,-8.568477064220184,0.0,37.0,85.0
2216,2020-06-17,35.49970588235294,56.745098039215684,-7.287813725490196,0.0,37.0,85.0
2216,2020-06-18,35.48659793814433,56.77865979381443,-5.239742268041237,0.0,37.0,85.0
2216,2020-06-19,35.47711538461538,57.41086538461539,-2.6583076923076923,0.0,37.0,85.0
2216,2020-06-20,35.41838383838384,59.16616161616162,-1.32989898989899,0.0,37.0,85.0
2216,2020-06-21,35.278446601941745,61.03553398058252,-0.3403398058252427,0.0,37.0,85.0
2216,2020-06-22,35.28742268041237,62.686907216494845,0.6060927835051547,0.0,37.0,85.0
2216,2020-06-23,35.52575757575758,63.55868686868687,1.135060606060606,0.0,37.0,85.0
2216,2020-06-24,35.1784693877551,66.61224489795919,-5.320295918367347,0.0,37.0,85.0
2216,2020-06-25,35.22173076923077,65.17576923076923,-6.234105769230769,0.0,37.0,85.0
2216,2020-06-26,34.93680412371134,64.04381443298969,0.5321752577319588,0.0,37.0,85.0
2216,2020-06-27,34.915876288659796,64.27113402061856,1.3799896907216496,0.0,37.0,85.0
2216,2020-06-28,35.08804597701149,64.67344827586207,3.05548275862069,0.0,37.0,85.0
2216,2020-06-29,34.943444444444445,65.60433333333334,6.0313,0.0,37.0,85.0
2216,2020-06-30,34.966504854368935,65.4547572815534,6.554563106796117,0.0,37.0,85.0
2216,2020-07-01,34.95,65.03675,7.5325999999999995,0.0,37.0,85.0
2216,2020-07-02,35.005714285714284,65.48657142857142,9.474985714285715,0.0,37.0,85.0
2216,2020-07-03,35.04378947368421,64.41494736842105,8.783347368421053,0.0,37.0,85.0
2216,2020-07-04,34.965102040816326,62.81295918367347,9.405918367346938,0.0,37.0,85.0
2216,2020-07-05,35.052475247524754,60.26138613861386,6.537960396039605,0.0,37.0,85.0
2216,2020-07-06,35.17,59.84090909090909,6.785545454545455,0.0,37.0,85.0
2216,2020-07-07,34.980000000000004,60.028,11.375499999999999,0.0,37.0,85.0
2216,2020-07-08,35.10410526315789,60.571894736842104,8.75418947368421,0.0,37.0,85.0
2216,2020-07-09,35.64669902912622,61.78242718446602,10.452242718446604,0.0,37.0,85.0
2216,2020-07-10,35.680388349514566,62.763300970873786,7.319407766990291,0.0,37.0,85.0
2216,2020-07-11,35.248571428571424,65.76285714285714,5.721746031746032,0.0,37.0,85.0
2216,2020-07-12,35.44833333333333,67.23547619047619,3.188277777777778,0.0,37.0,85.0
2216,2020-07-13,35.417258064516126,64.08282258064517,7.954274193548388,0.0,37.0,85.0
2216,2020-07-14,35.21333333333334,60.69625,10.379986111111112,0.0,37.0,85.0
2216,2020-07-15,35.29960396039604,59.4270297029703,6.922584158415842,0.0,37.0,85.0
2216,2020-07-16,35.32295652173913,59.682521739130436,9.236234782608696,0.0,37.0,85.0
2216,2020-07-17,35.238067226890756,60.21672268907563,7.810050420168067,0.0,37.0,85.0
2216,2020-07-18,35.24271186440678,61.28872881355932,6.990101694915254,0.0,37.0,85.0
2216,2020-07-19,35.20302083333333,66.5915625,7.39878125,0.0,37.0,85.0
2216,2020-07-20,35.30542857142857,68.7195238095238,9.263828571428572,0.0,37.0,85.0
2216,2020-07-21,35.30346534653465,66.74653465346535,10.58660396039604,0.0,37.0,85.0
2216,2020-07-22,35.13961904761905,66.70971428571428,15.814838095238095,0.0,37.0,85.0
2216,2020-07-23,35.03871559633028,72.33128440366973,24.06523853211009,0.0,37.0,85.0
2216,2020-07-24,35.04877192982456,72.40701754385965,24.601315789473684,0.0,37.0,85.0
2216,2020-07-25,35.11649572649573,71.64273504273505,23.810136752136753,0.0,37.0,85.0
2216,2020-07-26,34.94826086956522,71.54282608695652,22.947934782608694,0.0,37.0,85.0
2216,2020-07-27,35.16255102040816,73.74948979591836,22.5655306122449,0.0,37.0,85.0
2216,2020-07-28,35.117999999999995,76.81234482758622,23.237310344827584,0.0,37.0,85.0
2216,2020-07-29,35.08109375,74.95645833333333,22.529395833333336,0.0,37.0,85.0
2216,2020-07-30,35.02318681318681,73.94758241758242,22.497494505494505,0.0,37.0,85.0
2216,2020-07-31,35.02645348837209,72.86110465116279,23.111232558139534,0.0,37.0,85.0
2216,2020-08-01,35.09222222222222,72.68066666666667,23.34932592592593,0.0,37.0,85.0
2216,2020-08-02,35.05041666666667,73.47791666666667,24.5283125,0.0,37.0,85.0
2216,2020-08-03,35.114525139664806,71.98340782122905,19.799480446927372,0.0,37.0,85.0
2216,2020-08-04,35.013375,72.375,11.22206875,0.0,37.0,85.0
2216,2020-08-05,34.827253521126764,75.81464788732394,10.872760563380282,0.0,37.0,85.0
2216,2020-08-06,34.85333333333333,70.28243589743589,10.137141025641025,0.0,37.0,85.0
2216,2020-08-07,35.0512925170068,67.87986394557824,11.718013605442177,0.0,37.0,85.0
2216,2020-08-08,35.06842105263158,67.10412280701755,12.8650350877193,0.0,37.0,85.0
2216,2020-08-09,35.05083870967742,65.10832258064517,13.202335483870968,0.0,37.0,85.0
2216,2020-08-10,35.00211267605634,65.86464788732395,14.584133802816902,0.0,37.0,85.0
2216,2020-08-11,35.13785046728972,65.2251401869159,13.794280373831777,0.0,37.0,85.0
2216,2020-08-12,34.901545454545456,65.10645454545454,10.13259090909091,0.0,37.0,85.0
2216,2020-08-13,35.03567741935484,64.08316129032258,9.392109677419356,0.0,37.0,85.0
2216,2020-08-14,34.859047619047615,61.88214285714285,10.820746031746031,0.0,37.0,85.0
2216,2020-08-15,34.83212962962963,60.70972222222222,11.049814814814814,0.0,37.0,85.0
2216,2020-08-16,34.97441666666667,63.11300000000001,13.051758333333334,0.0,37.0,85.0
2216,2020-08-17,34.81603773584906,64.41974842767296,14.372477987421385,0.0,37.0,85.0
2216,2020-08-18,34.75643410852713,62.366899224806204,9.127023255813953,0.0,37.0,85.0
2216,2020-08-19,34.679647887323945,59.593450704225354,8.321577464788732,0.0,37.0,85.0
2216,2020-08-20,34.854000000000006,61.653642857142856,9.463771428571429,0.0,37.0,85.0
2216,2020-08-21,34.775419354838704,61.552838709677424,12.325329032258065,0.0,37.0,85.0
2216,2020-08-22,34.764203821656054,62.80292993630573,14.161636942675159,0.0,37.0,85.0
2216,2020-08-23,34.67347305389222,65.32676646706587,17.669520958083833,0.0,37.0,85.0
2216,2020-08-24,34.80306358381503,64.78820809248555,16.9683063583815,0.0,37.0,85.0
2216,2020-08-25,34.77470967741935,64.03341935483871,15.999335483870967,0.0,37.0,85.0
2216,2020-08-26,34.43655737704918,60.34065573770492,9.682204918032788,0.0,37.0,85.0
2216,2020-08-27,34.231692307692306,61.143846153846155,11.425646153846154,0.0,37.0,85.0
2216,2020-08-28,34.24974358974359,61.45974358974359,16.41480341880342,0.0,37.0,85.0
2216,2020-08-29,33.811491228070174,63.89929824561404,16.440087719298248,0.0,37.0,85.0
2216,2020-08-30,33.77336134453782,60.46932773109244,8.004117647058823,0.0,37.0,85.0
2216,2020-08-31,33.919444444444444,62.33305555555556,9.397759259259258,0.0,37.0,85.0
2216,2020-09-01,34.25645161290323,63.67258064516129,18.145516129032256,0.0,37.0,85.0
2216,2020-09-02,34.11982608695652,62.516173913043474,17.20093043478261,0.0,37.0,85.0
2216,2020-09-03,33.96721649484536,61.46917525773196,7.013958762886598,0.0,37.0,85.0
2216,2020-09-04,34.365038759689924,60.77852713178295,14.700906976744186,0.0,37.0,85.0
2216,2020-09-05,34.0040625,62.341640625,12.4286015625,0.0,37.0,85.0
2216,2020-09-06,33.67607142857143,63.39214285714286,16.19819642857143,0.0,37.0,85.0
2216,2020-09-07,33.78140186915888,65.21476635514018,19.78992523364486,0.0,37.0,85.0
2216,2020-09-08,33.986846846846845,64.90162162162162,18.592513513513516,0.0,37.0,85.0
2216,2020-09-09,33.342898550724634,63.266304347826086,16.212391304347825,0.0,37.0,85.0
2216,2020-09-10,32.698933333333336,64.57533333333333,5.783733333333333,0.0,37.0,85.0
2216,2020-10-20,30.91,56.64,-8.822,0.0,37.0,85.0
2216,2020-11-04,4.346818181818182,77.87939393939394,8.28010606060606,0.0,37.0,85.0
2216,2020-11-05,12.329736842105262,72.11473684210526,1.723780701754386,0.0,37.0,85.0
